0.5,-0.00308967910033584,-3.09077193872466
0.502,-0.023832590616885,-3.10553421635318
0.504,-0.0411889608922268,-3.12056255991309
0.506,-0.05271879999186,-3.13676281572997
0.508,-0.0567989446514721,-3.15286945109313
0.51,-0.052851674163781,-3.16807368233427
0.512,-0.0414265935944549,-3.17904119364297
0.514,-0.0241241783841465,-3.18983723004917
0.516,-0.00337161834247492,-3.20098345075654
0.518,0.0179176435561751,-3.21231696727448
0.52,0.0367529097424832,-3.22353487702633
0.522,0.0504863446336991,-3.23462705623239
0.524,0.0571851844809489,-3.245170340077
0.526,0.0559037078587093,-3.2595892561391
0.528,0.046816698098227,-3.27492071132451
0.53,0.0311955581874259,-3.28887269874496
0.532,0.0112303382408479,-3.30519619272937
0.534,-0.0102774028216981,-3.32004095957635
0.536,-0.030307829171199,-3.33488133124178
0.538,-0.0460469472107418,-3.35020988515052
0.54,-0.0552820404796391,-3.365435309348
0.542,-0.0567128498820333,-3.38206880839817
0.544,-0.050134726879492,-3.39660913163118
0.546,-0.0364679625351474,-3.40717959453309
0.548,-0.0176290882206937,-3.41812836631237
0.55,0.00373785042274101,-3.42925864826723
0.552,0.0246323639547157,-3.4404018663188
0.554,0.0421188515567002,-3.45152780792183
0.556,0.0537390246277076,-3.46211215936718
0.558,0.0578574757625469,-3.47277067971022
0.56,0.0538918087221568,-3.48733869480545
0.562,0.0423949446104155,-3.50392359176334
0.564,0.0249779732664983,-3.51785896799456
0.566,0.00408430963754244,-3.53435453721584
0.568,-0.0173531741845161,-3.54906512412274
0.57,-0.0363239328852549,-3.56401572532638
0.572,-0.0501626234198176,-3.58104418404872
0.574,-0.0569236642327756,-3.59697130217872
0.576,-0.0556548444403191,-3.61360712912375
0.578,-0.0465314956092035,-3.62740982332591
0.58,-0.0308323220099561,-3.63795147552312
0.582,-0.0107602210188473,-3.64899586650622
0.584,0.0108667997476023,-3.66012198283929
0.586,0.0310112343016914,-3.67124840329791
0.588,0.0468426768753156,-3.68229940749705
0.59,0.0561354936114902,-3.69284049975547
0.592,0.0575816836005988,-3.70674041397862
0.594,0.050974951183533,-3.72132791007559
0.596,0.0372400827333984,-3.73772933484241
0.598,0.0183034430817505,-3.75280888868461
0.6,-0.00317726808288585,-3.7696537392784
0.602,-0.024186087840405,-3.78492697592506
0.604,-0.0417723183901686,-3.8015790381841
0.606,-0.0534650286721223,-3.81651316311237
0.608,-0.0576202981753142,-3.83291919609836
0.61,-0.0536524040835941,-3.84803082692564
0.612,-0.042116433900075,-3.85966830995466
0.614,-0.0246306739746124,-3.87020536170989
0.616,-0.00364962515388234,-3.88129888957609
0.618,0.0178805196648061,-3.89242357209753
0.62,0.0369355625028327,-3.90354081699191
0.622,0.0508380762814106,-3.91412123974496
0.624,0.0576335929103536,-3.92466524115762
0.626,0.0563653415060541,-3.93922193024677
0.628,0.0472089272195116,-3.95419971146873
0.63,0.0314479793096446,-3.97000695407483
0.632,0.0112941520406618,-3.98602260077438
0.634,-0.0104232809954952,-4.00301143152097
0.636,-0.0306546733190071,-4.01978022159363
0.638,-0.0465583099430818,-4.03665360435987
0.64,-0.055899617401523,-4.05236660315238
0.642,-0.0573651922956366,-4.06908686251874
0.644,-0.0507475180423353,-4.08367546666969
0.646,-0.0369743849965073,-4.09427762928648
0.648,-0.01797884747056,-4.10485344981501
0.65,0.00357205363972738,-4.11595865757434
0.652,0.0246517352176283,-4.12707956252637
0.654,0.0422991054358675,-4.13811247620054
0.656,0.0540344963662155,-4.14865270447694
0.658,0.0582080689505286,-4.15995400030483
0.66,0.054231733823475,-4.17452243037774
0.662,0.0426619888928943,-4.19105655105089
0.664,0.0251219996581319,-4.20610720899123
0.666,0.00407383416438861,-4.22251697338788
0.668,-0.0175271783525684,-4.2395962911616
0.67,-0.0366474524080252,-4.256694205758
0.672,-0.0506012259920097,-4.27134140282197
0.674,-0.0574278670340421,-4.28739640363452
0.676,-0.0561674058370235,-4.30395693516049
0.678,-0.046995565631416,-4.31837189435661
0.68,-0.0311992970254935,-4.32891529483145
0.682,-0.0109962254732965,-4.33967005466901
0.684,0.0107766604994472,-4.35078083142323
0.686,0.0310613721943445,-4.36188987361666
0.688,0.0470083992530015,-4.37253859977664
0.69,0.0563769824123213,-4.38307897521567
0.692,0.0578499487600425,-4.3973721277869
0.694,0.0512188794831048,-4.41195124845972
0.696,0.0374135693323761,-4.42849520140847
0.698,0.0183716213779182,-4.44246592742778
0.7,-0.00323353522951528,-4.45900612820265
0.702,-0.0243680291140001,-4.47605009542847
0.704,-0.0420636131354616,-4.49238019210489
0.706,-0.0538345839487832,-4.50781283286618
0.708,-0.05802698927167,-4.52423649731352
0.71,-0.0540510614648366,-4.53916873230734
0.712,-0.0424642131713469,-4.55178630440159
0.714,-0.0248929158939461,-4.5623268332687
0.716,-0.00380440864882138,-4.5732316970862
0.718,0.0178397175146467,-4.58433597751379
0.72,0.0369994201252023,-4.5953670894194
0.722,0.0509831843144734,-4.60590528268195
0.724,0.0578261059326727,-4.61644473082027
0.726,0.0565659699514202,-4.63100511210162
0.728,0.0473785311958574,-4.64593056685972
0.73,0.0315529793751282,-4.66201315264199
0.732,0.011311008805915,-4.67577931722536
0.734,-0.010505109012892,-4.69216852168873
0.736,-0.0308316550447359,-4.70886084826756
0.738,-0.0468137474371912,-4.72324393487437
0.74,-0.0562063470123113,-4.73913105710309
0.742,-0.0576896535293523,-4.75581164916971
0.744,-0.0510545841788852,-4.77040347169591
0.746,-0.0372322716550224,-4.78100894602516
0.748,-0.0181634134012673,-4.79154593538756
0.75,0.00347419374823484,-4.80255015958589
0.752,0.0246416748779676,-4.81363747074315
0.754,0.0423658569904408,-4.82436872997868
0.756,0.054156867571951,-4.83490983159717
0.758,0.0583578952381634,-4.84660867963912
0.76,0.0543779809521446,-4.86117698108055
0.762,0.042775128808102,-4.87760934168795
0.764,0.0251780502170572,-4.89346437628943
0.766,0.00405751416451585,-4.90711167292696
0.768,-0.0176205955694632,-4.92301349251923
0.77,-0.0368117971358908,-4.93812946154207
0.772,-0.0508206072153181,-4.95340918397397
0.774,-0.0576791605888699,-4.96936361504703
0.776,-0.0564236682035039,-4.98589972561347
0.778,-0.0472298747584083,-5.00035130388671
0.78,-0.0313884771618328,-5.01089337738888
0.782,-0.0111239436920916,-5.02148006690212
0.784,0.0107178355266777,-5.03254838345617
0.786,0.0310692053038805,-5.04360818497304
0.788,0.047071582146656,-5.0541512975706
0.79,0.0564769653363624,-5.06468997512918
0.792,0.0579637208942879,-5.07889169056654
0.794,0.051322282125707,-5.09347484223434
0.796,0.037484672412881,-5.10985345956593
0.798,0.0183936910055288,-5.12560563867186
0.8,-0.00326987772264498,-5.13947606857086
0.802,-0.0244637262291816,-5.15434791110186
0.804,-0.0422112907243437,-5.16871370547881
0.806,-0.0540198192795421,-5.18465957490106
0.808,-0.0582305149259441,-5.20084234907067
0.81,-0.0542515743325905,-5.21594150019415
0.812,-0.0426413822982079,-5.22815689997398
0.814,-0.0250301689580811,-5.23869778912952
0.816,-0.00389111321733084,-5.24956906169368
0.818,0.0178069586795082,-5.26066293013313
0.82,0.0370165105031082,-5.27165454602793
0.822,0.0510393225843536,-5.28219369148909
0.824,0.057905476427895,-5.29272688415404
0.826,0.0566500791134373,-5.30728117793098
0.828,0.0474488453159314,-5.32234478895146
0.83,0.0315934870422548,-5.33829123584234
0.832,0.0113103620254207,-5.35383025642115
0.834,-0.0105521627569893,-5.36803768713471
0.836,-0.0309237274884785,-5.38238364752614
0.838,-0.0469431992540552,-5.3977610863254
0.84,-0.0563605284389301,-5.41359091556603
0.842,-0.0578528037372004,-5.43009065620743
0.844,-0.0512101059411082,-5.44471558325333
0.846,-0.0373650508919819,-5.45528171097618
0.848,-0.018261867264403,-5.46581889151924
0.85,0.00341661752995755,-5.47685036177944
0.852,0.0246257401729547,-5.48794260663292
0.854,0.0423866031897586,-5.49869883898059
0.856,0.0542044653278675,-5.50924003927455
0.858,0.0584191494092766,-5.5204041873866
0.86,0.0544382546317979,-5.53497358903056
0.862,0.0428204106991173,-5.55149356499606
0.864,0.0251968739636806,-5.56733359181245
0.866,0.00404246888470324,-5.58264589767187
0.868,-0.0176719604203089,-5.59698949629055
0.87,-0.0368967796590904,-5.61155390917892
0.872,-0.0509318805580858,-5.62762786674767
0.874,-0.0578059228145502,-5.64347149428051
0.876,-0.0565532398448703,-5.66012629089248
0.878,-0.0473495100634108,-5.67435967348398
0.88,-0.0314871297067268,-5.68490132506355
0.882,-0.0111937438289783,-5.69555845612429
0.884,0.0106805845109332,-5.70666041916631
0.886,0.031063637912606,-5.71775526168372
0.888,0.047092526034518,-5.72832744497795
0.89,0.0565157828596313,-5.73886789173937
0.892,0.0580096065101226,-5.75240891614615
0.894,0.051363820431471,-5.76703383664156
0.896,0.0375114350643367,-5.78311958543725
0.898,0.0183976495367925,-5.79905118715441
0.9,-0.00329331155736586,-5.81413293721053
0.902,-0.0245151682981156,-5.82859893745322
0.904,-0.0422874183581413,-5.84409873979403
0.906,-0.0541139463221504,-5.86000357147336
0.908,-0.0583336168289348,-5.87595270066618
0.91,-0.0543536068149292,-5.89156005172405
0.912,-0.042732701702775,-5.90308655787119
0.914,-0.0251028533804745,-5.91362759746112
0.916,-0.00394000998624918,-5.9244515251387
0.918,0.0177836019420367,-5.93554242345953
0.92,0.0370169049318628,-5.94650638987141
0.922,0.0510584874944868,-5.95704614356626
0.924,0.0579360244116038,-5.96757473715139
0.926,0.056683307542605,-5.98210894325348
0.928,0.047475978982126,-5.99742452195217
0.93,0.0316068941442229,-6.01327131213379
0.932,0.0113045758335873,-6.02931661635871
0.934,-0.0105797516283226,-6.04427253642029
0.936,-0.0309725963169741,-6.05911406671488
0.938,-0.0470098568324735,-6.07519980812627
0.94,-0.0564390873461767,-6.09100548173046
0.942,-0.0579358656284648,-6.10723466163427
0.944,-0.0512898297190973,-6.12189064470607
0.946,-0.037434251425725,-6.13243908151233
0.948,-0.0183149906067161,-6.14297677056745
0.95,0.0033827739332348,-6.15399305540599
0.952,0.0246116536413626,-6.16508243663491
0.954,0.0423900394635672,-6.17580014015689
0.956,0.0542208679736096,-6.18634141873556
0.958,0.0584423382727231,-6.19715239885716
0.96,0.05446132854931,-6.21172469483229
0.962,0.0428367227404786,-6.22805976846093
0.964,0.0252009438891237,-6.24386324504096
0.966,0.00403070589568335,-6.25987163276428
0.968,-0.0177008169215954,-6.27495594465179
0.97,-0.0369415542837925,-6.29056453947466
0.972,-0.0509891975720721,-6.30662179019246
0.974,-0.0578707384295688,-6.32242739038471
0.976,-0.0566195896131727,-6.33894638627528
0.978,-0.0474113611627561,-6.35309335995574
0.98,-0.0315392184174804,-6.36363460604516
0.982,-0.0112322813382184,-6.37419497202916
0.984,0.0106574318801756,-6.38526384059435
0.986,0.0310555519199855,-6.39631930839917
0.988,0.0470971438344978,-6.40685982834653
0.99,0.0565290839186757,-6.4174004041273
0.992,0.0580265175816349,-6.43029500752514
0.994,0.0513789490576056,-6.44494979995717
0.996,0.0375198234044051,-6.46086272228215
0.998,0.018395448373976,-6.47672396944935
1,-0.00330834406668604,-6.49265007130529
1.002,-0.0245434046275137,-6.50808874359059
1.004,-0.0423273645643038,-6.52421475156285
1.006,-0.0541625048811068,-6.54007680663021
1.008,-0.0583865626031294,-6.55592095398216
1.01,-0.054406204715945,-6.57159986007079
1.012,-0.042780378565288,-6.58281481335758
1.014,-0.0251418251864353,-6.59335612701699
1.016,-0.0039677811963373,-6.60399286451581
1.018,0.0177679288289004,-6.61502977664407
1.02,0.03701255351032,-6.62584473665568
1.022,0.0510631636797019,-6.63638536946357
1.024,0.0579462780731082,-6.64691397833169
1.026,0.0566950445773471,-6.66141352375061
1.028,0.0474850457273195,-6.67671243903403
1.03,0.0316096544407133,-6.69251578587727
1.032,0.011298397807003,-6.70855071486549
1.034,-0.0105961621385216,-6.72431422061137
1.036,-0.0309990546221389,-6.74002270351157
1.038,-0.0470447701273068,-6.75617002157188
1.04,-0.0564797167964416,-6.77196023331487
1.042,-0.057978738842205,-6.78795614232663
1.044,-0.0513312436100614,-6.80259535170484
1.046,-0.0374707918756269,-6.81313491568811
1.048,-0.0183439951878172,-6.82367503483566
1.05,0.00336286838700363,-6.83451841086236
1.052,0.0246011266991728,-6.84553923311099
1.054,0.0423878881492769,-6.85612058598013
1.056,0.0542249813349615,-6.86666196000297
1.058,0.0584498227630139,-6.87737045814266
1.06,0.0544689303012235,-6.89194903454235
1.062,0.042841289679164,-6.90800820110051
1.064,0.025199857579083,-6.92379682065315
1.066,0.00402222789198678,-6.93992297854
1.068,-0.0177173298408268,-6.95576648568251
1.07,-0.0369655958903347,-6.97184484380041
1.072,-0.0510192137798991,-6.98781329753928
1.074,-0.0579043750088161,-7.00360092105323
1.076,-0.0566540417422782,-7.01984998876905
1.078,-0.047443773815412,-7.03387652654937
1.08,-0.0315670846575222,-7.04441733246072
1.082,-0.0112537775621579,-7.05495414584172
1.084,0.0106432124796881,-7.0659061848135
1.086,0.031048501070169,-7.07683972426231
1.088,0.0470961841418423,-7.08737689128669
1.09,0.0565323448440134,-7.09791750889013
1.092,0.0580316183688518,-7.11016606400607
1.094,0.0513833423474889,-7.12485696394705
1.096,0.0375211532370194,-7.14068403222436
1.098,0.018391869535201,-7.15650944981253
1.1,-0.00331792598383465,-7.17263540826012
1.102,-0.0245592031047808,-7.1886526495467
1.104,-0.0423487102656812,-7.20485886621281
1.106,-0.0541879636302947,-7.22068647875275
1.108,-0.0584141569970175,-7.23648616404187
1.11,-0.0544337039276262,-7.25206959401075
1.112,-0.0428056136093048,-7.26304855786794
1.114,-0.025162988649494,-7.27358997446555
1.116,-0.00398366720001498,-7.28414380818921
1.118,0.0177577777632843,-7.29507650352429
1.12,0.0370078027879335,-7.30574527776838
1.122,0.0510627571058034,-7.31628636126227
1.124,0.0579486060110566,-7.32681731380517
1.126,0.0566981814314697,-7.34123216142489
1.128,0.0474870258940324,-7.3565174754457
1.13,0.031608745278001,-7.3723022293081
1.132,0.011293332583168,-7.38827277402006
1.134,-0.0106060226135464,-7.4043583400323
1.136,-0.0310136530668457,-7.42044160274413
1.138,-0.0470633809367298,-7.43655465048512
1.14,-0.0565010665636831,-7.45233862442331
1.142,-0.0580011985486091,-7.46819415131122
1.144,-0.0513530648180481,-7.48284389510136
1.146,-0.0374903525417794,-7.49337869887123
1.148,-0.0183600199982187,-7.5039198537971
1.15,0.0033511412375573,-7.51455139971827
1.152,0.0245938555172538,-7.52541427499988
1.154,0.0423846235931626,-7.535953847643
1.156,0.0542247459036516,-7.54649527535696
1.158,0.058451261700043,-7.5571385136435
1.16,0.0544705102859407,-7.57173803981583
1.162,0.0428415164081469,-7.58758096129213
1.164,0.0251974803094674,-7.60336328813366
1.166,0.00401640555563842,-7.61948435131672
1.168,-0.0177269240382329,-7.63557869681351
1.17,-0.036978745004018,-7.65174266789291
1.172,-0.0510352037149027,-7.66764564856001
1.174,-0.057922107378561,-7.68342588559843
1.176,-0.0566721977947384,-7.69937000806229
1.178,-0.0474610036811223,-7.71317231018527
1.18,-0.0315821935580556,-7.72371269927171
1.182,-0.0112658892381672,-7.73425252706813
1.184,0.0106345455440283,-7.74493231976537
1.186,0.0310432486598375,-7.7556047939094
1.188,0.0470938546936389,-7.76614475451655
1.19,0.0565320686224842,-7.77668538308139
1.192,0.0580322781862054,-7.78845812769004
1.194,0.0513837355877032,-7.80322808165728
1.196,0.0375201600371561,-7.81901980262498
1.198,0.0183886061877562,-7.83482932796818
1.2,-0.00332399262991466,-7.85098829201835
1.202,-0.0245681925079353,-7.86712096263034
1.204,-0.0423603230897743,-7.88330116121807
1.206,-0.0542015365218058,-7.89910347311684
1.208,-0.0584287645617031,-7.9148870164227
1.21,-0.0544482952962655,-7.93018910762403
1.212,-0.0428191613736429,-7.94108144066497
1.214,-0.0251746298699154,-7.95162293835878
1.216,-0.00399281829707423,-7.96215980326679
1.218,0.017751347577842,-7.97287040070385
1.22,0.0370039512082423,-7.98342449542387
1.222,0.0510609987845331,-7.99396587294857
1.224,0.057948189466775,-8.00449871467048
1.226,0.0566982009675211,-8.01874712119291
1.228,0.0474865513266634,-8.03384732991429
1.23,0.0316069517885519,-8.04962605579036
1.232,0.0112896110499737,-8.06554962498188
1.234,-0.0106119877498578,-8.08170269722063
1.236,-0.0310218485439872,-8.09785911821811
1.238,-0.0470734769201405,-8.11392155622809
1.24,-0.0565124711708547,-8.12970194892436
1.242,-0.0580131480316558,-8.14549954305405
1.244,-0.0513647338727361,-8.16021206965016
1.246,-0.0375009704136992,-8.17074581174168
1.248,-0.0183689763963301,-8.18128729171645
1.25,0.00334421683272518,-8.19183102828606
1.252,0.0245890506519977,-8.20248491780771
1.254,0.0423817373475574,-8.21302234849646
1.256,0.0542233255237198,-8.22356383763699
1.258,0.0584506738951803,-8.23415711020963
1.26,0.0544700327032305,-8.24882292916521
1.262,0.0428404400790971,-8.26453106061226
1.264,0.025195208461202,-8.28031099320026
1.266,0.00401253138344063,-8.29640845809491
1.268,-0.0177325658081632,-8.31255768654179
1.27,-0.0369860624670337,-8.32872965116936
1.272,-0.0510438691335254,-8.34460008508875
1.274,-0.0579316082010459,-8.36037754970671
1.276,-0.0566819142129214,-8.37608251053189
1.278,-0.0474702973214865,-8.38954570446874
1.28,-0.0315904963437872,-8.40008608910735
1.282,-0.0112727795131997,-8.41062738574102
1.284,0.0106292882174709,-8.42116939807149
1.286,0.0310396192325696,-8.43171362320174
1.288,0.0470916297622714,-8.44225472290477
1.29,0.056530843912968,-8.45279562863469
1.292,0.0580315297701895,-8.46423160447727
1.294,0.051382895171446,-8.47905474295552
1.296,0.0375186961837111,-8.49483153305331
1.298,0.0183860952682093,-8.51063359154215
1.3,-0.00332781008872752,-8.52679666929356
1.302,-0.0245733809207964,-8.54295398464907
1.304,-0.042366749920822,-8.55911483119633
1.306,-0.054208895178254,-8.57490780354499
1.308,-0.0584366221490871,-8.59068581290984
1.31,-0.0544561565796933,-8.60566451945442
1.312,-0.042826539681865,-8.61654863797675
1.314,-0.0251811136095833,-8.62709039765437
1.316,-0.00399812507908928,-8.63763066617179
1.318,0.0177473336000639,-8.64818132883696
1.32,0.0370011697312757,-8.65871818565367
1.322,0.0510592271801269,-8.66925968599732
1.324,0.057947076946043,-8.67979529537489
1.326,0.0566973218298189,-8.69375765039657
1.328,0.04748546601682,-8.70865684442745
1.33,0.0316052674634152,-8.72443370240672
1.332,0.011287034783414,-8.74033595634283
1.334,-0.0106156114090294,-8.75650284034508
1.336,-0.0310265203288011,-8.77267007003995
1.338,-0.0470790468097311,-8.78870814828246
1.34,-0.056518664056781,-8.80448674711801
1.342,-0.058019606101724,-8.82026106584144
1.344,-0.0513710676533562,-8.83502674889381
1.346,-0.0375068142304407,-8.84556811478198
1.348,-0.0183740379487643,-8.85610979408286
1.35,0.00334011827055091,-8.86664804217667
1.352,0.0245859612815091,-8.87719211232245
1.354,0.0423795677084894,-8.8877319446891
1.356,0.0542218672011313,-8.89827359099305
1.358,0.0584496297479382,-8.90883852661749
1.36,0.0544690625553381,-8.92361778458387
1.362,0.0428392082858326,-8.93921236731924
1.364,0.0251934292636739,-8.95499145529894
1.366,0.00401000939323349,-8.97107496275688
1.368,-0.0177359138107902,-8.9872386658134
1.37,-0.0369901990162953,-9.00341137242693
1.372,-0.0510486432443089,-9.01927348416019
1.374,-0.0579367811422623,-9.03505008903747
1.376,-0.0566871947499304,-9.05052536761573
1.378,-0.0474753836099201,-9.06359604274055
1.38,-0.0315951178770324,-9.07413925088592
1.382,-0.011276733919011,-9.08468081700552
1.384,0.0106261090682763,-9.09521944372802
1.386,0.0310372171366556,-9.10575709304744
1.388,0.047089903241925,-9.11629851708816
1.39,0.0565296054455844,-9.12684029005465
1.392,0.0580305337101073,-9.13813340714319
1.394,0.0513818735548755,-9.15289430221744
1.396,0.0375173962368918,-9.16865990557086
1.398,0.0183843142189986,-9.18446047870116
1.4,-0.00333019822922951,-9.20062510691882
1.402,-0.0245764113573918,-9.2167882486059
1.404,-0.0423703629589864,-9.23294580566693
1.406,-0.0542129490633314,-9.24873735699743
1.408,-0.0584409152828506,-9.26451315198642
1.41,-0.0544604558932472,-9.27929757799934
1.412,-0.04283061438834,-9.29030289919922
1.414,-0.0251847671410366,-9.30084577578274
1.416,-0.0040012221186624,-9.31138720418284
1.418,0.0177448521824477,-9.32192571554515
1.42,0.0369992791099903,-9.33246588396459
1.422,0.0510578243660218,-9.3430075220689
1.424,0.05794599853109,-9.35354687387368
1.426,0.0566963679063541,-9.36724170123694
1.428,0.0474844283562085,-9.38200748385337
1.43,0.0316039594490824,-9.3977835036263
1.432,0.011285315503837,-9.41368612981474
1.434,-0.0106178185866859,-9.42985570178151
1.436,-0.0310292181369083,-9.44602326302287
1.438,-0.0470821679245255,-9.46206532756037
1.44,-0.056522081115988,-9.47784334095278
1.442,-0.058023150642899,-9.49358986148977
1.444,-0.0513745562440799,-9.50827181703455
1.446,-0.0375100732973396,-9.5188488694518
1.448,-0.0183769277037137,-9.52939106024113
1.45,0.00333768546183828,-9.53993220733475
1.452,0.024584010140874,-9.5504713581093
1.454,0.0423780587623394,-9.56101264768031
1.456,0.0542207036767397,-9.57155476732205
1.458,0.0584486727646376,-9.5821821722973
1.46,0.0544681519900207,-9.59694851563983
1.462,0.0428381848560306,-9.61221811050396
1.464,0.0251921573753286,-9.6279972341377
1.466,0.00400839407201558,-9.64408803705939
1.468,-0.0177379148603304,-9.66025393343439
1.47,-0.0369925695402913,-9.67642520136323
1.472,-0.0510513139474301,-9.69229260195992
1.474,-0.0579396415549705,-9.70806887529811
1.476,-0.0566901082648975,-9.72313491896185
1.478,-0.0474782068964221,-9.73605312263618
1.48,-0.0315977226019326,-9.74660583930228
1.482,-0.0112790229234521,-9.75714765195588
1.484,0.0106241892734631,-9.76768891088849
1.486,0.0310356691136249,-9.77823000120953
1.488,0.0470886814728545,-9.78877162049203
1.49,0.0565286223850981,-9.79931470830418
1.492,0.0580296737968485,-9.81074320177182
1.494,0.0513810106699635,-9.82546177218043
1.496,0.0375164103770866,-9.84117006264743
1.498,0.0183831087084746,-9.85697372074293
1.5,-0.00333168505168795,-9.87314193630048
1.502,-0.0245781976730469,-9.88930565658242
1.504,-0.042372423036793,-9.90546827764882
1.506,-0.0542152174468082,-9.92126214591647
1.508,-0.0584432970820911,-9.93703235201399
1.51,-0.0544628414809552,-9.95174486802885
1.512,-0.0428328948231163,-9.96313823905927
1.514,-0.0251868486259895,-9.97368414397859
1.516,-0.0040030391024057,-9.98422581748279
1.518,0.0177433283609823,-9.99476721735025
1.52,0.036998038554428,-10.0053087266803
1.522,0.0510568204291404,-10.0158505891424
1.524,0.0579451549354945,-10.0263892747724
1.526,0.0566955903657701,-10.0401912460966
1.528,0.0474836187799585,-10.0548970037588
1.53,0.0316030284104591,-10.0706685141946
1.532,0.0112841958079487,-10.0865942217735
1.534,-0.010619164320602,-10.1027632558273
1.536,-0.0310307934031621,-10.1189292954537
1.538,-0.0470839414976326,-10.1350010718783
1.54,-0.0565239940986725,-10.150779397994
1.542,-0.0580251248000741,-10.1662569125268
1.544,-0.0513765045683361,-10.180884052142
1.546,-0.0375119133752024,-10.1915821307046
1.548,-0.0183785931154941,-10.2021255256936
1.55,0.00333623747162706,-10.2126671448915
1.552,0.0245827927085647,-10.2232086318002
1.554,0.042377054114142,-10.2337502494048
1.556,0.0542198673027194,-10.2442930621537
1.558,0.0584479398898095,-10.2552944797832
1.56,0.0544674470606279,-10.2700202307221
1.562,0.0428374325323125,-10.2848021051973
1.564,0.0251912928629516,-10.3005816897586
1.566,0.00400737141478876,-10.3167022108053
1.568,-0.0177391163267336,-10.3328664378659
1.57,-0.0369939437117866,-10.3490364676794
1.572,-0.0510528298456921,-10.3649305465815
1.574,-0.0579412468741253,-10.3807053753298
1.576,-0.0566917384150014,-10.3954448780894
1.578,-0.0474797945752313,-10.4083585600051
1.58,-0.0315992068655621,-10.4189281975781
1.582,-0.0112803576519878,-10.4294705033395
1.584,0.0106230304402743,-10.4400120997533
1.586,0.0310346890096043,-10.4505536671001
1.588,0.0470878592231715,-10.4610954554209
1.59,0.0565279174380971,-10.4716376111074
1.592,0.0580290320017447,-10.4832987045827
1.594,0.051380371861814,-10.4980029364126
1.596,0.0375157181018368,-10.5133384433474
1.598,0.0183823167294403,-10.5291463103833
1.6,-0.0033326069701784,-10.5453168054316
1.602,-0.0245792584797632,-10.5614805886994
1.604,-0.0423736117323659,-10.5776476240213
1.606,-0.0542165040157199,-10.5934448242481
1.608,-0.0584446371067401,-10.6091595600147
1.61,-0.0544641836416144,-10.6238569678844
1.612,-0.0428341870487257,-10.6356252839506
1.614,-0.0251880466382295,-10.6461776157426
1.616,-0.00400411118353867,-10.6567195511885
1.618,0.0177423969341911,-10.667261148732
1.62,0.0369972435126712,-10.677802775257
1.622,0.0510561402381072,-10.6883451127176
1.624,0.057944554213099,-10.6989829951566
1.626,0.0566950247589837,-10.7128046041099
1.628,0.0474830417552882,-10.7275017751584
1.63,0.0316023980171458,-10.7432275004368
1.632,0.0112834790319413,-10.7591715505669
1.634,-0.0106199852835394,-10.7753399373074
1.636,-0.0310317208823752,-10.7915053598023
1.638,-0.047084962173271,-10.8075993629771
1.64,-0.0565250799428787,-10.823377855027
1.642,-0.0580262389210211,-10.8382750126963
1.644,-0.0513776069557855,-10.8528775270864
1.646,-0.037512964517311,-10.8639764584375
1.648,-0.0183795605830502,-10.8745226509909
1.65,0.00333537390524437,-10.8850644542091
1.652,0.0245820396163791,-10.8956060763514
1.654,0.0423764039832005,-10.9061478536172
1.656,0.0542192991729896,-10.9166919094721
1.658,0.0584474236458787,-10.927984851047
1.66,0.0544669474462031,-10.9426778562835
1.662,0.042836913582524,-10.9573845699325
1.664,0.0251907233275233,-10.9731602255772
1.666,0.00400672973867297,-10.9892933626941
1.668,-0.0177398404881955,-11.0054574212938
1.67,-0.0369947486263664,-11.0216268416529
1.672,-0.0510537002908622,-11.0375380798263
1.674,-0.0579421589144842,-11.0532980826128
1.676,-0.0566926620637743,-11.0679987983154
1.678,-0.0474806984405088,-11.0808000714019
1.68,-0.0316000616373035,-11.091434015672
1.682,-0.0112811403869615,-11.1019776663158
1.684,0.0106223319670083,-11.1125194144621
1.686,0.0310340764188697,-11.123061092491
1.688,0.0470873229752272,-11.1336033305093
1.69,0.0565274386807136,-11.1441484108429
1.692,0.0580285855753077,-11.1560525140288
1.694,0.0513799299287266,-11.1707505516387
1.696,0.0375152536139957,-11.1856340932218
1.698,0.0183818071236805,-11.2014442362964
1.7,-0.00333317600333337,-11.2176155939969
1.702,-0.0245798920527233,-11.2337797341884
1.704,-0.0423743047216756,-11.2499486678522
1.706,-0.0542172425293956,-11.2657481646027
1.708,-0.0584454007168323,-11.2811237920005
1.71,-0.0544649477710695,-11.2958174179466
1.712,-0.0428349273666669,-11.3077791499816
1.714,-0.0251887420078309,-11.3183496238831
1.716,-0.0040047464329897,-11.3288922714634
1.718,0.0177418293864193,-11.339434011899
1.72,0.0369967419226907,-11.3499758224786
1.722,0.0510556945575282,-11.3605195012072
1.724,0.0579441479432248,-11.3714346655916
1.726,0.0566946375697413,-11.3850863556255
1.728,0.0474826512718986,-11.3997819549785
1.73,0.0316019839050525,-11.4152433283032
1.732,0.0112830262279165,-11.4311919432235
1.734,-0.0106204863322881,-11.4473603394404
1.736,-0.0310322709745879,-11.4635259121423
1.738,-0.047085555255591,-11.4796283313523
1.74,-0.0565257038208976,-11.495404552452
1.742,-0.0580268760475188,-11.5101320346489
1.744,-0.0513782373420693,-11.5247112513482
1.746,-0.0375135706632692,-11.5362787904743
1.748,-0.018380127084269,-11.5468319668291
1.75,0.0033348571672997,-11.557374207297
1.752,0.0245815761066735,-11.5679159905683
1.754,0.0423759904923719,-11.5784581604039
1.756,0.0542189262647494,-11.5890044885914
1.758,0.0584470769938782,-11.6005536115571
1.76,0.0544666102159903,-11.6152269765338
1.762,0.042836568965363,-11.6299239282033
1.764,0.0251903564748237,-11.6456681651618
1.766,0.00400633008224213,-11.6618041355931
1.768,-0.0177402783317069,-11.6779685277042
1.77,-0.0369952232421221,-11.6941377881567
1.772,-0.0510542054136313,-11.7100571853566
1.774,-0.0579426834917967,-11.7256840114524
1.776,-0.0566931919576846,-11.7403798686812
1.778,-0.0474812185723277,-11.7530690898746
1.78,-0.0316005579184664,-11.7639370285665
1.782,-0.0112816024642673,-11.7744841161679
1.784,0.0106219101504105,-11.7850262309278
1.786,0.0310336964239574,-11.7955681624382
1.788,0.0470869803813354,-11.8061115255843
1.79,0.0565271247146111,-11.8167022291158
1.792,0.0580282880365721,-11.8287327321309
1.794,0.051379635779833,-11.8434283873206
1.796,0.0375149501499975,-11.8581596081386
1.798,0.0183814835628814,-11.8739683599683
1.8,-0.00333352653704858,-11.8901400019458
1.802,-0.0245802723286856,-11.9063043913007
1.804,-0.0423747121383989,-11.9224741840192
1.806,-0.0542176708143683,-11.938274816609
1.808,-0.0584458402536207,-11.9531534194729
1.81,-0.0544653877089183,-11.9678457429818
1.812,-0.0428353559285583,-11.979850511309
1.814,-0.0251891484675604,-11.9904663272314
1.816,-0.00400512425975205,-12.0010107429029
1.818,0.0177414842022668,-12.0115528292401
1.82,0.0369964288987085,-12.0220950939314
1.822,0.0510554086399615,-12.0326417723726
1.824,0.0579438819320959,-12.043888554303
1.826,0.0566943813237789,-12.0573721284432
1.828,0.047482394698785,-12.0720672991334
1.83,0.0316017176532646,-12.0870484933028
1.832,0.0112827425042131,-12.1029949568623
1.834,-0.0106207915969862,-12.1191636020832
1.836,-0.0310325993104687,-12.1353294821349
1.838,-0.04708590362435,-12.1514336807151
1.84,-0.0565260657267157,-12.1671890391909
1.842,-0.0580272438107994,-12.1818889932738
1.844,-0.0513786022529277,-12.1964498562382
1.846,-0.0375139234842127,-12.208307725797
1.848,-0.0183804604764764,-12.2188770642854
1.85,0.00333454769371837,-12.229420360553
1.852,0.0245812923361103,-12.239962530107
1.854,0.0423757310723657,-12.2505056321816
1.856,0.0542186866313653,-12.2610576942324
1.858,0.0584468505783205,-12.2728532270197
1.86,0.054466389289022,-12.2875168946797
1.862,0.0428363454644424,-12.3022122351717
1.864,0.0251901232081478,-12.3177562118969
1.866,0.00400608231412971,-12.3338886337081
1.868,-0.0177405432354906,-12.3500534554335
1.87,-0.0369955051696357,-12.3662228185614
1.872,-0.0510545012335138,-12.3821436926381
1.874,-0.0579429889834119,-12.397272264664
1.876,-0.056693498445036,-12.4119673546468
1.878,-0.0474815206901086,-12.4245893065269
1.88,-0.0316008486043373,-12.4359320747196
1.882,-0.0112818758474078,-12.4464869292031
1.884,0.0106216549498943,-12.4570298898885
1.886,0.0310334639998963,-12.4675724047931
1.888,0.0470867624965352,-12.4781181956076
1.89,0.0565269242283974,-12.4889445405572
1.892,0.0580280946889607,-12.5009946488696
1.894,0.0513794441138339,-12.5156893488941
1.896,0.0375147596060394,-12.5303910496904
1.898,0.0183812742492817,-12.5461819222259
1.9,-0.00333373338844855,-12.5623531704994
1.902,-0.0245805089153358,-12.5785180027372
1.904,-0.0423749478626689,-12.5946875267416
1.906,-0.0542179209834464,-12.6104827407021
1.908,-0.0584461070071372,-12.6252054633691
1.91,-0.0544656207338574,-12.6398974495683
1.912,-0.0428356399626788,-12.6518997353217
1.914,-0.025189347420227,-12.6626545107686
1.916,-0.0040053862313432,-12.6732028123108
1.918,0.0177412921476643,-12.6837456738833
1.92,0.0369962546969575,-12.6942889431477
1.922,0.0510551548564074,-12.7048407677326
1.924,0.057943844969328,-12.7163747673314
1.926,0.0566940332861521,-12.729755547807
1.928,0.0474824288788286,-12.7444505841142
1.93,0.0316013957716789,-12.7592068110268
1.932,0.0112825912160857,-12.7751417259669
1.934,-0.0106207879124432,-12.7913107564768
1.936,-0.031033265797438,-12.807477034723
1.938,-0.0470853536263442,-12.8235780278582
1.94,-0.0565272260935497,-12.8391502079118
1.942,-0.058026533465366,-12.8538459687168
1.944,-0.0513793730853723,-12.8683948768633
1.946,-0.03751436131243,-12.8803577154337
1.948,-0.018379235174102,-12.8909597290852
1.95,0.00333151881014276,-12.9015052815906
1.952,0.0245852470890929,-12.9120482898324
1.954,0.0423708302422882,-12.9225932947391
1.956,0.0542225828161836,-12.9331942402907
1.958,0.0584452077760341,-12.9451309270244
1.96,0.0544631031023752,-12.9597899376484
1.962,0.0428457268635367,-12.9744849906196
1.964,0.0251735222397761,-12.9895689133873
1.966,0.00402776521175312,-13.0056884684007
1.968,-0.017763505334326,-13.0218540624666
1.97,-0.0369794340220071,-13.0380238952697
1.972,-0.0510543907485308,-13.0539336111722
1.974,-0.0579701864882433,-13.0687271991341
1.976,-0.0566334442189293,-13.0834221497311
1.978,-0.0475729612681706,-13.0959965526443
1.98,-0.0314927002644124,-13.1077361229059
1.982,-0.0113786429982165,-13.1183071574109
1.984,0.0106765035088256,-13.1288520072745
1.986,0.0310470172624344,-13.1393957798618
1.988,0.0469584003201058,-13.1499463212947
1.99,0.0569662192414978,-13.1611455604302
1.992,0.0575617445469091,-13.1731829619535
1.994,0.0524557482533096,-13.187877276252
1.996,0.0366473824325154,-13.2025734985222
1.998,0.0186936348760499,-13.218299006687
2,0.0136396486973943,-13.2344662724969
