0.002,1.84469592725357e-05,1.84469592725357e-05
0.004,8.97754266412612e-05,9.66796213294442e-05
0.006,0.000342887560545289,0.000349800491967841
0.008,0.000932994157679699,0.000917526962861442
0.01,0.00199688113919134,0.00192272897776963
0.012,0.00360103745639768,0.00342512867012071
0.014,0.00570386882361856,0.0053848834213927
0.016,0.0081337043171806,0.00764507342030145
0.018,0.0105993058733274,0.00993856762157359
0.02,0.0127232208056058,0.0119201744503704
0.022,0.0141018535746778,0.0132200351006627
0.024,0.0143776440899984,0.0135097838211267
0.026,0.0133127447302033,0.0125699989259861
0.028,0.0108506604153182,0.0103463021756454
0.03,0.00715153257112214,0.00698265256932981
0.032,0.00259443052768982,0.00282359612750037
0.034,-0.00225892795851374,-0.00161785601715845
0.036,-0.0067346693626659,-0.00572428212355671
0.038,-0.0101432277479382,-0.00886172512479518
0.04,-0.0118874822109691,-0.0104786301646502
0.042,-0.0115653482058913,-0.0102003496703321
0.044,-0.00904999093474451,-0.00790339291453949
0.046,-0.00453253857870659,-0.00375588286286185
0.048,0.00148182952063269,0.00178469187978894
0.05,0.00822721611098612,0.00801901609981443
0.052,0.0147744448895544,0.0140942796700007
0.054,0.0201601050023867,0.0191220752406954
0.056,0.0235290800009064,0.0223093431330864
0.058,0.0242692040921915,0.0230829019993656
0.06,0.022116984541382,0.0211880702520657
0.062,0.0172165938408948,0.0167448907115583
0.064,0.0101207762053933,0.010251175376735
0.066,0.00173062465703834,0.00252921041434171
0.068,-0.00681961481341485,-0.00537859759002195
0.07,-0.0143179107181342,-0.0123518650156689
0.072,-0.0196485095318955,-0.0173526008594419
0.074,-0.0219594686366662,-0.0195806646690024
0.076,-0.0207984378149153,-0.0186009622402833
0.078,-0.0161952260894524,-0.0144223293894226
0.08,-0.00867683699647116,-0.00751449091329851
0.082,0.000789799817937262,0.00124181046411296
0.084,0.0109216059247506,0.0106666756201157
0.086,0.0202937762040108,0.0194407075986045
0.088,0.0275409675751213,0.0262907215346614
0.09,0.031556643109796,0.0301751914729672
0.092,0.0316613339657075,0.0304423034989646
0.094,0.02771425294525,0.0269366518798551
0.096,0.0201502468230467,0.0200374099767498
0.098,0.00993449043851199,0.0106203266373108
0.1,-0.00156085306780049,-5.31892586943007e-05
0.102,-0.0127422681364648,-0.0105058991811354
0.104,-0.0220175769238269,-0.0192505102272518
0.106,-0.0280243810645003,-0.0250025755332998
0.108,-0.0298313332823659,-0.0268699087016647
0.11,-0.0270824424269954,-0.0244905285418435
0.112,-0.0200621740468239,-0.0180979169744271
0.114,-0.00967006599953853,-0.00850238637288922
0.116,0.00269357713276831,0.00301077377426626
0.118,0.015316441724056,0.014853655259165
0.12,0.0264118843615218,0.0253554095277303
0.122,0.0343723817714201,0.0329987221730505
0.124,0.0380026534722157,0.0366394813521048
0.126,0.0366985554948084,0.0356777523738337
0.128,0.0305449841671098,0.0301545242874196
0.13,0.0203171778407286,0.0207588572722662
0.132,0.00738339461094601,0.00874263472413494
0.134,-0.00647891081507843,-0.00424666067660565
0.136,-0.019328657014596,-0.0163927677066837
0.138,-0.0293343983061315,-0.0259657275356968
0.14,-0.0350366697489138,-0.0315692762643764
0.142,-0.0355617324139515,-0.0323450719176777
0.144,-0.0307553769102186,-0.0281038504131846
0.146,-0.021216386443589,-0.0193635589218082
0.148,-0.0082233115383598,-0.00728749080524053
0.15,0.00643663979103745,0.00647037216747627
0.152,0.0207136646686081,0.0199922341849844
0.154,0.0325823963874163,0.0313643708092666
0.156,0.0403295969907875,0.0389484956706476
0.158,0.0428015298672878,0.0416180278062796
0.16,0.0395752357903031,0.0389251265941395
0.162,0.03102830496525,0.0311737469669516
0.164,0.0182958761111064,0.0193870159462794
0.166,0.00311952693818127,0.00517212562802944
0.168,-0.0123918250314553,-0.00949942693518117
0.17,-0.0260561032221972,-0.0225661400129578
0.172,-0.0359261968401056,-0.032167088456018
0.174,-0.0405684150223429,-0.0369077305277368
0.176,-0.0392713735856283,-0.03606290237999
0.178,-0.0321548608159245,-0.0296874320977478
0.18,-0.0201621103162519,-0.0186175834679284
0.182,-0.00493530607383153,-0.00436185442213747
0.184,0.0114092693978165,0.0111046468630423
0.186,0.0265755981202978,0.0256141753325095
0.188,0.0384107674181661,0.0371105889731211
0.19,0.0452108022320753,0.0439410675423607
0.192,0.0459659608491661,0.0450938473482083
0.194,0.0405101464755842,0.0403477373236185
0.196,0.029552348446473,0.0303113441670376
0.198,0.0145845600237924,0.0163453511381402
0.2,-0.00232191348610546,0.000377706853130051
0.202,-0.0188039073422915,-0.0153631482842701
0.204,-0.0325376485620136,-0.0286600401387551
0.206,-0.0415672903601091,-0.0376201103654247
0.208,-0.0445842012205461,-0.0409448838620464
0.21,-0.0411170773343004,-0.0381187713978276
0.212,-0.0316052555374886,-0.0294886337793277
0.214,-0.0173439172102504,-0.016222218369446
0.216,-0.000307930768717084,-0.000150318348930114
0.218,0.0171216836229174,0.016486001065459
0.22,0.032490728489545,0.0313481598587412
0.222,0.0436176015654967,0.0423290887997714
0.224,0.0489030760511227,0.0478521626118101
0.226,0.0475600529243952,0.0470975761189657
0.228,0.0397302463566673,0.0401236342283265
0.23,0.0264705356924533,0.0278650391317078
0.232,0.0096100386492458,0.0120075126647157
0.234,-0.00850276983912427,-0.00524443556219237
0.236,-0.0253278816444593,-0.0214745646428134
0.238,-0.0384907010652367,-0.0343939581166347
0.24,-0.0461178866184931,-0.0421644390340436
0.242,-0.0471045344182978,-0.0436605922830521
0.244,-0.0412745608782261,-0.0386330096139284
0.246,-0.0294110094711146,-0.027749078442094
0.248,-0.0131512404885697,-0.0125047750865623
0.25,0.00523898003311567,0.00498090539887146
0.252,0.0231812848216655,0.0222606099661311
0.254,0.0381463444736629,0.0369013578476676
0.256,0.0480105525293806,0.0468272887153336
0.258,0.0513574059062894,0.0506140912280215
0.26,0.0476807735840809,0.0476933127527213
0.262,0.0374608654353748,0.0384372284396953
0.264,0.0221015457885082,0.0241116348380082
0.266,0.00373713621730533,0.0067024958729735
0.268,-0.0150646840119916,-0.0113598043510434
0.27,-0.0316624769363095,-0.0275402782660857
0.272,-0.0437127403824742,-0.0395556600219237
0.274,-0.0495013420059689,-0.0456971042152652
0.276,-0.048187775688315,-0.0450736100831014
0.278,-0.0399274208177467,-0.0377414724760402
0.28,-0.0258540221928269,-0.0247009591381636
0.282,-0.00792425918371229,-0.00776004096693374
0.284,0.0113542777854685,0.010716257698252
0.286,0.0292738587144516,0.0281361119958343
0.288,0.0433070171423308,0.0420445956261174
0.29,0.0514631019982203,0.0504697456669152
0.292,0.0525706386479205,0.0522021695563858
0.294,0.0464454231224113,0.0469685210008035
0.296,0.0339202222986454,0.035473954536404
0.298,0.0167313763126991,0.0193070231683669
0.3,-0.00272226122950094,0.000719836458679554
0.302,-0.0217145515612632,-0.0176860772402445
0.304,-0.0375745848958573,-0.0333243533483652
0.306,-0.0480627712042826,-0.0439876861400315
0.308,-0.0516875114168082,-0.0481597996098666
0.31,-0.0479176462285834,-0.0452313722291421
0.312,-0.037260409034284,-0.0355891524812759
0.314,-0.0211934624418894,-0.0205652453242292
0.316,-0.00196010815809136,-0.00225319294142344
0.318,0.017743926131072,0.016783745105955
0.32,0.035148366922941,0.033871436772072
0.322,0.0477979360558333,0.0466005769831186
0.324,0.0538987426053555,0.0531664234583566
0.326,0.0525726294595849,0.0526246332847808
0.328,0.0439833944487324,0.0450269146933088
0.33,0.0293167454895869,0.0314170072431401
0.332,0.0106163937355489,0.0136871014686753
0.334,-0.00950104912324344,-0.00568554560908754
0.336,-0.0282125733541305,-0.0239851168486143
0.338,-0.0428853090447501,-0.0386383670632431
0.34,-0.0514473684918631,-0.0475768622719341
0.342,-0.0526807323225307,-0.0495293046636258
0.344,-0.0463947581663894,-0.0442026091189659
0.346,-0.0334555864822478,-0.0323259316619753
0.348,-0.0156669491933254,-0.0155510614614096
0.35,0.00448121826025991,0.00377721857499017
0.352,0.0241613061108545,0.0229488624044659
0.354,0.0406048891242663,0.0392685521120591
0.356,0.0514921922185436,0.0504346414666526
0.358,0.0552793419082815,0.0548637480249347
0.36,0.0514172218194409,0.0519151962505886
0.362,0.0404308964324615,0.0419834848463829
0.364,0.0238481213926224,0.0264454368102999
0.366,0.00398667148016925,0.00746910014058326
0.368,-0.0163698987343017,-0.0122890671903645
0.37,-0.0343626786109285,-0.0300564143919477
0.372,-0.0474592304830201,-0.0433335390372154
0.374,-0.0538103176679667,-0.0502462274996426
0.376,-0.0525112628078004,-0.0498103166099053
0.378,-0.043730986543034,-0.0420720321689392
0.38,-0.0286903193841961,-0.0281037890585489
0.382,-0.00949234948642717,-0.00985572162217717
0.384,0.0111716126168528,0.0101164960486099
0.386,0.0303993212082754,0.029009537281784
0.388,0.045485231462092,0.0441658800822094
0.39,0.0543012009271218,0.0534475891863771
0.392,0.0555966731615093,0.0555378297760661
0.394,0.0491759863326086,0.0501275747756789
0.396,0.0359276604542468,0.0379610260651175
0.398,0.0177013002852132,0.0207330846266812
0.4,-0.00295083479140268,0.000852995616401599
0.402,-0.0231314667488261,-0.018892861132166
0.404,-0.0400050158568248,-0.0357318210673599
0.406,-0.0511962810518012,-0.0472945807287046
0.408,-0.0551250135201837,-0.0519488629131533
0.41,-0.0512292420832884,-0.049030095938792
0.412,-0.0400457795590746,-0.0389364969455599
0.414,-0.023136383268693,-0.0230749554730718
0.416,-0.00286971810742082,-0.00366506594017233
0.418,0.0179104202181692,0.0165713872351988
0.42,0.0362841388623301,0.0347920383723939
0.422,0.0496657375044899,0.0484331227363783
0.424,0.0561675743940039,0.0555701535571695
0.426,0.0548662994525126,0.0551893374926846
0.428,0.0459338940575787,0.0473314392280812
0.43,0.0306149159186973,0.0330876759149757
0.432,0.0110529536813276,0.0144479907231587
0.434,-0.0100095079709841,-0.00597719396622622
0.436,-0.0296157704827841,-0.0253228271033326
0.438,-0.0450101875582918,-0.0408713951290451
0.44,-0.0540256701148426,-0.0504349362071916
0.442,-0.0553889284278687,-0.0526631862750616
0.444,-0.0489004474031234,-0.0472344471534736
0.446,-0.0354637482028104,-0.0349021902384276
0.448,-0.0169596595751587,-0.0173906488480164
0.45,0.00401691191342555,0.00284613214549115
0.452,0.0245208559728053,0.0229681105373495
0.454,0.0416703442491261,0.0401477444315737
0.456,0.0530518637649699,0.0519672447819684
0.458,0.0570598550985928,0.0567587576534
0.46,0.0531231564969524,0.0538396012457321
0.462,0.0417863037655945,0.04360937205529
0.464,0.0246341220640734,0.0274951063918248
0.466,0.00407004593457416,0.00775202040874567
0.468,-0.0170208153125749,-0.0128523431045693
0.47,-0.0356766210060642,-0.0314263151123084
0.472,-0.0492749089134919,-0.0453601836157061
0.474,-0.0559013956159346,-0.0526931203123018
0.476,-0.054619597096988,-0.0523893495232825
0.478,-0.0456032845376598,-0.0444846548730381
0.48,-0.0301130418719972,-0.0300824973895211
0.482,-0.0103200823855514,-0.0112001294055558
0.484,0.0109980493607273,0.00951383213999686
0.486,0.0308472325188932,0.0291508244008486
0.488,0.0464372805833,0.0449506548707465
0.49,0.0555741408606619,0.0546893829878656
0.492,0.0569686422261999,0.0569922487994085
0.494,0.0504183401646682,0.0515276084724173
0.496,0.0368368014700788,0.039054513632529
0.498,0.0181261004280037,0.0213171100188135
0.5,-0.00308967910033584,0.000800548005249355
0.502,-0.023832590616885,-0.0196174298516106
0.504,-0.0411889608922268,-0.0370703693984928
0.506,-0.05271879999186,-0.0491057607784133
0.508,-0.0567989446514721,-0.0540298981796119
0.51,-0.052851674163781,-0.0511464427455753
0.512,-0.0414265935944549,-0.040855080887632
0.514,-0.0241241783841465,-0.0245962983935363
0.516,-0.00337161834247492,-0.00464989986688408
0.518,0.0179176435561751,0.0161845417813129
0.52,0.0367529097424832,0.034980509183945
0.522,0.0504863446336991,0.0490955100754259
0.524,0.0571851844809489,0.0565424715145325
0.526,0.0559037078587093,0.0562693525196177
0.528,0.046816698098227,0.0483076232655966
0.53,0.0311955581874259,0.0337686524188343
0.532,0.0112303382408479,0.0146883962987249
0.534,-0.0102774028216981,-0.00625790369562537
0.536,-0.030307829171199,-0.026131030307393
0.538,-0.0460469472107418,-0.0421404472315988
0.54,-0.0552820404796391,-0.0520363600033292
0.542,-0.0567128498820333,-0.0544260902857637
0.544,-0.050134726879492,-0.0489702678284414
0.546,-0.0364679625351474,-0.036431198106093
0.548,-0.0176290882206937,-0.0185665123838384
0.55,0.00373785042274101,0.00211706200112863
0.552,0.0246323639547157,0.0227153126431506
0.554,0.0421188515567002,0.0403342092152146
0.556,0.0537390246277076,0.0524963953097244
0.558,0.0578574757625469,0.0574894027755611
0.56,0.0538918087221568,0.054606638022265
0.562,0.0423949446104155,0.0442472234839802
0.564,0.0249779732664983,0.0278605851839261
0.566,0.00408430963754244,0.00774347904437037
0.568,-0.0173531741845161,-0.0132821176263516
0.57,-0.0363239328852549,-0.0322650707852306
0.572,-0.0501626234198176,-0.046539516919329
0.574,-0.0569236642327756,-0.0540994487683529
0.576,-0.0556548444403191,-0.053880820055601
0.578,-0.0465314956092035,-0.0459114925227547
0.58,-0.0308323220099561,-0.0313078922108513
0.582,-0.0107602210188473,-0.012118764264656
0.584,0.0108667997476023,0.00896210552474089
0.586,0.0310112343016914,0.0289739162486385
0.588,0.0468426768753156,0.0451045703438704
0.59,0.0561354936114902,0.055085709522002
0.592,0.0575816836005988,0.0575115692637883
0.594,0.050974951183533,0.0520368273557236
0.596,0.0372400827333984,0.039425598323923
0.598,0.0183034430817505,0.021444622099753
0.6,-0.00317726808288585,0.000615578070382303
0.602,-0.024186087840405,-0.0201387488739456
0.604,-0.0417723183901686,-0.0379047974489403
0.606,-0.0534650286721223,-0.0501874434393148
0.608,-0.0576202981753142,-0.0552606180805265
0.61,-0.0536524040835941,-0.0524100577115963
0.612,-0.042116433900075,-0.0420340420103527
0.614,-0.0246306739746124,-0.0255879116286534
0.616,-0.00364962515388234,-0.00538009389542922
0.618,0.0178805196648061,0.0157517734982477
0.62,0.0369355625028327,0.034839177244961
0.622,0.0508380762814106,0.0491996010745206
0.624,0.0576335929103536,0.0568133898898514
0.626,0.0563653415060541,0.0566076560479235
0.628,0.0472089272195116,0.0486073154583962
0.63,0.0314479793096446,0.0339319895772015
0.632,0.0112941520406618,0.0146391516683008
0.634,-0.0104232809954952,-0.0065645071623754
0.636,-0.0306546733190071,-0.0267029985194433
0.638,-0.0465583099430818,-0.0429489134708587
0.64,-0.055899617401523,-0.0530205749857965
0.642,-0.0573651922956366,-0.0555026761972725
0.644,-0.0507475180423353,-0.0500453428661173
0.646,-0.0369743849965073,-0.0374136199127683
0.648,-0.01797884747056,-0.0193803821286956
0.65,0.00357205363972738,0.00152234041165729
0.652,0.0246517352176283,0.0223587397979391
0.654,0.0422991054358675,0.0402014295891286
0.656,0.0540344963662155,0.0525425881563873
0.658,0.0582080689505286,0.0576462986577707
0.66,0.054231733823475,0.054792580082775
0.662,0.0426619888928943,0.0443788018423269
0.664,0.0251219996581319,0.0278641958834597
0.666,0.00407383416438861,0.0075652143597059
0.668,-0.0175271783525684,-0.0136695669601123
0.67,-0.0366474524080252,-0.0328593724818925
0.672,-0.0506012259920097,-0.0473098278884498
0.674,-0.0574278670340421,-0.0549914497830352
0.676,-0.0561674058370235,-0.0548248530088742
0.678,-0.046995565631416,-0.0468325926129795
0.68,-0.0311992970254935,-0.0321362788227308
0.682,-0.0109962254732965,-0.0127993301881555
0.684,0.0107766604994472,0.00846258881731286
0.686,0.0310613721943445,0.0286628093600094
0.688,0.0470083992530015,0.0449630555647732
0.69,0.0563769824123213,0.0550721017769969
0.692,0.0578499487600425,0.0575676926570022
0.694,0.0512188794831048,0.0520964936611579
0.696,0.0374135693323761,0.0394239599643508
0.698,0.0183716213779182,0.0213270849555663
0.7,-0.00323353522951528,0.000345056071527784
0.702,-0.0243680291140001,-0.0205771933417437
0.704,-0.0420636131354616,-0.0385024964303634
0.706,-0.0538345839487832,-0.0509139638435666
0.708,-0.05802698927167,-0.0560685557080038
0.71,-0.0540510614648366,-0.0532420426765308
0.712,-0.0424642131713469,-0.0428309284157386
0.714,-0.0248929158939461,-0.0262969889318466
0.716,-0.00380440864882138,-0.00596218612408301
0.718,0.0178397175146467,0.0153172701019499
0.72,0.0369994201252023,0.0345519571565958
0.722,0.0509831843144734,0.0490390618625911
0.724,0.0578261059326727,0.0567420290589202
0.726,0.0565659699514202,0.0565767075916289
0.728,0.0473785311958574,0.0485637871237745
0.73,0.0315529793751282,0.033826091417694
0.732,0.011311008805915,0.0144310799978658
0.734,-0.010505109012892,-0.00689934908162876
0.736,-0.0308316550447359,-0.0271710209162121
0.738,-0.0468137474371912,-0.043537951700703
0.74,-0.0562063470123113,-0.0537020752745306
0.742,-0.0576896535293523,-0.0562360836161643
0.744,-0.0510545841788852,-0.0507840258782241
0.746,-0.0372322716550224,-0.0381114719273443
0.748,-0.0181634134012673,-0.0199981705159096
0.75,0.00347419374823484,0.00101174718276992
0.752,0.0246416748779676,0.0219669576898411
0.754,0.0423658569904408,0.0399233789749003
0.756,0.054156867571951,0.0523576501461633
0.758,0.0583578952381634,0.0575215844526046
0.76,0.0543779809521446,0.0546878045094843
0.762,0.042775128808102,0.0442520447116147
0.764,0.0251780502170572,0.0276777318279139
0.766,0.00405751416451585,0.00729060470899268
0.768,-0.0176205955694632,-0.0140478028641075
0.77,-0.0368117971358908,-0.0333419744549299
0.772,-0.0508206072153181,-0.047883095088868
0.774,-0.0576791605888699,-0.0556295256582545
0.776,-0.0564236682035039,-0.0554936255141225
0.778,-0.0472298747584083,-0.0474946273692907
0.78,-0.0313884771618328,-0.0327560762115173
0.782,-0.0111239436920916,-0.0133481720148785
0.784,0.0107178355266777,0.00800286078076311
0.786,0.0310692053038805,0.0282975752916178
0.788,0.047071582146656,0.044684523515435
0.79,0.0564769653363624,0.054860742228079
0.792,0.0579637208942879,0.0573952538441259
0.794,0.051322282125707,0.0519301383963013
0.796,0.037484672412881,0.0392309224400029
0.798,0.0183936910055288,0.0210791906613753
0.8,-0.00326987772264498,2.24847647783688e-05
0.802,-0.0244637262291816,-0.0209834002890736
0.804,-0.0422112907243437,-0.0389894960929558
0.806,-0.0540198192795421,-0.0514678261743922
0.808,-0.0582305149259441,-0.056666488610467
0.81,-0.0542515743325905,-0.0538557794249826
0.812,-0.0426413822982079,-0.0434307782182843
0.814,-0.0250301689580811,-0.026855973527647
0.816,-0.00389111321733084,-0.00645968917693464
0.818,0.0178069586795082,0.0148928311748033
0.82,0.0370165105031082,0.0342017789905221
0.822,0.0510393225843536,0.0487540732027783
0.824,0.057905476427895,0.056504422667505
0.826,0.0566500791134373,0.0563626360168097
0.828,0.0474488453159314,0.0483468185380477
0.83,0.0315934870422548,0.0335809278509808
0.832,0.0113103620254207,0.0141370176549744
0.834,-0.0105521627569893,-0.00725568794092421
0.836,-0.0309237274884785,-0.02759404168918
0.838,-0.0469431992540552,-0.0440227243346895
0.84,-0.0563605284389301,-0.0542352694478304
0.842,-0.0578528037372004,-0.0567980377254363
0.844,-0.0512101059411082,-0.0513516333619732
0.846,-0.0373650508919819,-0.0386614642874518
0.848,-0.018261867264403,-0.0205103331258631
0.85,0.00341661752995755,0.000551868462269241
0.852,0.0246257401729547,0.0215662187363
0.854,0.0423866031897586,0.0395802983995447
0.856,0.0542044653278675,0.0520628410748589
0.858,0.0584191494092766,0.057259265562892
0.86,0.0544382546317979,0.0544381523439957
0.862,0.0428204106991173,0.0439940396756593
0.864,0.0251968739636806,0.027392091627768
0.866,0.00404246888470324,0.00696239800223368
0.868,-0.0176719604203089,-0.0144272145916278
0.87,-0.0368967796590904,-0.0337739164573522
0.872,-0.0509318805580858,-0.0483615960664296
0.874,-0.0578059228145502,-0.0561423410025477
0.876,-0.0565532398448703,-0.0560240984163428
0.878,-0.0473495100634108,-0.0480241080834379
0.88,-0.0314871297067268,-0.0332665503640678
0.882,-0.0111937438289783,-0.0138247295257939
0.884,0.0106805845109332,0.00757005255302184
0.886,0.031063637912606,0.0279120529696472
0.888,0.047092526034518,0.0443432112782223
0.89,0.0565157828596313,0.0545545566008397
0.892,0.0580096065101226,0.0571105211051963
0.894,0.051363820431471,0.0516506068173553
0.896,0.0375114350643367,0.0389400754235337
0.898,0.0183976495367925,0.0207625333309635
0.9,-0.00329331155736586,-0.000330510839371367
0.902,-0.0245151682981156,-0.0213779505520177
0.904,-0.0422874183581413,-0.0394249308975952
0.906,-0.0541139463221504,-0.0519378420521544
0.908,-0.0583336168289348,-0.0571601724430651
0.91,-0.0543536068149292,-0.0543592403957263
0.912,-0.042732701702775,-0.0439291461944498
0.914,-0.0251028533804745,-0.0273354780813644
0.916,-0.00394000998624918,-0.00690953011966574
0.918,0.0177836019420367,0.0144790742087386
0.92,0.0370169049318628,0.0338253798730803
0.922,0.0510584874944868,0.0484111238234813
0.924,0.0579360244116038,0.0561865135778187
0.926,0.056683307542605,0.0560581397358434
0.928,0.047475978982126,0.0480425819703805
0.93,0.0316068941442229,0.0332641290858256
0.932,0.0113045758335873,0.0137969264057524
0.934,-0.0105797516283226,-0.00762628658598471
0.936,-0.0309725963169741,-0.027997947511914
0.938,-0.0470098568324735,-0.044458056107472
0.94,-0.0564390873461767,-0.0546958523316285
0.942,-0.0579358656284648,-0.0572743726593853
0.944,-0.0512898297190973,-0.0518322987823562
0.946,-0.037434251425725,-0.0391347449312468
0.948,-0.0183149906067161,-0.0209658449332795
0.95,0.0033827739332348,0.000121781492330691
0.952,0.0246116536413626,0.0211655022964796
0.954,0.0423900394635672,0.039208744479447
0.956,0.0542208679736096,0.0517162299145228
0.958,0.0584423382727231,0.0569300573951893
0.96,0.05446132854931,0.0541166184603761
0.962,0.0428367227404786,0.0436696647322878
0.964,0.0252009438891237,0.0270550462606656
0.966,0.00403070589568335,0.00660487659809763
0.968,-0.0177008169215954,-0.0148099719157768
0.97,-0.0369415542837925,-0.0341830500941518
0.972,-0.0509891975720721,-0.0487945683349661
0.974,-0.0578707384295688,-0.0565933867730552
0.976,-0.0566195896131727,-0.0564851088609252
0.978,-0.0474113611627561,-0.0484858137707933
0.98,-0.0315392184174804,-0.0337198322532847
0.982,-0.0112322813382184,-0.0142618734400845
0.984,0.0106574318801756,0.00715432956022377
0.986,0.0310555519199855,0.0275199397819425
0.988,0.0470971438344978,0.0439735849771382
0.99,0.0565290839186757,0.0542032277283028
0.992,0.0580265175816349,0.0567708954482339
0.994,0.0513789490576056,0.0513146610195026
0.996,0.0375198234044051,0.0385995032177428
0.998,0.018395448373976,0.0204098995481053
1,-0.00330834406668604,-0.000700767962844885
1.002,-0.0245434046275137,-0.0217688029571662
1.004,-0.0423273645643038,-0.0398364212504506
1.006,-0.0541625048811068,-0.0523671578197864
1.008,-0.0583865626031294,-0.0576021119937598
1.01,-0.054406204715945,-0.0548069961023385
1.012,-0.042780378565288,-0.0443752878172843
1.014,-0.0251418251864353,-0.0277729952504629
1.016,-0.0039677811963373,-0.00733278843139842
1.018,0.0177679288289004,0.0140735930747911
1.02,0.03701255351032,0.0334386502681772
1.022,0.0510631636797019,0.0480415110095591
1.024,0.0579462780731082,0.0558300704642856
1.026,0.0566950445773471,0.0557092146492315
1.028,0.0474850457273195,0.0476946450935632
1.03,0.0316096544407133,0.0329106975446634
1.032,0.011298397807003,0.0134324576412736
1.034,-0.0105961621385216,-0.00800565558869082
1.036,-0.0309990546221389,-0.0283939129540162
1.038,-0.0470447701273068,-0.0448699724406189
1.04,-0.0564797167964416,-0.0551208852786881
1.042,-0.057978738842205,-0.0577079501262677
1.044,-0.0513312436100614,-0.0522687893039245
1.046,-0.0374707918756269,-0.039568263812597
1.048,-0.0183439951878172,-0.0213910733475645
1.05,0.00336286838700363,-0.000291122153134499
1.052,0.0246011266991728,0.020767151421913
1.054,0.0423878881492769,0.0388251098249858
1.056,0.0542249813349615,0.051345444097357
1.058,0.0584498227630139,0.0565685352767157
1.06,0.0544689303012235,0.0537595987493184
1.062,0.042841289679164,0.0433118991337585
1.064,0.025199857579083,0.0266915370368421
1.066,0.00402222789198678,0.00623155942933535
1.068,-0.0177173298408268,-0.0151956925188651
1.07,-0.0369655958903347,-0.0345819826974074
1.072,-0.0510192137798991,-0.0492056717775631
1.074,-0.0579043750088161,-0.0570139643575903
1.076,-0.0566540417422782,-0.05691122572578
1.078,-0.047443773815412,-0.0489128737550147
1.08,-0.0315670846575222,-0.0341432302901248
1.082,-0.0112537775621579,-0.0146776313819754
1.084,0.0106432124796881,0.00674903098338521
1.086,0.031048501070169,0.0271264034530384
1.088,0.0470961841418423,0.043591458911418
1.09,0.0565323448440134,0.0538305987590532
1.092,0.0580316183688518,0.0564045958156058
1.094,0.0513833423474889,0.0509507397421035
1.096,0.0375211532370194,0.0382337926977699
1.098,0.018391869535201,0.0200385966150014
1.1,-0.00331792598383465,-0.00108058715383086
1.102,-0.0245592031047808,-0.0221588034281665
1.104,-0.0423487102656812,-0.0402368137864735
1.106,-0.0541879636302947,-0.0527767095835987
1.108,-0.0584141569970175,-0.0580183560845777
1.11,-0.0544337039276262,-0.0552266057103856
1.112,-0.0428056136093048,-0.0447945588471234
1.114,-0.025162988649494,-0.0281883678472463
1.116,-0.00398366720001498,-0.00774133437320627
1.118,0.0177577777632843,0.0136737834524864
1.12,0.0370078027879335,0.0330482322747779
1.122,0.0510627571058034,0.0476598293477483
1.124,0.0579486060110566,0.0554552853896991
1.126,0.0566981814314697,0.0553385881539761
1.128,0.0474870258940324,0.047324943252069
1.13,0.031608745278001,0.0325386503255293
1.132,0.011293332583168,0.0130552111587211
1.134,-0.0106060226135464,-0.00839015659281641
1.136,-0.0310136530668457,-0.0287866632805726
1.138,-0.0470633809367298,-0.0452707980993891
1.14,-0.0565010665636831,-0.0555284994140501
1.142,-0.0580011985486091,-0.0581201610033642
1.144,-0.0513530648180481,-0.0526828275032473
1.146,-0.0374903525417794,-0.0399811802244542
1.148,-0.0183600199982187,-0.021800151107748
1.15,0.0033511412375573,-0.00069424528848679
1.152,0.0245938555172538,0.020371222333661
1.154,0.0423846235931626,0.0384365904880452
1.156,0.0542247459036516,0.0509635246287294
1.158,0.058451261700043,0.0561915199294207
1.16,0.0544705102859407,0.0533851640820739
1.162,0.0428415164081469,0.0429374317659401
1.164,0.0251974803094674,0.0263145022041554
1.166,0.00401640555563842,0.00584984863562116
1.168,-0.0177269240382329,-0.0155834821625589
1.17,-0.036978745004018,-0.0349763741343594
1.172,-0.0510352037149027,-0.0496062598637661
1.174,-0.057922107378561,-0.0574194971185104
1.176,-0.0566721977947384,-0.0573198002671921
1.178,-0.0474610036811223,-0.0493222166623237
1.18,-0.0315821935580556,-0.0345510215135266
1.182,-0.0112658892381672,-0.0150818257220577
1.184,0.0106345455440283,0.00634992909231986
1.186,0.0310432486598375,0.0267331485109453
1.188,0.0470938546936389,0.0432039804174705
1.19,0.0565320686224842,0.0534480334246917
1.192,0.0580322781862054,0.0560254283113114
1.194,0.0513837355877032,0.0505730295926332
1.196,0.0375201600371561,0.0378554536622918
1.198,0.0183886061877562,0.019657688563293
1.2,-0.00332399262991466,-0.00146559449217392
1.202,-0.0245681925079353,-0.0225488304742426
1.204,-0.0423603230897743,-0.0406320607431124
1.206,-0.0542015365218058,-0.0531766484741055
1.208,-0.0584287645617031,-0.0584218235045948
1.21,-0.0544482952962655,-0.0556319807446505
1.212,-0.0428191613736429,-0.0451999992733439
1.214,-0.0251746298699154,-0.028592070438709
1.216,-0.00399281829707423,-0.00814178271845176
1.218,0.017751347577842,0.0132776174739853
1.22,0.0370039512082423,0.0326567599023178
1.222,0.0510609987845331,0.0472728049929037
1.224,0.057948189466775,0.055071858428543
1.226,0.0566982009675211,0.0549574368076361
1.228,0.0474865513266634,0.0469444698390458
1.23,0.0316069517885519,0.0321572092646066
1.232,0.0112896110499737,0.0126713373626924
1.234,-0.0106119877498578,-0.00877755046360859
1.236,-0.0310218485439872,-0.0291781470782434
1.238,-0.0470734769201405,-0.0456663596788265
1.24,-0.0565124711708547,-0.0559275622043069
1.242,-0.0580131480316558,-0.0585216789957112
1.244,-0.0513647338727361,-0.0530854424347394
1.246,-0.0375009704136992,-0.0403834175676426
1.248,-0.0183689763963301,-0.0222006267594603
1.25,0.00334421683272518,-0.00109185414061633
1.252,0.0245890506519977,0.0199771614719334
1.254,0.0423817373475574,0.0380462524266669
1.256,0.0542233255237198,0.0505765674685509
1.258,0.0584506738951803,0.0558071463267194
1.26,0.0544700327032305,0.0530022436976979
1.262,0.0428404400790971,0.0425546663307301
1.264,0.025195208461202,0.0259306092575718
1.266,0.00401253138344063,0.00546373807050807
1.268,-0.0177325658081632,-0.0159725629179925
1.27,-0.0369860624670337,-0.0353687454783141
1.272,-0.0510438691335254,-0.0500017776083587
1.274,-0.0579316082010459,-0.0578175850786204
1.276,-0.0566819142129214,-0.0577195415799925
1.278,-0.0474702973214865,-0.0497224896325857
1.28,-0.0315904963437872,-0.0349506600218714
1.282,-0.0112727795131997,-0.015479781387993
1.284,0.0106292882174709,0.00595444542050426
1.286,0.0310396192325696,0.0263405649025267
1.288,0.0470916297622714,0.0428143146173561
1.29,0.056530843912968,0.0530609015835949
1.292,0.0580315297701895,0.0556401089018274
1.294,0.051382895171446,0.050188572184935
1.296,0.0375186961837111,0.0374708163232814
1.298,0.0183860952682093,0.019271884135585
1.3,-0.00332781008872752,-0.00185336366131304
1.302,-0.0245733809207964,-0.0229390676325104
1.304,-0.042366749920822,-0.0410249133251263
1.306,-0.054208895178254,-0.0535718974742099
1.308,-0.0584366221490871,-0.0588189237116566
1.31,-0.0544561565796933,-0.0560301448985551
1.312,-0.042826539681865,-0.0455983133307847
1.314,-0.0251811136095833,-0.0289896231916996
1.316,-0.00399812507908928,-0.00853779148524225
1.318,0.0177473336000639,0.012883702324805
1.32,0.0370011697312757,0.0322651854423046
1.322,0.0510592271801269,0.046883489876746
1.324,0.057947076946043,0.0546844130672902
1.326,0.0566973218298189,0.0545712255322946
1.328,0.04748546601682,0.0465587053300486
1.33,0.0316052674634152,0.0317710653347757
1.332,0.011287034783414,0.0122840640275856
1.334,-0.0106156114090294,-0.00916652557105556
1.336,-0.0310265203288011,-0.029569144572596
1.338,-0.0470790468097311,-0.0460594110539343
1.34,-0.056518664056781,-0.0563224133858713
1.342,-0.058019606101724,-0.058917833207914
1.344,-0.0513710676533562,-0.0534822353925129
1.346,-0.0375068142304407,-0.0407801137355432
1.348,-0.0183740379487643,-0.0225965228175362
1.35,0.00334011827055091,-0.00148637518125722
1.352,0.0245859612815091,0.0195843860935204
1.354,0.0423795677084894,0.037655343501355
1.356,0.0542218672011313,0.0501873860682827
1.358,0.0584496297479382,0.0554193200524183
1.36,0.0544690625553381,0.0526152244325943
1.362,0.0428392082858326,0.0421678106690914
1.364,0.0251934292636739,0.0255432698900574
1.366,0.00401000939323349,0.00507535321517853
1.368,-0.0177359138107902,-0.0163623943277788
1.37,-0.0369901990162953,-0.0357602128371379
1.372,-0.0510486432443089,-0.0503948382848001
1.374,-0.0579367811422623,-0.0582119766383851
1.376,-0.0566871947499304,-0.0581148240104003
1.378,-0.0474753836099201,-0.0501181109227325
1.38,-0.0315951178770324,-0.0353460354106084
1.382,-0.011276733919011,-0.0158743749695322
1.384,0.0106261090682763,0.00556104805994748
1.386,0.0310372171366556,0.0259486027965428
1.388,0.047089903241925,0.0424238232053583
1.39,0.0565296054455844,0.0526717133647781
1.392,0.0580305337101073,0.0552518820792617
1.394,0.0513818735548755,0.0498008425827587
1.396,0.0375173962368918,0.0370830647770006
1.398,0.0183843142189986,0.0188836096331998
1.4,-0.00333019822922951,-0.00224257533850469
1.402,-0.0245764113573918,-0.0233294891199647
1.404,-0.0423703629589864,-0.0414166419195786
1.406,-0.0542129490633314,-0.0539648464975197
1.408,-0.0584409152828506,-0.0592128395006604
1.41,-0.0544604558932472,-0.0564246463769447
1.412,-0.04283061438834,-0.0459929480855913
1.414,-0.0251847671410366,-0.0293839318651759
1.416,-0.0040012221186624,-0.00893137136857968
1.418,0.0177448521824477,0.0124911432509495
1.42,0.0369992791099903,0.0318737912180747
1.422,0.0510578243660218,0.0464932407133582
1.424,0.05794599853109,0.0542951325395714
1.426,0.0566963679063541,0.0541826091923274
1.428,0.0474844283562085,0.0461703662088238
1.43,0.0316039594490824,0.0313825895913615
1.432,0.011285315503837,0.011895068788707
1.434,-0.0106178185866859,-0.00955634022328821
1.436,-0.0310292181369083,-0.0299599564798178
1.438,-0.0470821679245255,-0.0464512547751802
1.44,-0.056522081115988,-0.0567151793438442
1.442,-0.058023150642899,-0.0593112867508969
1.444,-0.0513745562440799,-0.0538760525978735
1.446,-0.0375100732973396,-0.0411739285566507
1.448,-0.0183769277037137,-0.0229899787580266
1.45,0.00333768546183828,-0.00187917424173811
1.452,0.024584010140874,0.0191924438771647
1.454,0.0423780587623394,0.0372643351282481
1.456,0.0542207036767397,0.0497972582936074
1.458,0.0584486727646376,0.0550299002820642
1.46,0.0544681519900207,0.0522262477918891
1.462,0.0428381848560306,0.041778959069039
1.464,0.0251921573753286,0.0251542173722013
1.466,0.00400839407201558,0.00468581114539069
1.468,-0.0177379148603304,-0.0167526384496514
1.47,-0.0369925695402913,-0.0361512681336343
1.472,-0.0510513139474301,-0.0507866982673817
1.474,-0.0579396415549705,-0.0586045232630678
1.476,-0.0566901082648975,-0.0585078470184752
1.478,-0.0474782068964221,-0.0505113393800304
1.48,-0.0315977226019326,-0.0357391767599165
1.482,-0.0112790229234521,-0.0162671560020988
1.484,0.0106241892734631,0.00516884402063151
1.486,0.0310356691136249,0.0255571075273608
1.488,0.0470886814728545,0.0420330677071244
1.49,0.0565286223850981,0.0522816263269938
1.492,0.0580296737968485,0.0548623025066083
1.494,0.0513810106699635,0.0494115444545693
1.496,0.0375164103770866,0.0366937900083245
1.498,0.0183831087084746,0.0184941045618635
1.5,-0.00333168505168795,-0.0026325250705832
1.502,-0.0245781976730469,-0.0237200300611679
1.504,-0.042372423036793,-0.0418078344387112
1.506,-0.0542152174468082,-0.0543566588085531
1.508,-0.0584432970820911,-0.0596051545686567
1.51,-0.0544628414809552,-0.0568172804006672
1.512,-0.0428328948231163,-0.0463856776904151
1.514,-0.0251868486259895,-0.0297765260155322
1.516,-0.0040030391024057,-0.00932362346682148
1.518,0.0177433283609823,0.0120993875138529
1.52,0.036998038554428,0.0314826139876213
1.522,0.0510568204291404,0.0461026425981194
1.524,0.0579451549354945,0.0539050347467622
1.526,0.0566955903657701,0.0537928665633503
1.528,0.0474836187799585,0.0457807890581867
1.53,0.0316030284104591,0.030992971094976
1.532,0.0112841958079487,0.0115052139903716
1.534,-0.010619164320602,-0.00994658783438876
1.536,-0.0310307934031621,-0.0303506944222079
1.538,-0.0470839414976326,-0.0468425097304573
1.54,-0.0565239940986725,-0.0571069054116859
1.542,-0.0580251248000741,-0.059703373768448
1.544,-0.0513765045683361,-0.0542683431008734
1.546,-0.0375119133752024,-0.0415662408059122
1.548,-0.0183785931154941,-0.0233821324877988
1.55,0.00333623747162706,-0.00227101550233063
1.552,0.0245827927085647,0.0188010221863668
1.554,0.042377054114142,0.036873379751683
1.556,0.0542198673027194,0.0494067508106941
1.558,0.0584479398898095,0.0546397614229967
1.56,0.0544674470606279,0.051836350033509
1.562,0.0428374325323125,0.0413891455463455
1.564,0.0251912928629516,0.0247643243233491
1.566,0.00400737141478876,0.00429569069650363
1.568,-0.0177391163267336,-0.0171430983137224
1.57,-0.0369939437117866,-0.0365421290921832
1.572,-0.0510528298456921,-0.0511779645284993
1.574,-0.0579412468741253,-0.0589961425544797
1.576,-0.0566917384150014,-0.0588997193462718
1.578,-0.0474797945752313,-0.0509033321347654
1.58,-0.0315992068655621,-0.0361311439118543
1.582,-0.0112803576519878,-0.0166589586246773
1.584,0.0106230304402743,0.00477731876769341
1.586,0.0310346890096043,0.025165931532955
1.588,0.0470878592231715,0.0416422631008391
1.59,0.0565279174380971,0.0518911637789009
1.592,0.0580290320017447,0.0544721066755597
1.594,0.051380371861814,0.0490215056378851
1.596,0.0375157181018368,0.0363037802158736
1.598,0.0183823167294403,0.0181039956756224
1.6,-0.0033326069701784,-0.00302284361469332
1.602,-0.0245792584797632,-0.0241106364965801
1.604,-0.0423736117323659,-0.0421987647566796
1.606,-0.0542165040157199,-0.0547479029468505
1.608,-0.0584446371067401,-0.0599966590601767
1.61,-0.0544641836416144,-0.0572089569401188
1.612,-0.0428341870487257,-0.0467774162750024
1.614,-0.0251880466382295,-0.0301682107215585
1.616,-0.00400411118353867,-0.00971514861333952
1.618,0.0177423969341911,0.0117081030560764
1.62,0.0369972435126712,0.0310916162661435
1.622,0.0510561402381072,0.045711937177598
1.624,0.057944554213099,0.0535145870418807
1.626,0.0566950247589837,0.0534026077037557
1.628,0.0474830417552882,0.0453906263252938
1.63,0.0316023980171458,0.0306028013655827
1.632,0.0112834790319413,0.0111149382496922
1.634,-0.0106199852835394,-0.0103370509426396
1.636,-0.0310317208823752,-0.0307413978526262
1.638,-0.047084962173271,-0.047233471505456
1.64,-0.0565250799428787,-0.0574981070900117
1.642,-0.0580262389210211,-0.060094763987868
1.644,-0.0513776069557855,-0.0546598455675434
1.646,-0.037512964517311,-0.0419577655065214
1.648,-0.0183795605830502,-0.0237735884893143
1.65,0.00333537390524437,-0.00266232352951973
1.652,0.0245820396163791,0.0184099191254969
1.654,0.0423764039832005,0.0364825091056234
1.656,0.0542192991729896,0.0490161074993916
1.658,0.0584474236458787,0.0542493094235368
1.66,0.0544669474462031,0.0514460281930526
1.662,0.042836913582524,0.0409988767046559
1.664,0.0251907233275233,0.0243740263957233
1.666,0.00400672973867297,0.00390528813406358
1.668,-0.0177398404881955,-0.0175336642784016
1.67,-0.0369947486263664,-0.036932892794995
1.672,-0.0510537002908622,-0.0515689318042746
1.674,-0.0579421589144842,-0.0593872907119528
1.676,-0.0566926620637743,-0.0592910010805082
1.678,-0.0474806984405088,-0.0512946827294951
1.68,-0.0316000616373035,-0.0365224906481106
1.682,-0.0112811403869615,-0.0170502310372477
1.684,0.0106223319670083,0.0043861792245457
1.686,0.0310340764188697,0.0247749637282467
1.688,0.0470873229752272,0.041251481396697
1.69,0.0565274386807136,0.0515005567143864
1.692,0.0580285855753077,0.0540816392503407
1.694,0.0513799299287266,0.0486311247824018
1.696,0.0375152536139957,0.0359134226060929
1.698,0.0183818071236805,0.0177135967498313
1.7,-0.00333317600333337,-0.00341334071419895
1.702,-0.0245798920527233,-0.0245012732888676
1.704,-0.0423743047216756,-0.0425895621127028
1.706,-0.0542172425293956,-0.0551388587745219
1.708,-0.0584454007168323,-0.0603877492217462
1.71,-0.0544649477710695,-0.0576001391869117
1.712,-0.0428349273666669,-0.0471686365742799
1.714,-0.0251887420078309,-0.0305594110371702
1.716,-0.0040047464329897,-0.010106275026458
1.718,0.0177418293864193,0.0113170930160001
1.72,0.0369967419226907,0.0307007480702331
1.722,0.0510556945575282,0.0453212162439392
1.724,0.0579441479432248,0.0531239985328663
1.726,0.0566946375697413,0.0530121191246243
1.728,0.0474826512718986,0.0450001924885775
1.73,0.0316019839050525,0.0302123709716024
1.732,0.0112830262279165,0.0107244611309408
1.734,-0.0106204863322881,-0.0107276169309697
1.736,-0.0310322709745879,-0.0311320812370796
1.738,-0.047085555255591,-0.047624283630668
1.74,-0.0565257038208976,-0.0578890410236292
1.742,-0.0580268760475188,-0.0604857959779212
1.744,-0.0513782373420693,-0.0550509387812115
1.746,-0.0375135706632692,-0.0423488754719885
1.748,-0.018380127084269,-0.0241646694434651
1.75,0.0033348571672997,-0.00305333477070096
1.752,0.0245815761066735,0.0180190077564418
1.754,0.0423759904923719,0.0360917133487829
1.756,0.0542189262647494,0.0486254268951423
1.758,0.0584470769938782,0.0538587278163064
1.76,0.0544666102159903,0.0510555163876668
1.762,0.042836568965363,0.0406083968497156
1.764,0.0251903564748237,0.0239835374417685
1.766,0.00400633008224213,0.00351475158418861
1.768,-0.0177402783317069,-0.0179242791269992
1.77,-0.0369952232421221,-0.0373236048279128
1.772,-0.0510542054136313,-0.0519597458072669
1.774,-0.0579426834917967,-0.059778197096537
1.776,-0.0566931919576846,-0.0596819776008959
1.778,-0.0474812185723277,-0.0516856978994905
1.78,-0.0316005579184664,-0.0369135083400632
1.782,-0.0112816024642673,-0.0174412155963111
1.784,0.0106219101504105,0.00399525807081587
1.786,0.0310336964239574,0.0243841268374645
1.788,0.0470869803813354,0.0408607375889254
1.79,0.0565271247146111,0.0511099018820841
1.792,0.0580282880365721,0.0536910572764827
1.794,0.051379635779833,0.0482405900910217
1.796,0.0375149501499975,0.0355229039486416
1.798,0.0183814835628814,0.0173230616709555
1.8,-0.00333352653704858,-0.0038039213660662
1.802,-0.0245802723286856,-0.0248919214298271
1.804,-0.0423747121383989,-0.0429802895975937
1.806,-0.0542176708143683,-0.0555296660366804
1.808,-0.0584458402536207,-0.060778625525952
1.81,-0.0544653877089183,-0.0579910644168012
1.812,-0.0428353559285583,-0.0475595842659714
1.814,-0.0251891484675604,-0.0309503522063625
1.816,-0.00400512425975205,-0.0104971822388802
1.818,0.0177414842022668,0.0109262418992991
1.82,0.0369964288987085,0.0303099669807954
1.822,0.0510554086399615,0.0449305092061254
1.824,0.0579438819320959,0.052733359377637
1.826,0.0566943813237789,0.0526215326177287
1.828,0.047482394698785,0.0446096366790375
1.83,0.0316017176532646,0.0298218204031893
1.832,0.0112827425042131,0.0103338904499366
1.834,-0.0106207915969862,-0.0111182294805217
1.836,-0.0310325993104687,-0.0315227509100923
1.838,-0.04708590362435,-0.0480150172541583
1.84,-0.0565260657267157,-0.0582798362854552
1.842,-0.0580272438107994,-0.0608766419962343
1.844,-0.0513786022529277,-0.0554418178413257
1.846,-0.0375139234842127,-0.0427397656588523
1.848,-0.0183804604764764,-0.0245555477817246
1.85,0.00333454769371837,-0.00344418042536725
1.852,0.0245812923361103,0.0176282106620778
1.854,0.0423757310723657,0.0357009736764266
1.856,0.0542186866313653,0.0482347454588749
1.858,0.0584468505783205,0.0534680974886615
1.86,0.054466389289022,0.050664923298717
1.862,0.0428363454644424,0.0402178224842418
1.864,0.0251901232081478,0.0235929613206675
1.866,0.00400608231412971,0.00312415414359449
1.868,-0.0177405432354906,-0.0183149138616617
1.87,-0.0369955051696357,-0.0377142871363272
1.872,-0.0510545012335138,-0.0523504790121423
1.874,-0.0579429889834119,-0.0601689772960071
1.876,-0.056693498445036,-0.0600727944050867
1.878,-0.0474815206901086,-0.0520765360424261
1.88,-0.0316008486043373,-0.0373043499207421
1.882,-0.0112818758474078,-0.01783204262219
1.884,0.0106216549498943,0.00360446119718586
1.886,0.0310334639998963,0.0239933712302395
1.888,0.0470867624965352,0.040470028466479
1.89,0.0565269242283974,0.0507192380067365
1.892,0.0580280946889607,0.0533004313005774
1.894,0.0513794441138339,0.0478499897366343
1.896,0.0375147596060394,0.0351323138358802
1.898,0.0183812742492817,0.0169324655243854
1.9,-0.00333373338844855,-0.00419453844762769
1.902,-0.0245805089153358,-0.0252825709550833
1.904,-0.0423749478626689,-0.0433709781879485
1.906,-0.0542179209834464,-0.0559203946463718
1.908,-0.0584461070071372,-0.0611693894664119
1.91,-0.0544656207338574,-0.0583818541579649
1.912,-0.0428356399626788,-0.0479503868846585
1.914,-0.025189347420227,-0.0313411532629095
1.916,-0.0040053862313432,-0.0108879678114111
1.918,0.0177412921476643,0.0105354833056255
1.92,0.0369962546969575,0.02991924291436
1.922,0.0510551548564074,0.0445398223313691
1.924,0.057943844969328,0.0523427072417974
1.926,0.0566940332861521,0.052230908126658
1.928,0.0474824288788286,0.0442190292014291
1.93,0.0316013957716789,0.0294312173372394
1.932,0.0112825912160857,0.00994327900853458
1.934,-0.0106207879124432,-0.0115088604907489
1.936,-0.031033265797438,-0.0319134095997339
1.938,-0.0470853536263442,-0.0484057076068825
1.94,-0.0565272260935497,-0.0586705577247803
1.942,-0.058026533465366,-0.0612673895981171
1.944,-0.0513793730853723,-0.0558325831092005
1.946,-0.03751436131243,-0.0431305378346479
1.948,-0.018379235174102,-0.0249463153400882
1.95,0.00333151881014276,-0.00383493274111511
1.952,0.0245852470890929,0.0172374819095129
1.954,0.0423708302422882,0.0353102734190123
1.956,0.0542225828161836,0.0478440745842984
1.958,0.0584452077760341,0.0530774529744408
1.96,0.0544631031023752,0.0502742985106672
1.962,0.0428457268635367,0.0398272084600002
1.964,0.0251735222397761,0.0232023478213514
1.966,0.00402776521175312,0.00273353122652457
1.968,-0.017763505334326,-0.018705554363439
1.97,-0.0369794340220071,-0.0381049510007532
1.972,-0.0510543907485308,-0.052741168027277
1.974,-0.0579701864882433,-0.0605596903471976
1.976,-0.0566334442189293,-0.0604635263417354
1.978,-0.0475729612681706,-0.0524672795579782
1.98,-0.0314927002644124,-0.0376950965165824
1.982,-0.0113786429982165,-0.0182227823882147
1.984,0.0106765035088256,0.00321373494717631
1.986,0.0310470172624344,0.0236026657438255
1.988,0.0469584003201058,0.0400793474009432
1.99,0.0569662192414978,0.0503285846509379
1.992,0.0575617445469091,0.0529097937294874
1.994,0.0524557482533096,0.0474593538465004
1.996,0.0366473824325154,0.0347416990872968
1.998,0.0186936348760499,0.016542030066865
