0.1,34.4260476530228,-97.1705771157394
0.116749223319103,33.0565677912106,-98.3558888580101
0.136303811456138,31.6784497173492,-99.7306427091728
0.159133641229375,30.2887396875151,-101.321418845891
0.185787290174703,28.8835586861992,-103.15645300265
0.216905218304574,27.4578794383403,-105.264526607269
0.253235157709194,26.0053013532365,-107.673119071696
0.29565007979639,24.5178676138392,-110.405614191853
0.345169171904593,22.9859980299949,-113.477441966432
0.402982327335591,21.3986410227963,-116.891277871765
0.470478737277547,19.7437605846222,-120.63185960257
0.549280271653059,18.0092408457934,-124.661568371713
0.641280451000005,16.1841855693984,-128.91842375941
0.748689945839746,14.2604184629273,-133.318134885876
0.874089696836115,12.2338212860798,-137.76095741734
1.02049293216846,10.1050971877758,-142.142424864372
1.19141757233302,7.87969648638665,-146.36535629174
1.39097076218611,5.56694052812755,-150.34994625868
1.62394756144809,3.17865815225376,-154.03963310871
1.89594616510016,0.727756817067994,-157.40220386665
2.21350242230275,-1.77293260724948,-160.427154737892
2.58424688618799,-4.31137479203406,-163.121019682573
3.01708816827258,-6.8766078928714,-165.502242080744
3.52242700331079,-9.4586599544781,-167.596617821259
4.11240616834769,-12.048196701797,-169.433776402172
4.80120226127281,-14.6359631600591,-171.04478153156
5.60536635001521,-17.2120300282217,-172.460748823553
6.5442216778331,-19.7647908841244,-173.712349913125
7.64032798115051,-22.2795679984519,-174.830157036907
8.92002357702531,-24.7365387254005,-175.845983405627
10.4140582460579,-27.1074086305548,-176.795793960337
12.1583321182716,-29.3496215035677,-177.725751069616
14.1947583166391,-31.3953090028932,-178.705703573403
16.5722700866999,-33.1276547868781,-179.863487654726
17.6113185556998,-33.6794248013142,-180.419574237651
19.5218062621884,-34.3662114913265,-181.611726509222
21.28578334634,-34.5910083548753,-183.052831645479
22.8900354646362,-34.3870860102381,-184.887172096346
24.3305989163427,-33.7737864688405,-187.329401152984
25.6104342746151,-32.7554240846969,-190.729339646206
26.7373175670391,-31.323011194719,-195.702823685623
27.7220761771193,-29.471335627538,-203.40323355644
28.577202103529,-27.2841351165766,-216.000247686547
29.3158196530853,-25.2420409620501,-236.609809237712
29.9509574768604,-24.5530579056115,-264.375578315102
30.5998557910452,-26.0695568352576,-293.164003952223
31.3907516393959,-29.3878894159669,-315.39721534979
32.3590429536838,-33.2168920088827,-328.934793640121
33.5508545885907,-37.0175792388816,-337.068451841392
35.0271238730949,-40.7432343570669,-342.225863990472
36.8696166035663,-44.4686077960685,-345.678807325903
39.1899722115593,-48.2876815849086,-348.086734906404
42.1436147866714,-52.295869788265,-349.807642619204
45.9516830426806,-56.5910511200728,-351.04336279504
50.9365525893785,-61.2783633882321,-351.907205481148
57.2023674240547,-66.2038537846883,-352.435220473931
66.7833196877233,-72.4085591121042,-352.700145110677
69.3568304396425,-73.8780460616738,-352.709447232636
77.9690070421305,-78.3436892832723,-352.628000336991
91.0282101513039,-84.1042805569027,-352.297376020269
106.274728352928,-89.7461790252323,-351.739462713758
124.07491993653,-95.3039266972604,-350.962397350843
144.856505359698,-100.799355096076,-349.961266865223
169.118844934642,-106.246091834713,-348.722855432855
197.444937947432,-111.652057872975,-347.228342227105
230.515431536511,-117.020887587116,-345.45531732299
269.124975949555,-122.352737360558,-343.379837913728
314.201319178828,-127.644748857346,-340.97899365888
366.827599799658,-132.891352141089,-338.234302483774
428.268373686207,-138.084569489985,-335.136070427619
500,-143.214477506482,-331.688521159209
