0,-1.38056845460895e-07
0.0005,-7.45817010135477e-07
0.001,-1.84646108999567e-06
0.0015,-3.4046442710949e-06
0.002,-5.42042236659959e-06
0.0025,-7.85780743448417e-06
0.003,-1.07150487400563e-05
0.0035,-1.39644594351465e-05
0.004,-1.76034785233421e-05
0.0045,-2.16106356954155e-05
0.005,-2.59826576720053e-05
0.0055,-3.07024756099293e-05
0.006,-3.57660117442008e-05
0.0065,-4.11591964380434e-05
0.007,-4.68772641545221e-05
0.0075,-5.29082454075123e-05
0.008,-5.92465754154815e-05
0.0085,-6.58816000858893e-05
0.009,-7.28069494526431e-05
0.0095,-8.00127498431732e-05
0.01,-8.74918522089606e-05
0.0105,-9.52347867970679e-05
0.011,-0.000103215387087943
0.0115,-0.000111411908583795
0.012,-0.000119817517195518
0.0125,-0.000128422767558682
0.013,-0.000137220302912594
0.0135,-0.000146201022896839
0.014,-0.000155356689811948
0.0145,-0.000164678093982523
0.015,-0.000174156360654811
0.0155,-0.000183782154856867
0.016,-0.000193483628327858
0.0165,-0.000203208673943464
0.017,-0.000212953295634099
0.0175,-0.000222707822922278
0.018,-0.000232468473368047
0.0185,-0.000242227068915774
0.019,-0.000251978519199641
0.0195,-0.000261714790260485
0.02,-0.000271430003650046
0.0205,-0.000281116301262334
0.021,-0.000290642707098927
0.0215,-0.000299915738303107
0.022,-0.00030893923998126
0.0225,-0.000317706205130278
0.023,-0.000326221752826642
0.0235,-0.000334481952838641
0.024,-0.000342489806204161
0.0245,-0.000350241709619324
0.025,-0.000357739331782716
0.0255,-0.000364979459708046
0.026,-0.000371761837351763
0.0265,-0.000377943616081864
0.027,-0.000383540216459489
0.0275,-0.000388551255414009
0.028,-0.000392994906852958
0.0285,-0.000396875283635424
0.029,-0.000400207377361768
0.0295,-0.000402995295820444
0.03,-0.000405251851262467
0.0305,-0.00040698134978306
0.031,-0.000407908785656847
0.0315,-0.000407837604627882
0.032,-0.000406797138972185
0.0325,-0.000404796996544173
0.033,-0.000401871050692541
0.0335,-0.00039803448104384
0.034,-0.000393316818531469
0.0345,-0.000387732370898338
0.035,-0.000381307511011243
0.0355,-0.000374056124399447
0.036,-0.000365627651203461
0.0365,-0.000355772620057044
0.037,-0.000344535767207379
0.0375,-0.000331938629639563
0.038,-0.00031803221444253
0.0385,-0.000302844377296354
0.039,-0.000286420587663538
0.0395,-0.000268786713381416
0.04,-0.000249984063784386
0.0405,-0.000230037230350305
0.041,-0.00020852383529555
0.0415,-0.000185149345755194
0.042,-0.000159975290393978
0.0425,-0.000133034956752176
0.043,-0.000104397241226838
0.0435,-7.41022023618932e-05
0.044,-4.22119153218708e-05
0.0445,-8.76357641871496e-06
0.045,2.61859348791342e-05
0.0455,6.26014171218551e-05
0.046,0.000100969030313304
0.0465,0.000141612079691801
0.047,0.000184450052535236
0.0475,0.000229441153982756
0.048,0.000276497857126829
0.0485,0.000325571322933982
0.049,0.000376582420017411
0.0495,0.000429485166311401
0.05,0.000484206848016205
0.0505,0.000540703557209737
0.051,0.000599513418895387
0.0515,0.000660963715416478
0.052,0.000724950858273864
0.0525,0.000791431986708524
0.053,0.000860299652123959
0.0535,0.000931503227734687
0.054,0.00100494604993524
0.0545,0.00108057863378271
0.055,0.00115831250793846
0.0555,0.0012380990871239
0.056,0.00132051412402469
0.0565,0.00140585621656312
0.057,0.00149399224723635
0.0575,0.00158489004342244
0.058,0.00167842104754179
0.0585,0.00177454230780006
0.059,0.00187314032599411
0.0595,0.00197416882032615
0.06,0.00207752542277459
0.0605,0.00218316171126209
0.061,0.00229167705546889
0.0615,0.0024033004137117
0.062,0.00251786117329975
0.0625,0.00263535201623587
0.063,0.00275562476738793
0.0635,0.00287865253128045
0.064,0.00300430976636597
0.0645,0.00313255822027195
0.065,0.00326328803759657
0.0655,0.00339645384164034
0.066,0.00353266842897564
0.0665,0.00367204121752558
0.067,0.00381435250152954
0.0675,0.00395963608598994
0.068,0.0041077295161106
0.0685,0.00425862676354176
0.069,0.00441220011462364
0.0695,0.00456842088166293
0.07,0.00472718287138825
0.0705,0.00488844443167106
0.071,0.00505282515535708
0.0715,0.00522025904090335
0.072,0.00539045079146744
0.0725,0.0055634982469063
0.073,0.00573923193384478
0.0735,0.00591766783470858
0.074,0.00609868860010783
0.0745,0.00628227504394476
0.075,0.00646833715311915
0.0755,0.00665683831319113
0.076,0.00684839720285072
0.0765,0.00704271381991051
0.077,0.0072393611688427
0.0775,0.0074385299944543
0.078,0.00764005694502719
0.0785,0.00784397240589106
0.079,0.00805018350922181
0.0795,0.00825867917383858
0.08,0.00846939644620153
0.0805,0.00868230714162483
0.081,0.00889801509821823
0.0815,0.00911592370064404
0.082,0.0093353774028497
0.0825,0.00955667728131055
0.083,0.00977969790000737
0.0835,0.0100044601258423
0.084,0.0102309061595206
0.0845,0.0104590320344126
0.085,0.0106888059880729
0.0855,0.0109202134339366
0.086,0.011153816653652
0.0865,0.0113886552199552
0.087,0.0116236998596467
0.0875,0.0118593285553278
0.088,0.0120955108252917
0.0885,0.0123322254267164
0.089,0.0125694379724797
0.0895,0.0128071523874816
0.09,0.0130453592587926
0.0905,0.0132840575052766
0.091,0.0135237199286226
0.0915,0.0137629618627715
0.092,0.0140001990025432
0.0925,0.0142357390387646
0.093,0.0144696954559621
0.0935,0.0147019996862508
0.094,0.0149325955224895
0.0945,0.0151614791716556
0.095,0.0153886399792603
0.0955,0.0156140730228504
0.096,0.0158380816894203
0.0965,0.0160588574493578
0.097,0.0162741333310786
0.0975,0.0164838488868364
0.098,0.0166881949544644
0.0985,0.0168871116827069
0.099,0.0170805051034741
0.0995,0.0172683310192218
0.1,0.0174505476186456
0.1005,0.0176271329807816
0.101,0.0177981310353413
0.1015,0.0179615120807309
0.102,0.0181145347904882
0.1025,0.0182565085433694
0.103,0.0183874567072027
0.1035,0.0185074029185026
0.104,0.0186163573412424
0.1045,0.0187143559254798
0.105,0.018801431416695
0.1055,0.0188776682084742
0.106,0.0189429243595756
0.1065,0.0189955335456776
0.107,0.0190332159992209
0.1075,0.0190550353931153
0.108,0.0190608252963907
0.1085,0.0190507674806085
0.109,0.0190252197905743
0.1095,0.0189846574252587
0.11,0.0189295994852562
0.1105,0.0188606366468531
0.111,0.0187778739418682
0.1115,0.01868075781975
0.112,0.0185687382385686
0.1125,0.0184418026120583
0.113,0.0183003248974728
0.1135,0.018144963118437
0.114,0.0179765626211174
0.1145,0.017796107283034
0.115,0.0176046573684902
0.1155,0.0174033243011617
0.116,0.0171925299498562
0.1165,0.0169727755008529
0.117,0.0167453351210451
0.1175,0.0165115245775449
0.118,0.0162726614835337
0.1185,0.0160300386310225
0.119,0.0157849022846515
0.1195,0.0155384261181688
0.12,0.0152916991290508
0.1205,0.0150457093732215
0.121,0.0148005069332362
0.1215,0.0145565890868006
0.122,0.0143157104449687
0.1225,0.0140794443452902
0.123,0.0138491733997493
0.1235,0.0136260793634498
0.124,0.0134111524641831
0.1245,0.0132051779858723
0.125,0.0130087499907244
0.1255,0.0128222713919269
0.126,0.0126451793488706
0.1265,0.012477403841016
0.127,0.0123201533232559
0.1275,0.0121744262953583
0.128,0.0120410169983622
0.1285,0.0119205160019812
0.129,0.0118133271697173
0.1295,0.0117196620389559
0.13,0.0116395576482126
0.1305,0.0115728788973668
0.131,0.0115188067378106
0.1315,0.0114769239109802
0.132,0.0114477515601406
0.1325,0.0114316517987855
0.133,0.0114288356738645
0.1335,0.0114393644117469
0.134,0.0114631617471233
0.1345,0.0115000123474269
0.135,0.0115495743709846
0.1355,0.0116113822629786
0.136,0.0116846628695598
0.1365,0.0117689428432547
0.137,0.0118642506164279
0.1375,0.0119705100443187
0.138,0.0120875456411855
0.1385,0.0122150852078121
0.139,0.0123527663080229
0.1395,0.0125001391880392
0.14,0.0126566739230732
0.1405,0.0128217656151188
0.141,0.0129948292255732
0.1415,0.0131755120115789
0.142,0.0133636097857786
0.1425,0.013558859586071
0.143,0.0137609425986423
0.1435,0.0139694879137922
0.144,0.0141840763410334
0.1445,0.0144042447860191
0.145,0.0146294911853457
0.1455,0.0148592794763939
0.146,0.0150933402312726
0.1465,0.01533159343075
0.147,0.0155738582749984
0.1475,0.0158199281150097
0.148,0.0160695722121594
0.1485,0.016322538180465
0.149,0.0165785552998309
0.1495,0.0168373364999491
0.15,0.0170985827229404
0.1505,0.0173619845309171
0.151,0.0176276710760058
0.1515,0.0178959233831853
0.152,0.0181667366464372
0.1525,0.0184400933044378
0.153,0.0187159633417733
0.1535,0.0189943047408879
0.154,0.0192750662811706
0.1545,0.0195581864225005
0.155,0.0198435968640759
0.1555,0.0201312210072192
0.156,0.0204215373146278
0.1565,0.0207151364831648
0.157,0.0210121687812553
0.1575,0.0213127668465878
0.158,0.0216170441757493
0.1585,0.0219250954895877
0.159,0.0222369988738552
0.1595,0.0225528136248448
0.16,0.0228725829952213
0.1605,0.0231963319356699
0.161,0.0235247258711922
0.1615,0.0238585073385132
0.162,0.0241978468957736
0.1625,0.0245428871100698
0.163,0.0248937395873737
0.1635,0.0252504872227523
0.164,0.0256131860457512
0.1645,0.0259818638831386
0.165,0.0263565227209538
0.1655,0.0267371374227718
0.166,0.0271243924908591
0.1665,0.0275190263361596
0.167,0.0279211031463058
0.1675,0.0283306535822336
0.168,0.0287476708059223
0.1685,0.0291721150626977
0.169,0.0296039156110614
0.1695,0.0300429705127637
0.17,0.0304891490283074
0.1705,0.0309422914063518
0.171,0.0314030022653819
0.1715,0.0318719288120564
0.172,0.0323489751921628
0.1725,0.0328340134783484
0.173,0.0333268792772859
0.1735,0.0338273778242117
0.174,0.0343352865467794
0.1745,0.0348503551507016
0.175,0.035372308681251
0.1755,0.0359008474439302
0.176,0.0364364748916777
0.1765,0.0369797336167024
0.177,0.0375303854392501
0.1775,0.0380881665170287
0.178,0.0386527834152554
0.1785,0.0392239193628315
0.179,0.0398012382512321
0.1795,0.0403843837814644
0.18,0.0409729840092132
0.1805,0.0415666501733664
0.181,0.0421658220002057
0.1815,0.0427709791215399
0.182,0.0433818055262422
0.1825,0.0439979683797458
0.183,0.0446191152951884
0.1835,0.045244879596338
0.184,0.0458748862621497
0.1845,0.046508749214097
0.185,0.0471460777240882
0.1855,0.0477864733582778
0.186,0.0484298632361397
0.1865,0.049076188735034
0.187,0.0497249717879563
0.1875,0.0503757243956722
0.188,0.0510279505128992
0.1885,0.0516811479813254
0.189,0.0523348105057974
0.1895,0.0529884296695242
0.19,0.0536414969836044
0.1905,0.0542935059655817
0.191,0.0549439542410834
0.1915,0.0555923456619052
0.192,0.0562381924331761
0.1925,0.056881017241494
0.193,0.057520355375162
0.1935,0.0581557568269125
0.194,0.0587867883687758
0.1945,0.0594130355880722
0.195,0.0600341048728843
0.1955,0.0606496253348239
0.196,0.061259250656475
0.1965,0.061862660850573
0.197,0.0624595639178067
0.1975,0.0630496973901104
0.198,0.0636328297464668
0.1985,0.0642087616885807
0.199,0.0647773272643157
0.1995,0.0653383948275163
0.2,0.0658918678237649
0.2005,0.0664376853927474
0.201,0.0669758227792037
0.2015,0.0675062915459157
0.202,0.0680291395838115
0.2025,0.0685444509160118
0.203,0.0690523452945005
0.2035,0.0695529775900153
0.204,0.0700465369777131
0.2045,0.0705332459231178
0.205,0.071013358974784
0.2055,0.0714871613719623
0.206,0.071954967477309
0.2065,0.0724171190463048
0.207,0.0728739833465123
0.2075,0.0733259511410858
0.208,0.0737734345520279
0.2085,0.0742168648195539
0.209,0.0746566899745686
0.2095,0.0750933724416698
0.21,0.0755273865902848
0.2105,0.0759592162515037
0.211,0.0763893522179331
0.2115,0.0768182897434449
0.212,0.0772465260590754
0.2125,0.0776745579205444
0.213,0.0781028792019484
0.2135,0.0785319785491467
0.214,0.0789623371052381
0.2145,0.0793944263193406
0.215,0.0798287058486563
0.2155,0.0802656215625577
0.216,0.0807056036561826
0.2165,0.0811490648798028
0.217,0.0815963988890379
0.2175,0.0820479787198496
0.218,0.0825041553911774
0.2185,0.0829652566370714
0.219,0.0834315857692579
0.2195,0.0839034206702327
0.22,0.0843810129162295
0.2205,0.0848645870287472
0.221,0.0853543398527479
0.2215,0.0858504400591514
0.222,0.0863530277688461
0.2225,0.0868622142951142
0.223,0.0873780820011155
0.2235,0.0879006842688934
0.224,0.0884300455762425
0.2245,0.0889661616777151
0.225,0.0895089998860224
0.2255,0.0900584994501132
0.226,0.0906145720262706
0.2265,0.0911771022386552
0.227,0.0917459483258297
0.2275,0.0923209428699247
0.228,0.0929018936052369
0.2285,0.0934885843031835
0.229,0.0940807757306684
0.2295,0.0946782066790375
0.23,0.0952805950609072
0.2305,0.0958876390722382
0.231,0.0964990184170924
0.2315,0.0971143955925475
0.232,0.0977334172312463
0.2325,0.09835571549903
0.233,0.0989809095450365
0.2335,0.0996086070015313
0.234,0.100238405530593
0.2345,0.100869894414577
0.235,0.101502656187035
0.2355,0.102136268300506
0.236,0.102770304827238
0.2365,0.103404338188553
0.237,0.104037940908171
0.2375,0.104670687384339
0.238,0.105302155675188
0.2385,0.105931929291215
0.239,0.106559598988318
0.2395,0.107184764554285
0.24,0.107807036581148
0.2405,0.108426038215334
0.241,0.109041406877067
0.2415,0.109652795940101
0.242,0.110259876362438
0.2425,0.110862338258471
0.243,0.111459892402697
0.2435,0.112052271655066
0.244,0.112639232298016
0.2445,0.113220555275303
0.245,0.113796047322973
0.2455,0.114365541983182
0.246,0.114928900492008
0.2465,0.115486012533053
0.247,0.116036796849355
0.2475,0.116581201707013
0.248,0.117119205204928
0.2485,0.117650815426172
0.249,0.118176070427696
0.2495,0.118695038066393
0.25,0.119207815660855
0.2505,0.119714529489605
0.251,0.120215334127946
0.2515,0.120710411627026
0.252,0.121199970540093
0.2525,0.121684244802252
0.253,0.122163492471332
0.2535,0.122637994338622
0.254,0.123108052419362
0.2545,0.12357398833378
0.255,0.124036141590323
0.2555,0.12449486778339
0.256,0.12495053671838
0.2565,0.125403530477252
0.257,0.125854241437979
0.2575,0.126303070261333
0.258,0.126750423858335
0.2585,0.127196713351453
0.259,0.127642352042264
0.2595,0.128087753397798
0.26,0.128533329067175
0.2605,0.128979486939467
0.261,0.129426629252955
0.2615,0.129875150765114
0.262,0.130325436991819
0.2625,0.130777862523347
0.263,0.13123278942388
0.2635,0.131690565720281
0.264,0.132151523985059
0.2645,0.132615980017541
0.265,0.133084231626488
0.2655,0.133556557516549
0.266,0.134033216280275
0.2665,0.13451444549667
0.267,0.135000460936675
0.2675,0.135491455875394
0.268,0.135987600510378
0.2685,0.136489041484812
0.269,0.136995901514105
0.2695,0.137508279114017
0.27,0.138026248428201
0.2705,0.138549859152816
0.271,0.139079136555673
0.2715,0.139614081587276
0.272,0.140154671080989
0.2725,0.140700858039529
0.273,0.141252572004929
0.2735,0.141809719509133
0.274,0.142372184602375
0.2745,0.142939829456527
0.275,0.14351249504065
0.2755,0.144090001865991
0.276,0.144672150797752
0.2765,0.145258723930945
0.277,0.145849485527732
0.2775,0.146444183013612
0.278,0.147042548029862
0.2785,0.147644297539598
0.279,0.148249134984804
0.2795,0.148856751491594
0.28,0.149466827120919
0.2805,0.150079032161788
0.281,0.150693028463951
0.2815,0.151308470806822
0.282,0.151925008301207
0.2825,0.15254228582021
0.283,0.153159945455395
0.2835,0.153777627994057
0.284,0.154394974413109
0.2845,0.155011627384821
0.285,0.155627232789278
0.2855,0.156241441228138
0.286,0.156853909533869
0.2865,0.157464302268369
0.287,0.158072293204521
0.2875,0.158677566783915
0.288,0.159279819543735
0.2885,0.159878761505531
0.289,0.160474117518412
0.2895,0.161065628549059
0.29,0.161653052910867
0.2905,0.162236167424515
0.291,0.162814768502325
0.2915,0.163388673148927
0.292,0.163957719870963
0.2925,0.164521769488907
0.293,0.165080705844484
0.2935,0.165634436397682
0.294,0.166182892707959
0.2945,0.166726030794925
0.295,0.167263831374565
0.2955,0.167796299967891
0.296,0.168323466879847
0.2965,0.168845387047221
0.297,0.169362139755357
0.2975,0.169873828224448
0.298,0.170380579067274
0.2985,0.170882541621257
0.299,0.171379887158734
0.2995,0.171872807980356
0.3,0.17236151639742
0.3005,0.172846243609857
0.301,0.173327238487386
0.3015,0.173804766262051
0.302,0.174279107141015
0.3025,0.174750554848961
0.303,0.175219415109911
0.3035,0.175686004078546
0.304,0.17615064673132
0.3045,0.176613675227735
0.305,0.177075427252127
0.3055,0.177536244346189
0.306,0.177996470242215
0.3065,0.178456449206755
0.307,0.178916524403984
0.3075,0.179377036287599
0.308,0.179838321029565
0.3085,0.180300708993442
0.309,0.180764523259432
0.3095,0.181230078207621
0.31,0.181697678165274
0.3105,0.182167616123336
0.311,0.182640172526682
0.3115,0.18311561414194
0.312,0.183594193006159
0.3125,0.184076145458898
0.313,0.184561691259798
0.3135,0.185051032793106
0.314,0.185544354360126
0.3145,0.186041821560089
0.315,0.186543580759515
0.3155,0.187049758649719
0.316,0.187560461891791
0.3165,0.188075776848058
0.317,0.188595769398755
0.3175,0.189120484842419
0.318,0.189649947878296
0.3185,0.19018416266891
0.319,0.190723112980799
0.3195,0.191266762401289
0.32,0.191815054629142
0.3205,0.192367913836794
0.321,0.192925245101887
0.3215,0.193486934905742
0.322,0.194052851696399
0.3225,0.194622846513832
0.323,0.195196753674924
0.3235,0.195774391515759
0.324,0.196355563188792
0.3245,0.196940057512402
0.325,0.197527649870304
0.3255,0.198118103158265
0.326,0.198711168775476
0.3265,0.199306587657902
0.327,0.199904091350775
0.3275,0.200503403117372
0.328,0.201104239081013
0.3285,0.201706309397125
0.329,0.202309319452041
0.3295,0.202912971085014
0.33,0.203516963829767
0.3305,0.204120996171655
0.331,0.204724766816333
0.3315,0.205327975965586
0.332,0.205930326595751
0.3325,0.206531525733922
0.333,0.207131285726936
0.3335,0.207729325497877
0.334,0.208325371784666
0.3345,0.208919160355118
0.335,0.209510437192658
0.3355,0.210098959646806
0.336,0.21068449754241
0.3365,0.211266834241576
0.337,0.21184576765224
0.3375,0.212421111177362
0.338,0.21299269459885
0.3385,0.213560364890478
0.339,0.214123986954267
0.3395,0.214683444275151
0.34,0.215238639489031
0.3405,0.215789494859814
0.341,0.216335952661466
0.3415,0.21687797546169
0.342,0.217415546304411
0.3425,0.217948668788921
0.343,0.218477367044223
0.3435,0.219001685597827
0.344,0.219521689139035
0.3445,0.220037462177476
0.345,0.220549108598483
0.3455,0.221056751117633
0.346,0.221560530637549
0.3465,0.222060605510805
0.347,0.222557150713453
0.3475,0.223050356934375
0.348,0.223540429586241
0.3485,0.224027587744427
0.349,0.224512063020697
0.3495,0.224994098378882
0.35,0.225473946900112
0.3505,0.225951870505407
0.351,0.226428138643614
0.3515,0.226903026952763
0.352,0.227376815902948
0.3525,0.227849789428757
0.353,0.228322233559169
0.3535,0.228794435052632
0.354,0.229266680044763
0.3545,0.229739252715842
0.355,0.230212433984862
0.3555,0.230686500236542
0.356,0.231161722087248
0.3565,0.231638363195331
0.357,0.232116679120891
0.3575,0.232596916239517
0.358,0.233079310714028
0.3585,0.233564087527766
0.359,0.234051459582516
0.3595,0.234541626863606
0.36,0.235034775674356
0.3605,0.235531077941517
0.361,0.236030690593015
0.3615,0.236533755008832
0.362,0.237040396545569
0.3625,0.237550724134846
0.363,0.238064829955398
0.3635,0.238582789178461
0.364,0.23910465978576
0.3645,0.2396304824592
0.365,0.240160280541166
0.3655,0.24069406006414
0.366,0.241231809848213
0.3665,0.241773501664914
0.367,0.242319090465676
0.3675,0.242868514673159
0.368,0.243421696533556
0.3685,0.243978542527941
0.369,0.244538943840642
0.3695,0.245102776882582
0.37,0.245669903867448
0.3705,0.246240173438513
0.371,0.246813421343886
0.3715,0.247389471157884
0.372,0.247968135046184
0.3725,0.248549214572339
0.373,0.249132501543159
0.3735,0.249717778890392
0.374,0.250304821586036
0.3745,0.250893397588526
0.375,0.251483268816911
0.3755,0.252074192150039
0.376,0.252665920447622
0.3765,0.253258203589922
0.377,0.253850789532648
0.3775,0.254443425373517
0.378,0.255035858426763
0.3785,0.255627837301713
0.379,0.256219112981431
0.3795,0.256809439897225
0.38,0.257398576994713
0.3805,0.257986288786974
0.381,0.258572346390219
0.3815,0.259156528537275
0.382,0.259738622564142
0.3825,0.26031842536477
0.383,0.260895744309228
0.3835,0.261470398120401
0.384,0.262042217704417
0.3845,0.262611046930078
0.385,0.263176743352694
0.3855,0.263739178877883
0.386,0.264298240361105
0.3865,0.264853830138987
0.387,0.265405866488746
0.3875,0.265954284012424
0.388,0.266499033942999
0.3885,0.267040084369894
0.389,0.267577420381858
0.3895,0.268111044125726
0.39,0.268640974780059
0.3905,0.269167248443265
0.391,0.269689917936337
0.3915,0.270209052520951
0.392,0.270724737534246
0.3925,0.271237073942199
0.393,0.271746177814055
0.3935,0.272252179720868
0.394,0.272755224061695
0.3945,0.273255468321512
0.395,0.273753082265373
0.3955,0.274248247073737
0.396,0.274741154424292
0.3965,0.275232005525874
0.397,0.275721010110402
0.3975,0.2762083853889
0.398,0.276694354977882
0.3985,0.277179147802434
0.399,0.277662996982367
0.3995,0.278146138707828
0.4,0.278628811110638
0.4005,0.279111253137549
0.401,0.27959370343141
0.4015,0.280076399226054
0.402,0.280559575260431
0.4025,0.281043462717286
0.403,0.281528288191312
0.4035,0.282014272691426
0.404,0.282501630681439
0.4045,0.282990569163049
0.405,0.283481286804687
0.4055,0.283973973119406
0.406,0.28446880769461
0.4065,0.284965959476048
0.407,0.285465586108158
0.4075,0.285967833332458
0.408,0.286472834445392
0.4085,0.286980709816672
0.409,0.287491566468873
0.4095,0.288005497718754
0.41,0.288522582880495
0.4105,0.289042887030806
0.411,0.289566460835612
0.4115,0.290093340437843
0.412,0.29062354740562
0.4125,0.291157088739998
0.413,0.291693956941235
0.4135,0.292234130132436
0.414,0.292777572239274
0.4145,0.293324233224396
0.415,0.293874049374998
0.4155,0.294426943641971
0.416,0.294982826028919
0.4165,0.295541594029288
0.417,0.296103133109748
0.4175,0.296667317237919
0.418,0.297234009452425
0.4185,0.297803062473237
0.419,0.298374319350145
0.4195,0.298947614147152
0.42,0.2995227726605
0.4205,0.300099613167952
0.421,0.300677947206867
0.4215,0.301257580378516
0.422,0.301838313176
0.4225,0.302419941833014
0.423,0.3030022591906
0.4235,0.303585055578959
0.424,0.304168119711206
0.4245,0.304751239585939
0.425,0.305334203395288
0.4255,0.305916800435069
0.426,0.306498822013528
0.4265,0.307080062355062
0.427,0.307660319495235
0.4275,0.308239396163293
0.428,0.308817100648341
0.4285,0.309393247645278
0.429,0.309967659076558
0.4295,0.310540164885834
0.43,0.311110603799538
0.4305,0.311678824052506
0.431,0.312244684073815
0.4315,0.312808053129076
0.432,0.313368811915576
0.4325,0.313926853106804
0.433,0.314482081843097
0.4335,0.315034416165344
0.434,0.315583787388979
0.4345,0.316130140415736
0.435,0.316673433981003
0.4355,0.317213640834922
0.436,0.317750747855787
0.4365,0.318284756094651
0.437,0.318815680750512
0.4375,0.319343551075838
0.438,0.319868410212657
0.4385,0.32039031495988
0.439,0.320909335472966
0.4395,0.321425554897496
0.44,0.321939068938644
0.4405,0.322449985368978
0.441,0.322958423477396
0.4415,0.323464513462421
0.442,0.323968395773399
0.4425,0.324470220403494
0.443,0.324970146138636
0.4435,0.325468339766863
0.444,0.325964975252676
0.4445,0.326460232881218
0.445,0.326954298377215
0.4455,0.3274473620037
0.446,0.327939617645582
0.4465,0.328431261883147
0.447,0.328922493060511
0.4475,0.329413510353999
0.448,0.329904512845301
0.4485,0.330395698604125
0.449,0.330887263784873
0.4495,0.331379401741703
0.45,0.331872302166086
0.4505,0.332366150250745
0.451,0.332861125883602
0.4515,0.333357402875086
0.452,0.33385514822188
0.4525,0.334354521409895
0.453,0.334855673758984
0.4535,0.33535874781161
0.454,0.33586387676739
0.4545,0.336371183965188
0.455,0.336880782414117
0.4555,0.337392774374585
0.456,0.337907250990232
0.4565,0.338424291971385
0.457,0.338943965330436
0.4575,0.339466327169288
0.458,0.339991421518872
0.4585,0.340519280230493
0.459,0.341049922918619
0.4595,0.341583356954551
0.46,0.342119577510261
0.4605,0.342658567651538
0.461,0.343200298479474
0.4615,0.343744729319164
0.462,0.344291807954433
0.4625,0.344841470907245
0.463,0.345393643760402
0.4635,0.345948241522011
0.464,0.346505169030144
0.4645,0.347064321395998
0.465,0.347625584483816
0.4655,0.348188835425732
0.466,0.348753943169623
0.4665,0.349320769057995
0.467,0.349889167435815
0.4675,0.350458986285169
0.468,0.351030067884507
0.4685,0.351602249490174
0.469,0.35217536403784
0.4695,0.352749240861352
0.47,0.353323706426471
0.4705,0.35389858507683
0.471,0.354473699789408
0.4715,0.355048872936711
0.472,0.355623927052774
0.4725,0.356198685600023
0.473,0.356772973733974
0.4735,0.357346619062666
0.474,0.357919452397688
0.4745,0.358491308493601
0.475,0.359062026772533
0.4755,0.359631452030693
0.476,0.360199435123559
0.4765,0.360765833626508
0.477,0.361330512467669
0.4775,0.36189334452985
0.478,0.362454211218463
0.4785,0.363013002992456
0.479,0.363569619855385
0.4795,0.364123971803903
0.48,0.364675979231116
0.4805,0.36522557328243
0.481,0.365772696161753
0.4815,0.366317301386123
0.482,0.366859353987132
0.4825,0.367398830657746
0.483,0.367935719843472
0.4835,0.368470021777087
0.484,0.369001748456509
0.4845,0.369530923565698
0.485,0.370057582338839
0.4855,0.370581771368387
0.486,0.371103548357921
0.4865,0.371622981821081
0.487,0.37214015072821
0.4875,0.37265514410263
0.488,0.373168060568836
0.4885,0.373679007855126
0.489,0.374188102253516
0.4895,0.374695468040009
0.49,0.375201236858522
0.4905,0.37570554707198
0.491,0.376208543084245
0.4915,0.376710374636704
0.492,0.37721119608344
0.4925,0.377711165648979
0.493,0.37821044467268
0.4935,0.37870919684382
0.494,0.379207587431437
0.4945,0.379705782512938
0.495,0.3802039482054
0.4955,0.380702249903432
0.496,0.381200851527301
0.4965,0.38169991478491
0.497,0.382199598451065
0.4975,0.382700057667262
0.498,0.38320144326506
0.4985,0.383703901115893
0.499,0.384207571509971
0.4995,0.384712588566687
0.5,0.385219079678741
0.5005,0.385727164991957
0.501,0.386236956922554
0.5015,0.386748559713397
0.502,0.387262069030539
0.5025,0.387777571601159
0.503,0.388295144893774
0.5035,0.388814856841418
0.504,0.38933676560827
0.5045,0.389860919400046
0.505,0.390387356318266
0.5055,0.390916104258375
0.506,0.391447180851495
0.5065,0.391980593449472
0.507,0.392516339152722
0.5075,0.393054404880247
0.508,0.393594767481073
0.5085,0.394137393886243
0.509,0.394682241300393
0.5095,0.395229257431822
0.51,0.395778380759882
0.5105,0.396329540838415
0.511,0.396882658633882
0.5115,0.397437646896731
0.512,0.39799441056449
0.5125,0.398552847194962
0.513,0.399112847427862
0.5135,0.399674295473116
0.514,0.40023706962401
0.5145,0.400801042793265
0.515,0.401366083070084
0.5155,0.401932054296091
0.516,0.402498816658078
0.5165,0.403066227295339
0.517,0.403634140919354
0.5175,0.404202410443495
0.518,0.404770887620365
0.5185,0.405339423684317
0.519,0.405907869996666
0.5195,0.406476078691019
0.52,0.407043903316132
0.5205,0.407611199473655
0.521,0.408177825448082
0.5215,0.408743642826231
0.522,0.409308517103524
0.5225,0.4098723182744
0.523,0.410434921404125
0.5235,0.41099620717938
0.524,0.411556062434971
0.5245,0.412114380654118
0.525,0.412671062439827
0.5255,0.413226015954945
0.526,0.413779157328611
0.5265,0.414330411026953
0.527,0.414879710185994
0.5275,0.415426996904936
0.528,0.415972222498133
0.5285,0.416515347704286
0.529,0.417056342851594
0.5295,0.417595187977818
0.53,0.418131872904459
0.5305,0.418666397264508
0.531,0.419198770483465
0.5315,0.419729011713597
0.532,0.420257149721698
0.5325,0.420783222730838
0.533,0.421307278216902
0.5335,0.421829372660977
0.534,0.422349571258877
0.5345,0.42286794758941
0.535,0.423384583243169
0.5355,0.42389956741391
0.536,0.424412996454772
0.5365,0.424924973401789
0.537,0.425435607467349
0.5375,0.425945013506372
0.538,0.426453311458173
0.5385,0.42696062576703
0.539,0.427467084784621
0.5395,0.427972820157533
0.54,0.428477966203101
0.5405,0.428982659276847
0.541,0.429487037134811
0.5415,0.429991238294014
0.542,0.430495401394266
0.5425,0.430999664564465
0.543,0.431504164796439
0.5435,0.4320090373293
0.544,0.432514415047152
0.5445,0.433020427892859
0.545,0.43352720230045
0.5455,0.434034860648586
0.546,0.434543520737332
0.5465,0.435053295290343
0.547,0.435564291484362
0.5475,0.436076610507796
0.548,0.436590347149908
0.5485,0.437105589422031
0.549,0.437622418212003
0.5495,0.438140906972859
0.55,0.438661121446631
0.5505,0.439183119423966
0.551,0.439706950540064
0.5515,0.44023265610733
0.552,0.44076026898494
0.5525,0.441289813485387
0.553,0.441821305317954
0.5535,0.442354751568882
0.554,0.442890150717923
0.5545,0.4434274926908
0.555,0.443966758947025
0.5555,0.444507922602368
0.556,0.445050948585217
0.5565,0.445595793825923
0.557,0.446142407478166
0.5575,0.446690731171264
0.558,0.447240699292273
0.5585,0.447792239296643
0.559,0.448345272046109
0.5595,0.448899712172435
0.56,0.449455468465531
0.5605,0.45001244428442
0.561,0.450570537989446
0.5615,0.45112964339405
0.562,0.451689650234372
0.5625,0.452250444654899
0.563,0.45281190970828
0.5635,0.453373925867399
0.564,0.453936371547735
0.5645,0.454499123637987
0.565,0.455062058036879
0.5655,0.455625050194041
0.566,0.456187975652796
0.5665,0.456750710592667
0.567,0.457313132369374
0.5675,0.457875120050084
0.568,0.458436554941639
0.5685,0.458997321109516
0.569,0.45955730588523
0.5695,0.460116400359942
0.57,0.46067449986204
0.5705,0.461231504416485
0.571,0.461787319183784
0.5715,0.462341854876495
0.572,0.462895028151231
0.5725,0.463446761974243
0.573,0.463996985958728
0.5735,0.464545636672147
0.574,0.465092657911942
0.5745,0.465638000948185
0.575,0.46618162473186
0.5755,0.466723496067603
0.576,0.467263589749939
0.5765,0.467801888662219
0.577,0.468338383837645
0.5775,0.468873074481989
0.578,0.469405967957807
0.5785,0.469937079730162
0.579,0.470466433274087
0.5795,0.470994059944225
0.58,0.471519998807306
0.5805,0.472044296438325
0.581,0.472567006681499
0.5815,0.473088190377271
0.582,0.473607915056831
0.5825,0.474126254605791
0.583,0.474643288898854
0.5835,0.475159103407418
0.584,0.475673788782271
0.5845,0.476187440413594
0.585,0.476700157970643
0.5855,0.477212044923572
0.586,0.477723208049904
0.5865,0.478233756928261
0.587,0.478743803421981
0.5875,0.479253461155261
0.588,0.479762844984513
0.5885,0.480272070467552
0.589,0.48078125333327
0.5895,0.48129050895434
0.59,0.4817999518255
0.5905,0.482309695049839
0.591,0.482819849835471
0.5915,0.483330525004834
0.592,0.4838418265188
0.5925,0.484353857017623
0.593,0.484866715380648
0.5935,0.485380496306575
0.594,0.485895289915924
0.5945,0.486411181377233
0.595,0.486928250558342
0.5955,0.487446571704021
0.596,0.487966213141007
0.5965,0.488487237011412
0.597,0.489009699035291
0.5975,0.489533648303047
0.598,0.490059127098189
0.5985,0.490586170750838
0.599,0.491114807522234
0.5995,0.491645058520391
0.6,0.492176937646894
0.6005,0.492710451574745
0.601,0.493245599757021
0.6015,0.49378237446603
0.602,0.494320760862513
0.6025,0.494860737094368
0.603,0.495402274424257
0.6035,0.495945337385374
0.604,0.496489883964566
0.6045,0.497035865811903
0.605,0.497583228475735
0.6055,0.498131911662163
0.606,0.49868184951782
0.6065,0.499232970934748
0.607,0.499785199876113
0.6075,0.500338455721424
0.608,0.500892653629869
0.6085,0.501447704920313
0.609,0.502003517466442
0.6095,0.502559996105499
0.61,0.503117043058995
0.6105,0.503674558363728
0.611,0.504232440311396
0.6115,0.504790585895072
0.612,0.505348891260729
0.6125,0.505907252162013
0.613,0.506465564416403
0.6135,0.507023724360884
0.614,0.507581629305244
0.6145,0.508139177981091
0.615,0.50869627098468
0.6155,0.509252811211632
0.616,0.509808704281676
0.6165,0.510363858951495
0.617,0.510918187513859
0.6175,0.511471606181208
0.618,0.512024035451923
0.6185,0.512575400457562
0.619,0.513125631289423
0.6195,0.513674663302851
0.62,0.514222437397801
0.6205,0.514768900274279
0.621,0.515314004661358
0.6215,0.515857709518616
0.622,0.516399980208951
0.6225,0.516940788641855
0.623,0.517480113386397
0.6235,0.518017939753287
0.624,0.51855425984557
0.6245,0.519089072577643
0.625,0.519622383662472
0.6255,0.520154205567039
0.626,0.520684557436229
0.6265,0.521213464985526
0.627,0.521740960363084
0.6275,0.522267081981859
0.628,0.52279187432271
0.6285,0.523315387709484
0.629,0.523837678057285
0.6295,0.524358806595257
0.63,0.524878839565352
0.6305,0.52539784789868
0.631,0.525915906871146
0.6315,0.526433095740193
0.632,0.526949497364562
0.6325,0.527465197809038
0.633,0.527980285936238
0.6335,0.52849485298755
0.634,0.529008992155335
0.6345,0.529522798148576
0.635,0.530036366754126
0.6355,0.530549794395731
0.636,0.531063177692967
0.6365,0.531576613022216
0.637,0.53209019608176
0.6375,0.532604021463012
0.638,0.533118182229852
0.6385,0.533632769507961
0.639,0.534147872085948
0.6395,0.534663576030019
0.64,0.535179964313783
0.6405,0.535697116464746
0.641,0.536215108228894
0.6415,0.536734011254686
0.642,0.537253892797651
0.6425,0.537774815446669
0.643,0.5382968368729
0.6435,0.538820009602217
0.644,0.539344380811867
0.6445,0.539869992151977
0.645,0.540396879592409
0.6455,0.540925073295341
0.646,0.541454597513869
0.6465,0.541985470516764
0.647,0.542517704539484
0.6475,0.543051305761366
0.648,0.543586274308873
0.6485,0.544122604284648
0.649,0.544660283822054
0.6495,0.545199295164762
0.65,0.545739614770895
0.6505,0.546281213441124
0.651,0.546824056470049
0.6515,0.547368103820118
0.652,0.547913310317264
0.6525,0.548459625867358
0.653,0.549006995692535
0.6535,0.549555360586359
0.654,0.550104657186737
0.6545,0.550654818265457
0.655,0.55120577303313
0.6555,0.5517574474583
0.656,0.552309764599405
0.6565,0.55286264494826
0.657,0.55341600678364
0.6575,0.553969766533567
0.658,0.554523839144789
0.6585,0.555078138457986
0.659,0.555632577587138
0.6595,0.55618706930152
0.66,0.556741526408724
0.6605,0.557295862137135
0.661,0.557849990516234
0.6615,0.55840382675313
0.662,0.558957287603707
0.6625,0.559510291736786
0.663,0.560062760089701
0.6635,0.560614616213742
0.664,0.561165786607903
0.6645,0.561716201039443
0.665,0.562265792849791
0.6655,0.562814499244391
0.666,0.56336226156513
0.6665,0.563909025544064
0.667,0.564454741537238
0.6675,0.564999364737465
0.668,0.565542855365038
0.6685,0.566085178835426
0.669,0.566626305903129
0.6695,0.567166212780966
0.67,0.567704881234191
0.6705,0.568242298648956
0.671,0.568778458074771
0.6715,0.569313358240721
0.672,0.56984700354537
0.6725,0.570379404020388
0.673,0.570910575268076
0.6735,0.571440538373122
0.674,0.571969319789041
0.6745,0.572496951199873
0.675,0.573023469357881
0.6755,0.57354891589808
0.676,0.574073337130575
0.6765,0.574596783811786
0.677,0.575119310895753
0.6775,0.575640977266828
0.678,0.576161845455121
0.6785,0.576681981336195
0.679,0.577201453816538
0.6795,0.577720334506434
0.68,0.578238697381885
0.6805,0.578756618437319
0.681,0.579274175330783
0.6815,0.57979144702343
0.682,0.580308513415035
0.6825,0.580825454977343
0.683,0.581342352386997
0.6835,0.581859286159798
0.684,0.582376336288016
0.6845,0.582893581882425
0.685,0.583411100820697
0.6855,0.583928969403734
0.686,0.584447262021453
0.6865,0.58496605082947
0.687,0.585485405438062
0.6875,0.586005392614696
0.688,0.586526076001342
0.6885,0.587047515847689
0.689,0.587569768761308
0.6895,0.58809288747569
0.69,0.588616920637008
0.6905,0.589141912610373
0.691,0.589667903306205
0.6915,0.590194928027307
0.692,0.590723017337095
0.6925,0.591252196949336
0.693,0.591782487639689
0.6935,0.592313905179217
0.694,0.592846460289959
0.6945,0.59338015862256
0.695,0.593915000755882
0.6955,0.59445098221841
0.696,0.594988093531216
0.6965,0.595526320272127
0.697,0.596065643160715
0.6975,0.596606038163596
0.698,0.59714747661951
0.6985,0.597689925383535
0.699,0.598233346989765
0.6995,0.598777699831688
0.7,0.599322938359456
0.7005,0.599869013293173
0.701,0.60041587185128
0.7015,0.600963457993062
0.702,0.601511712674237
0.7025,0.602060574114573
0.703,0.602609978076401
0.7035,0.603159858152877
0.704,0.603710146064795
0.7045,0.604260771964721
0.705,0.604811664747193
0.7055,0.605362752363699
0.706,0.60591396214113
0.7065,0.606465221102365
0.707,0.607016456287665
0.7075,0.607567595075507
0.708,0.608118565501502
0.7085,0.608669296574046
0.709,0.60921971858533
0.7095,0.609769763416384
0.71,0.610319364834805
0.7105,0.610868458783872
0.711,0.611416983661755
0.7115,0.611964880589583
0.712,0.612512093667141
0.7125,0.613058570215052
0.713,0.613604261002319
0.7135,0.614149120458178
0.714,0.614693106867274
0.7145,0.61523618254724
0.715,0.615778314007837
0.7155,0.616319472090907
0.716,0.616859632090443
0.7165,0.61739877385223
0.717,0.617936881852541
0.7175,0.618473945255531
0.718,0.619009957949043
0.7185,0.619544918558652
0.719,0.620078830439884
0.7195,0.62061170164867
0.72,0.621143544890174
0.7205,0.621674377446282
0.721,0.62220422108212
0.7215,0.622733101932085
0.722,0.623261050365993
0.7225,0.623788100836021
0.723,0.62431429170525
0.7235,0.624839665058677
0.724,0.625364266497692
0.7245,0.625888144919045
0.725,0.626411352279461
0.7255,0.626933943347086
0.726,0.627455975441032
0.7265,0.627977508160321
0.727,0.628498603103609
0.7275,0.629019323581061
0.728,0.629539734319822
0.7285,0.63005990116451
0.729,0.630579890774197
0.7295,0.631099770317342
0.73,0.631619607166108
0.7305,0.632139468591529
0.731,0.632659421460937
0.7315,0.633179531939035
0.732,0.633699865193982
0.7325,0.634220485109811
0.733,0.634741454006436
0.7335,0.63526283236848
0.734,0.635784678584063
0.7345,0.636307048694674
0.735,0.63682999615713
0.7355,0.637353571618603
0.736,0.637877822705587
0.7365,0.638402793827634
0.737,0.638928525996578
0.7375,0.639455056661924
0.738,0.639982419562961
0.7385,0.640510644598107
0.739,0.641039757711909
0.7395,0.641569780800023
0.74,0.642100731632448
0.7405,0.642632623795173
0.741,0.643165466650369
0.7415,0.643699265315118
0.742,0.644234020658661
0.7425,0.64476972931802
0.743,0.645306383731818
0.7435,0.645843972192014
0.744,0.64638247891325
0.7445,0.646921884119392
0.745,0.647462164146814
0.7455,0.648003291563911
0.746,0.648545235306263
0.7465,0.64908796082681
0.747,0.649631430260359
0.7475,0.650175602601687
0.748,0.650720433896449
0.7485,0.651265877444059
0.749,0.651811884011685
0.7495,0.652358402058417
0.75,0.65290537796868
0.7505,0.653452756293892
0.751,0.654000480001356
0.7515,0.654548490729324
0.752,0.655096729047182
0.7525,0.655645134719645
0.753,0.656193646973855
0.7535,0.65674220476825
0.754,0.657290747062076
0.7545,0.657839213084382
0.755,0.658387542601361
0.7555,0.65893567618088
0.756,0.659483555453068
0.7565,0.66003112336583
0.757,0.660578324434158
0.7575,0.661125104982169
0.758,0.661671413376782
0.7585,0.662217200251997
0.759,0.662762418722781
0.7595,0.663307024587592
0.76,0.663850976518621
0.7605,0.664394236238893
0.761,0.664936768685409
0.7615,0.665478542157575
0.762,0.666019528450239
0.7625,0.666559702970717
0.763,0.667099044839255
0.7635,0.667637536972468
0.764,0.668175166149366
0.7645,0.668711923059656
0.765,0.669247802334107
0.7655,0.669782802556847
0.766,0.670316926259536
0.7665,0.670850179897474
0.767,0.671382573807776
0.7675,0.671914122149829
0.768,0.672444842828364
0.7685,0.672974757399526
0.769,0.673503890960434
0.7695,0.674032272022809
0.77,0.674559932371304
0.7705,0.675086906907268
0.771,0.675613233478741
0.7715,0.67613895269753
0.772,0.676664107744314
0.7725,0.677188744162725
0.773,0.677712909643467
0.7735,0.678236653799526
0.774,0.678760027933588
0.7745,0.679283084798819
0.775,0.679805878354157
0.7755,0.680328463515319
0.776,0.680850895902707
0.7765,0.681373231587425
0.777,0.681895526836598
0.7775,0.682417837859193
0.778,0.682940220553511
0.7785,0.683462730257518
0.779,0.683985421503124
0.7795,0.684508347775543
0.78,0.685031561278756
0.7805,0.685555112708134
0.781,0.686079051031176
0.7815,0.686603423277295
0.782,0.687128274337523
0.7825,0.687653646774962
0.783,0.688179580646727
0.7835,0.688706113338086
0.784,0.689233279409439
0.7845,0.689761110456693
0.785,0.690289634985546
0.7855,0.690818878300133
0.786,0.691348862406374
0.7865,0.691879605930366
0.787,0.692411124052032
0.7875,0.692943428454209
0.788,0.693476527287287
0.7885,0.694010425149425
0.789,0.694545123082338
0.7895,0.695080618582555
0.79,0.695616905628006
0.7905,0.696153974719742
0.791,0.696691812938494
0.7915,0.69723040401578
0.792,0.697769728419159
0.7925,0.698309763451214
0.793,0.698850483361775
0.7935,0.699391859472858
0.794,0.699933860315735
0.7945,0.700476451779524
0.795,0.701019597270619
0.7955,0.70156325788227
0.796,0.702107392573567
0.7965,0.702651958357051
0.797,0.703196910494133
0.7975,0.703742202697509
0.798,0.704287787339669
0.7985,0.704833615666646
0.799,0.705379638016067
0.7995,0.705925804038594
0.8,0.706472062921798
0.8005,0.707018363615531
0.801,0.707564655057802
0.8015,0.708110886400226
0.802,0.708657007232043
0.8025,0.709202967801766
0.803,0.709748719235487
0.8035,0.710294213750893
0.804,0.710839404866064
0.8045,0.711384247602127
0.805,0.711928698678894
0.8055,0.712472716702587
0.806,0.713016262344856
0.8065,0.71355929851225
0.807,0.714101790505416
0.8075,0.714643706167286
0.808,0.715185016019601
0.8085,0.715725693387138
0.809,0.716265714509088
0.8095,0.716805058637077
0.81,0.717343708119383
0.8105,0.717881648470965
0.811,0.718418868429005
0.8115,0.71895535999369
0.812,0.719491118454084
0.8125,0.720026142398976
0.813,0.720560433712661
0.8135,0.721093997555713
0.814,0.721626842330857
0.8145,0.722158979634127
0.815,0.722690424191565
0.8155,0.723221193781809
0.816,0.723751309144948
0.8165,0.724280793878129
0.817,0.724809674318442
0.8175,0.725337979413668
0.818,0.725865740581562
0.8185,0.726392991558356
0.819,0.726919768237254
0.8195,0.727446108497714
0.82,0.727972052026367
0.8205,0.728497640130451
0.821,0.729022915544672
0.8215,0.729547922232436
0.822,0.730072705182407
0.8225,0.730597310201373
0.823,0.731121783704404
0.8235,0.731646172503289
0.824,0.732170523594261
0.8245,0.732694883945969
0.825,0.733219300288708
0.8255,0.733743818905833
0.826,0.734268485428332
0.8265,0.734793344633443
0.827,0.735318440248238
0.8275,0.735843814758996
0.828,0.736369509227219
0.8285,0.736895563113046
0.829,0.73742201410682
0.8295,0.737948897969496
0.83,0.738476248382543
0.8305,0.739004096807923
0.831,0.739532472358714
0.8315,0.740061401680853
0.832,0.740590908846442
0.8325,0.74112101525901
0.833,0.741651739571045
0.8335,0.742183097614082
0.834,0.742715102341553
0.8345,0.743247763784568
0.835,0.743781089020718
0.8355,0.744315082155972
0.836,0.74484974431963
0.8365,0.745385073672305
0.837,0.745921065426799
0.8375,0.74645771188172
0.838,0.746995002467621
0.8385,0.747532923805394
0.839,0.748071459776623
0.8395,0.748610591605514
0.84,0.749150297952026
0.8405,0.749690555015741
0.841,0.750231336649994
0.8415,0.750772614485744
0.842,0.75131435806462
0.8425,0.751856534980545
0.843,0.752399111029327
0.8435,0.752942050365535
0.844,0.753485315665994
0.8445,0.754028868299183
0.845,0.754572668499807
0.8455,0.75511667554777
0.846,0.755660847950813
0.8465,0.756205143629996
0.847,0.756749520107246
0.8475,0.757293934694161
0.848,0.757838344681251
0.8485,0.758382707526809
0.849,0.758926981044582
0.8495,0.759471123589448
0.85,0.760015094240278
0.8505,0.760558852979193
0.851,0.761102360866436
0.8515,0.761645580210091
0.852,0.7621884747299
0.8525,0.762731009714465
0.853,0.763273152171137
0.8535,0.763814870967925
0.854,0.764356136966797
0.8545,0.764896923147789
0.855,0.765437204723348
0.8555,0.765976959242423
0.856,0.766516166683824
0.8565,0.767054809538437
0.857,0.767592872879935
0.8575,0.768130344423668
0.858,0.768667214573474
0.8585,0.769203476456214
0.859,0.769739125943893
0.8595,0.770274161663271
0.86,0.770808584992949
0.8605,0.771342400047967
0.861,0.771875613652004
0.8615,0.772408235297347
0.862,0.772940277092826
0.8625,0.773471753700006
0.863,0.774002682257958
0.8635,0.774533082296996
0.864,0.775062975641805
0.8645,0.775592386304476
0.865,0.776121340367949
0.8655,0.776649865860472
0.866,0.777177992621687
0.8665,0.777705752160995
0.867,0.778233177508909
0.8675,0.778760303062117
0.868,0.779287164422991
0.8685,0.77981379823434
0.869,0.780340242010173
0.8695,0.780866533963305
0.87,0.781392712830591
0.8705,0.781918817696636
0.871,0.782444887816788
0.8715,0.78297096244023
0.872,0.783497080633994
0.8725,0.784023281108682
0.873,0.784549602046698
0.8735,0.785076080933733
0.874,0.785602754394271
0.8745,0.786129658031816
0.875,0.786656826274541
0.8755,0.787184292227011
0.876,0.787712087528612
0.8765,0.788240242219263
0.877,0.788768784612971
0.8775,0.789297741179734
0.878,0.789827136436259
0.8785,0.790356992845916
0.879,0.79088733072831
0.8795,0.791418168178812
0.88,0.791949520998315
0.8805,0.792481402633476
0.881,0.79301382412763
0.8815,0.793546794082517
0.882,0.794080318630925
0.8825,0.794614401420304
0.883,0.795149043607348
0.8835,0.795684243863515
0.884,0.796219998391386
0.8845,0.796756300951745
0.885,0.797293142901205
0.8855,0.797830513240159
0.886,0.798368398670795
0.8865,0.798906783664903
0.887,0.799445650541109
0.8875,0.799984979551184
0.888,0.800524748975017
0.8885,0.801064935223817
0.889,0.801605512951059
0.8895,0.802146455170694
0.89,0.802687733382074
0.8905,0.803229317701052
0.891,0.803771176996669
0.8915,0.80431327903284
0.892,0.8048555906144
0.8925,0.805398077736895
0.893,0.805940705739454
0.8935,0.806483439460079
0.894,0.807026243392683
0.8945,0.807569081845199
0.895,0.808111919098061
0.8955,0.808654719562388
0.896,0.809197447937168
0.8965,0.809740069364769
0.897,0.810282549584103
0.8975,0.810824855080757
0.898,0.811366953233467
0.8985,0.811908812456258
0.899,0.812450402335663
0.8995,0.812991693762393
0.9,0.813532659056884
0.9005,0.814073272088188
0.901,0.814613508385655
0.9015,0.815153345242933
0.902,0.815692761813826
0.9025,0.816231739199578
0.903,0.816770260527211
0.9035,0.817308311018565
0.904,0.817845878049745
0.9045,0.818382951200711
0.905,0.818919522294815
0.9055,0.819455585428099
0.906,0.819991136988254
0.9065,0.820526175663172
0.907,0.82106070243906
0.9075,0.821594720588158
0.908,0.822128235646143
0.9085,0.822661255379332
0.909,0.823193789741884
0.9095,0.823725850823208
0.91,0.824257452785861
0.9105,0.824788611794241
0.911,0.825319345934453
0.9115,0.825849675125723
0.912,0.82637962102383
0.9125,0.826909206917017
0.913,0.827438457614883
0.9135,0.827967399330835
0.914,0.828496059558626
0.9145,0.829024466943613
0.915,0.829552651149337
0.9155,0.830080642720064
0.916,0.83060847293995
0.9165,0.831136173689481
0.917,0.831663777299881
0.9175,0.832191316406144
0.918,0.832718823799402
0.9185,0.833246332279275
0.919,0.833773874506902
0.9195,0.834301482859306
0.92,0.834829189285761
0.9205,0.835357025166773
0.921,0.835885021176338
0.9215,0.836413207148041
0.922,0.836941611945599
0.9225,0.83747026333839
0.923,0.837999187882509
0.9235,0.838528410807826
0.924,0.839057955911533
0.9245,0.839587845458606
0.925,0.84011810008957
0.9255,0.840648738735947
0.926,0.841179778543697
0.9265,0.841711234804952
0.927,0.842243120898282
0.9275,0.842775448237705
0.928,0.843308226230626
0.9285,0.843841462244806
0.929,0.844375161584484
0.9295,0.84490932747568
0.93,0.845443961060708
0.9305,0.845979061401857
0.931,0.846514625494189
0.9315,0.847050648287339
0.932,0.847587122716185
0.9325,0.848124039740208
0.933,0.848661388391338
0.9335,0.849199155830022
0.934,0.849737327409268
0.9345,0.850275886746318
0.935,0.850814815801643
0.9355,0.851354094964871
0.936,0.851893703147264
0.9365,0.852433617880314
0.937,0.852973815420024
0.9375,0.853514270856396
0.938,0.854054958227645
0.9385,0.854595850638633
0.939,0.855136920383001
0.9395,0.855678139068461
0.94,0.856219477744694
0.9405,0.856760907033309
0.941,0.857302397259283
0.9415,0.857843918583311
0.942,0.858385441134489
0.9425,0.858926935142766
0.943,0.859468371070558
0.9435,0.860009719742984
0.944,0.860550952476129
0.9445,0.861092041202795
0.945,0.861632958595173
0.9455,0.86217367818392
0.946,0.862714174473097
0.9465,0.863254423050486
0.947,0.863794400692794
0.9475,0.864334085465281
0.948,0.864873456815379
0.9485,0.865412495659896
0.949,0.865951184465419
0.9495,0.866489507321564
0.95,0.867027450006762
0.9505,0.86756500004629
0.951,0.868102146762304
0.9515,0.86863888131565
0.952,0.869175196739295
0.9525,0.869711087963233
0.953,0.870246551830768
0.9535,0.870781587106122
0.954,0.87131619447336
0.9545,0.871850376526639
0.955,0.872384137751868
0.9555,0.872917484499875
0.956,0.873450424951225
0.9565,0.873982969072884
0.957,0.874515128566946
0.9575,0.87504691681169
0.958,0.875578348795251
0.9585,0.876109441042258
0.959,0.876640211533781
0.9595,0.87717067962099
0.96,0.87770086593295
0.9605,0.878230792278995
0.961,0.878760481546158
0.9615,0.879289957592141
0.962,0.879819245134353
0.9625,0.880348369635521
0.963,0.88087735718644
0.9635,0.881406234386389
0.964,0.881935028221792
0.9645,0.882463765943671
0.965,0.882992474944468
0.9655,0.8835211826348
0.966,0.884049916320696
0.9665,0.884578703081884
0.967,0.885107569651675
0.9675,0.885636542298962
0.968,0.886165646712871
0.9685,0.886694907890567
0.969,0.88722435002869
0.9695,0.887753996418899
0.97,0.888283869347967
0.9705,0.888813990002834
0.971,0.889344378381028
0.9715,0.889875053206816
0.972,0.890406031853418
0.9725,0.890937330271594
0.973,0.891468962924898
0.9735,0.892000942731822
0.974,0.892533281015061
0.9745,0.893065987458079
0.975,0.893599070069121
0.9755,0.894132535152792
0.976,0.894666387289283
0.9765,0.895200629321292
0.977,0.895735262348659
0.9775,0.896270285730695
0.978,0.89680569709616
0.9785,0.897341492360807
0.979,0.897877665752369
0.9795,0.898414209842862
0.98,0.898951115588022
0.9805,0.899488372373665
0.981,0.900025968068758
0.9815,0.900563889084925
0.982,0.901102120442115
0.9825,0.90164064584012
0.983,0.902179447735616
0.9835,0.902718507424364
0.984,0.903257805128214
0.9845,0.903797320086495
0.985,0.904337030651413
0.9855,0.904876914387003
0.986,0.905416948171209
0.9865,0.905957108300643
0.987,0.906497370597551
0.9875,0.907037710518526
0.988,0.907578103264487
0.9885,0.908118523891431
0.989,0.908658947421497
0.9895,0.90919934895383
0.99,0.909739703774782
0.9905,0.910279987466952
0.991,0.910820176016601
0.9915,0.911360245918962
0.992,0.911900174281
0.9925,0.912439938921154
0.993,0.91297951846564
0.9935,0.913518892440894
0.994,0.914058041361742
0.9945,0.914596946814922
0.995,0.915135591537588
0.9955,0.915673959490464
0.996,0.916212035925317
0.9965,0.916749807446468
0.997,0.917287262066077
0.9975,0.917824389252955
0.998,0.918361179974703
0.9985,0.918897626733015
0.999,0.919433723591967
0.9995,0.919969466199217
1,0.920504851800008
1.0005,0.921039879243947
1.001,0.921574548984536
1.0015,0.922108863071476
1.002,0.922642825135809
1.0025,0.923176440367975
1.003,0.92370971548891
1.0035,0.924242658714339
1.004,0.924775279712442
1.0045,0.925307589555122
1.005,0.925839600663105
1.0055,0.926371326745155
1.006,0.926902782731695
1.0065,0.927433984703175
1.007,0.927964949813512
1.0075,0.928495696208994
1.008,0.929026242943025
1.0085,0.929556609887123
1.009,0.930086817638596
1.0095,0.930616887425323
1.01,0.931146841008104
1.0105,0.931676700581023
1.011,0.932206488670288
1.0115,0.932736228032024
1.012,0.933265941549481
1.0125,0.933795652130131
1.013,0.93432538260312
1.0135,0.934855155617535
1.014,0.935384993541943
1.0145,0.935914918365655
1.015,0.936444951602138
1.0155,0.93697511419501
1.016,0.937505426427014
1.0165,0.93803590783238
1.017,0.938566577112928
1.0175,0.939097452058285
1.018,0.939628549470527
1.0185,0.940159885093588
1.019,0.940691473547689
1.0195,0.941223328269075
1.02,0.941755461455285
1.0205,0.942287884016175
1.021,0.94282060553087
1.0215,0.943353634210804
1.022,0.943886976868993
1.0225,0.944420638895615
1.023,0.944954624240002
1.0235,0.945488935399062
1.024,0.94602357341217
1.0245,0.946558537862508
1.025,0.947093826884817
1.0255,0.947629437179499
1.026,0.948165364032971
1.0265,0.948701601344172
1.027,0.949238141657049
1.0275,0.949774976198886
1.028,0.950312094924266
1.0285,0.950849486564451
1.029,0.95138713868196
1.0295,0.951925037730063
1.03,0.952463169116937
1.0305,0.953001517274175
1.031,0.953540065729338
1.0315,0.954078797182216
1.032,0.954617693584469
1.0325,0.955156736222271
1.033,0.955695905801603
1.0335,0.956235182535807
1.034,0.956774546235018
1.0345,0.957313976397074
1.035,0.957853452299508
1.0355,0.958392953092214
1.036,0.958932457890374
1.0365,0.959471945867256
1.037,0.960011396346454
1.0375,0.960550788893182
1.038,0.961090103404214
1.0385,0.961629320196083
1.039,0.962168420091147
1.0395,0.962707384501156
1.04,0.963246195507941
1.0405,0.963784835940891
1.041,0.964323289450862
1.0415,0.964861540580219
1.042,0.965399574828682
1.0425,0.965937378714714
1.043,0.966474939832172
1.0435,0.967012246901984
1.044,0.967549289818632
1.0445,0.968086059691233
1.045,0.96862254887907
1.0455,0.969158751021398
1.046,0.969694661061423
1.0465,0.970230275264355
1.047,0.970765591229468
1.0475,0.971300607896127
1.048,0.971835325543779
1.0485,0.972369745785908
1.049,0.972903871558022
1.0495,0.973437707099722
1.05,0.973971257930968
1.0505,0.974504530822663
1.051,0.975037533761706
1.0515,0.975570275910692
1.052,0.976102767562465
1.0525,0.976635020089748
1.053,0.977167045890092
1.0535,0.97769885832642
1.054,0.978230471663453
1.0545,0.978761901000317
1.055,0.979293162199664
1.0555,0.979824271813635
1.056,0.980355247007021
1.0565,0.980886105477988
1.057,0.981416865376718
1.0575,0.981947545222375
1.058,0.98247816381875
1.0585,0.983008740169002
1.059,0.983539293389857
1.0595,0.984069842625683
1.06,0.984600406962814
1.0605,0.98513100534451
1.061,0.985661656486936
1.0615,0.98619237879654
1.062,0.986723190289178
1.0625,0.987254108511356
1.063,0.987785150463926
1.0635,0.988316332528557
1.064,0.988847670397311
1.0645,0.989379179005606
1.065,0.989910872468864
1.0655,0.990442764023085
1.066,0.990974865969613
1.0665,0.991507189624303
1.067,0.992039745271294
1.0675,0.992572542121572
1.068,0.993105588276483
1.0685,0.993638890696314
1.069,0.994172455174089
1.0695,0.99470628631463
1.07,0.995240387518977
1.0705,0.995774760974199
1.071,0.99630940764861
1.0715,0.996844327292396
1.072,0.99737951844361
1.0725,0.997914978439502
1.073,0.998450703433094
1.0735,0.998986688414906
1.074,0.999522927239735
1.0745,1.00005941265831
1.075,1.00059613635372
1.0755,1.00113308898235
1.076,1.00167026021926
1.0765,1.00220763880763
1.077,1.0027452126122
1.0775,1.00328296867629
1.078,1.00382089328237
1.0785,1.00435897201557
1.079,1.00489718983022
1.0795,1.00543553111883
1.08,1.00597397978331
1.0805,1.00651251930816
1.081,1.00705113283518
1.0815,1.00758980323952
1.082,1.00812851320656
1.0825,1.00866724530945
1.083,1.00920598208685
1.0835,1.00974470612058
1.084,1.01028340011281
1.0845,1.01082204696254
1.085,1.01136062984081
1.0855,1.01189913226466
1.086,1.01243753816914
1.0865,1.01297583197739
1.087,1.0135139986682
1.0875,1.01405202384097
1.088,1.0145898937777
1.0885,1.01512759550171
1.089,1.01566511683286
1.0895,1.01620244643916
1.09,1.01673957388426
1.0905,1.01727648967094
1.091,1.01781318528018
1.0915,1.0183496532058
1.092,1.01888588698435
1.0925,1.01942188122036
1.093,1.01995763160668
1.0935,1.02049313493981
1.094,1.02102838913034
1.0945,1.0215633932083
1.095,1.02209814732344
1.0955,1.02263265274057
1.096,1.02316691182983
1.0965,1.02370092805205
1.097,1.02423470593927
1.0975,1.02476825107054
1.098,1.02530157004301
1.0985,1.02583467043868
1.099,1.0263675607867
1.0995,1.0269002505217
1.1,1.02743274993804
1.1005,1.02796507014052
1.101,1.02849722299155
1.1015,1.02902922105512
1.102,1.0295610775379
1.1025,1.03009280622758
1.103,1.03062442142896
1.1035,1.03115593789787
1.104,1.03168737077344
1.1045,1.03221873550884
1.105,1.03275004780095
1.1055,1.03328132351919
1.106,1.03381257863395
1.1065,1.03434382914477
1.107,1.0348750910088
1.1075,1.0354063800697
1.108,1.03593771198733
1.1085,1.03646910216867
1.109,1.03700056570005
1.1095,1.03753211728122
1.11,1.03806377116134
1.1105,1.03859554107734
1.111,1.0391274401948
1.1115,1.03965948105166
1.112,1.04019167550492
1.1125,1.04072403468068
1.113,1.04125656892764
1.1135,1.04178928777419
1.114,1.04232219988943
1.1145,1.04285531304811
1.115,1.04338863409976
1.1155,1.04392216894197
1.116,1.04445592249806
1.1165,1.04498989869922
1.117,1.04552410047097
1.1175,1.04605852972429
1.118,1.0465931873512
1.1185,1.04712807322483
1.119,1.04766318620411
1.1195,1.04819852414278
1.12,1.04873408390296
1.1205,1.04926986137288
1.121,1.04980585148901
1.1215,1.05034204826217
1.122,1.05087844480765
1.1225,1.05141503337929
1.123,1.051951805407
1.1235,1.05248875153801
1.124,1.05302586168126
1.1245,1.05356312505493
1.125,1.05410053023689
1.1255,1.05463806521768
1.126,1.05517571745603
1.1265,1.0557134739364
1.127,1.0562513212285
1.1275,1.05678924554838
1.128,1.0573272328209
1.1285,1.05786526874327
1.129,1.05840333884931
1.1295,1.05894142857435
1.13,1.05947952332021
1.1305,1.06001760852019
1.131,1.06055566970367
1.1315,1.06109369256008
1.132,1.06163166300198
1.1325,1.06216956722685
1.133,1.06270739177754
1.1335,1.06324512360087
1.134,1.06378275010434
1.1345,1.06432025921052
1.135,1.06485763940907
1.1355,1.06539487980595
1.136,1.06593197016985
1.1365,1.06646890097541
1.137,1.06700566344318
1.1375,1.06754224957619
1.138,1.0680786521928
1.1385,1.06861486495586
1.139,1.06915088239801
1.1395,1.06968669994296
1.14,1.07022231392275
1.1405,1.07075772159085
1.141,1.07129292113115
1.1415,1.07182791166269
1.142,1.0723626932402
1.1425,1.07289726685048
1.143,1.07343163440454
1.1435,1.07396579872568
1.144,1.07449976353352
1.1445,1.07503353342405
1.145,1.07556711384577
1.1455,1.07610051107217
1.146,1.0766337321706
1.1465,1.0771667849676
1.147,1.07769967801108
1.1475,1.07823242052931
1.148,1.07876502238703
1.1485,1.07929749403893
1.149,1.0798298464806
1.1495,1.08036209119723
1.15,1.08089424011043
1.1505,1.08142630552315
1.151,1.08195830006325
1.1515,1.08249023662574
1.152,1.08302212831414
1.1525,1.08355398838107
1.153,1.08408583016851
1.1535,1.08461766704781
1.154,1.0851495123599
1.1545,1.08568137935586
1.155,1.08621328113812
1.1555,1.08674523060263
1.156,1.08727724038214
1.1565,1.08780932279097
1.157,1.08834148977135
1.1575,1.08887375284172
1.158,1.08940612304714
1.1585,1.08993861091197
1.159,1.09047122639515
1.1595,1.09100397884812
1.16,1.09153687697568
1.1605,1.09206992879986
1.161,1.092603141627
1.1615,1.09313652201815
1.162,1.09367007576288
1.1625,1.09420380785667
1.163,1.09473772248191
1.1635,1.09527182299254
1.164,1.09580611190251
1.1645,1.09634059087791
1.165,1.09687526073301
1.1655,1.09741012142996
1.166,1.09794517208238
1.1665,1.0984804109626
1.167,1.09901583551266
1.1675,1.0995514423589
1.168,1.10008722733009
1.1685,1.10062318547909
1.169,1.10115931110774
1.1695,1.10169559779507
1.17,1.10223203842855
1.1705,1.10276862523831
1.171,1.10330534983407
1.1715,1.10384220324477
1.172,1.10437917596051
1.1725,1.10491625797684
1.173,1.10545319454914
1.1735,1.10598971987046
1.174,1.10652536536062
1.1745,1.10705964463883
1.175,1.10759206339889
1.1755,1.10812211355848
1.176,1.10864858767508
1.1765,1.10917023100965
1.177,1.10968645704354
1.1775,1.11019668125294
1.178,1.11070033854341
1.1785,1.11119687273511
1.179,1.11168574624995
1.1795,1.11216643709267
1.18,1.11263844844021
1.1805,1.11310130581901
1.181,1.11355389094994
1.1815,1.11399506588923
1.182,1.11442437148003
1.1825,1.11484139301641
1.183,1.11524577702321
1.1835,1.1156372224832
1.184,1.1160154904087
1.1845,1.11638040034099
1.185,1.11673183956532
1.1855,1.1170697581641
1.186,1.11739359638845
1.1865,1.11770280558004
1.187,1.1179974563821
1.1875,1.1182776947419
1.188,1.11854375566861
1.1885,1.1187959480977
1.189,1.1190346625043
1.1895,1.11926035756723
1.19,1.11947356722341
1.1905,1.11967488415055
1.191,1.11986459721752
1.1915,1.12004298557741
1.192,1.12021071637462
1.1925,1.1203684939797
1.193,1.12051707186174
1.1935,1.1206572237876
1.194,1.12078975438
1.1945,1.1209154690455
1.195,1.12103518633865
1.1955,1.12114970491634
1.196,1.12125968708048
1.1965,1.12136569225401
1.197,1.1214683455659
1.1975,1.12156821238562
1.198,1.12166582026972
1.1985,1.12176162082908
1.199,1.12185601351485
1.1995,1.12194930797938
1.2,1.12204174979897
1.2005,1.12213348420472
1.201,1.12222458914983
1.2015,1.12231497051262
1.202,1.12240440143811
1.2025,1.12249254558985
1.203,1.12257898722105
1.2035,1.12266320859324
1.204,1.12274462014022
1.2045,1.12282254438867
1.205,1.12289624613545
1.2055,1.12296492286643
1.206,1.1230277797226
1.2065,1.12308391592168
1.207,1.12313232436338
1.2075,1.12317199206215
1.208,1.12320193026294
1.2085,1.12322118496621
1.209,1.12322886554464
1.2095,1.12322415738196
1.21,1.12320634865902
1.2105,1.12317484064558
1.211,1.1231292321334
1.2115,1.12306920399093
1.212,1.12299449455777
1.2125,1.12290500878356
1.213,1.12280083509876
1.2135,1.1226822322137
1.214,1.12254964024685
1.2145,1.12240365284388
1.215,1.12224502349244
1.2155,1.12207462215206
1.216,1.1218934698881
1.2165,1.12170263916894
1.217,1.1215032253021
1.2175,1.12129633792023
1.218,1.12108309671557
1.2185,1.12086459134802
1.219,1.12064187044506
1.2195,1.12041593206043
1.22,1.12018769940694
1.2205,1.11995805770944
1.221,1.11972770477716
1.2215,1.11949730248592
1.222,1.11926752492011
1.2225,1.11903910329271
1.223,1.11881269276525
1.2235,1.11858907015979
1.224,1.11836892305239
1.2245,1.11815310714082
1.225,1.1179423359858
1.2255,1.11773751410681
1.226,1.11753948407089
1.2265,1.11734857518321
1.227,1.11716465329161
1.2275,1.11698834031538
1.228,1.11682003458576
1.2285,1.11666031903224
1.229,1.1165092189565
1.2295,1.1163668519718
1.23,1.11623266715752
1.2305,1.1161061965346
1.231,1.11598734383691
1.2315,1.11587560345299
1.232,1.1157695997315
1.2325,1.11566833535365
1.233,1.11557021222846
1.2335,1.11547396647367
1.234,1.1153781686096
1.2345,1.11528151670932
1.235,1.11518323925662
1.2355,1.11508231104968
1.236,1.11497925426086
1.2365,1.11487373336072
1.237,1.11476533289256
1.2375,1.11465428913258
1.238,1.11454136479541
1.2385,1.11442743152531
1.239,1.11431389336918
1.2395,1.1142022404967
1.24,1.11409438382526
1.2405,1.11399224539766
1.241,1.1138980309816
1.2415,1.11381358194936
1.242,1.11374065362201
1.2425,1.11368101384712
1.243,1.11363660918254
1.2435,1.11360913320435
1.244,1.11360020073724
1.2445,1.11361105919661
1.245,1.11364273144871
1.2455,1.11369582613351
1.246,1.11377056423477
1.2465,1.11386673135816
1.247,1.11398384185004
1.2475,1.11412107789298
1.248,1.11427735437643
1.2485,1.11445131387252
1.249,1.11464137453511
1.2495,1.11484576399633
1.25,1.11506255438115
1.2505,1.11528971339257
1.251,1.11552510200899
1.2515,1.11576656609518
1.252,1.1160119827048
1.2525,1.11625926195229
1.253,1.1165063538138
1.2535,1.11675128307898
1.254,1.11699215003465
1.2545,1.11722715532291
1.255,1.11745459576785
1.2555,1.11767288148561
1.256,1.11788059587857
1.2565,1.11807639838542
1.257,1.11825893283433
1.2575,1.11842696401513
1.258,1.11857936587289
1.2585,1.11871512901807
1.259,1.11883334628007
1.2595,1.11893322100376
1.26,1.11901405076626
1.2605,1.11907523653736
1.261,1.11911633593961
1.2615,1.11913695194387
1.262,1.11913662285411
1.2625,1.11911498062659
1.263,1.11907173297863
1.2635,1.11900667477309
1.264,1.11891966942477
1.2645,1.11881066131696
1.265,1.11867965720717
1.2655,1.11852673882856
1.266,1.11835205343842
1.2665,1.11815579435657
1.267,1.11793816450279
1.2675,1.11769943184721
1.268,1.11743991342323
1.2685,1.11715998620705
1.269,1.11686007182004
1.2695,1.11654064689129
1.27,1.11620222842283
1.2705,1.11584538357898
1.271,1.11547072187586
1.2715,1.11507890225021
1.272,1.11467061457412
1.2725,1.11424658914002
1.273,1.11380758288391
1.2735,1.11335438822307
1.274,1.11288781916726
1.2745,1.11240872012479
1.275,1.1119179516162
1.2755,1.11141639926256
1.276,1.11090506838182
1.2765,1.11038501218861
1.277,1.1098572150839
1.2775,1.10932267407997
1.278,1.10878237999524
1.2785,1.1082373293245
1.279,1.10768850430874
1.2795,1.10713688561888
1.28,1.10658343093906
1.2805,1.10602908880488
1.281,1.10547508390477
1.2815,1.10492267168155
1.282,1.10437281865752
1.2825,1.10382646272761
1.283,1.10328448360823
1.2835,1.10274772297669
1.284,1.10221695587115
1.2845,1.10169291064935
1.285,1.1011762403945
1.2855,1.10066754377201
1.286,1.10016786222552
1.2865,1.09967822738404
1.287,1.09919912107608
1.2875,1.09873095048288
1.288,1.09827401630856
1.2885,1.0978285398902
1.289,1.09739463847658
1.2895,1.0969723482805
1.29,1.09656160351332
1.2905,1.09616225840692
1.291,1.09577470115018
1.2915,1.0953992784145
1.292,1.09503565893151
1.2925,1.09468343002726
1.293,1.09434208126185
1.2935,1.09401102843682
1.294,1.09368960771721
1.2945,1.09337709154228
1.295,1.09307268689963
1.2955,1.0927755484288
1.296,1.09248534798448
1.2965,1.09220173360324
1.297,1.09192377002282
1.2975,1.09165048599296
1.298,1.09138087540231
1.2985,1.09111390843911
1.299,1.09084854056353
1.2995,1.09058371540265
1.3,1.09031837525708
1.3005,1.09005146145105
1.301,1.08978234671052
1.3015,1.08951042083115
1.302,1.0892346839569
1.3025,1.08895414910365
1.303,1.08866785076682
1.3035,1.08837484356866
1.304,1.08807421528507
1.3045,1.08776507986905
1.305,1.08744659049452
1.3055,1.08711793130288
1.306,1.08677864841404
1.3065,1.08642832961063
1.307,1.08606630020406
1.3075,1.0856919205763
1.308,1.08530459572617
1.3085,1.08490376758408
1.309,1.08448920329859
1.3095,1.08406071532334
1.31,1.08361819325874
1.3105,1.08316157206939
1.311,1.0826908314706
1.3115,1.08220599523769
1.312,1.08170713044533
1.3125,1.0811943466434
1.313,1.08066779497532
1.3135,1.08012766724383
1.314,1.07957419492886
1.3145,1.07900764816103
1.315,1.07842833465418
1.3155,1.07783659859914
1.316,1.07723281952073
1.3165,1.07661741109918
1.317,1.07599081995653
1.3175,1.07535352440829
1.318,1.07470603317965
1.3185,1.0740488840855
1.319,1.07338264267274
1.3195,1.07270790082302
1.32,1.07202527531369
1.3205,1.07133540633435
1.321,1.07063895595608
1.3215,1.06993660655027
1.322,1.06922905915365
1.3225,1.06851703177609
1.323,1.0678012576477
1.3235,1.06708248340181
1.324,1.06636146719041
1.3245,1.06563897672895
1.325,1.06491578726787
1.3255,1.06419267948835
1.326,1.06347043732056
1.3265,1.0627498456834
1.327,1.06203168814544
1.3275,1.06131674450781
1.328,1.06060578831084
1.3285,1.05989958426771
1.329,1.05919888562944
1.3295,1.05850443148746
1.33,1.05781694402142
1.3305,1.05713712570172
1.331,1.05646565645818
1.3315,1.05580319082811
1.332,1.055150355099
1.3325,1.05450774446293
1.333,1.05387592020181
1.3335,1.05325540692405
1.334,1.05264668987505
1.3345,1.05205021234511
1.335,1.05146637319952
1.3355,1.05089552455608
1.336,1.05033796963599
1.3365,1.04979396081347
1.337,1.04926369788928
1.3375,1.04874732661184
1.338,1.04824493746839
1.3385,1.04775656476623
1.339,1.04728218602152
1.3395,1.04682172167035
1.34,1.04637503511287
1.3405,1.04594193309796
1.341,1.04552216645157
1.3415,1.04511543114794
1.342,1.04472136971845
1.3425,1.04433957298891
1.343,1.04396958213171
1.3435,1.04361089101576
1.344,1.04326294883334
1.3445,1.04292516298008
1.345,1.04259690216132
1.3455,1.04227749969623
1.346,1.04196625698923
1.3465,1.0416624471371
1.347,1.04136531863974
1.3475,1.04107409918259
1.348,1.04078799945894
1.3485,1.04050621700165
1.349,1.04022793999495
1.3495,1.03995235103887
1.35,1.03967863084098
1.3505,1.03940596181214
1.351,1.03913353154575
1.3515,1.03886053616234
1.352,1.03858618350414
1.3525,1.0383096961666
1.353,1.03803031435677
1.3535,1.03774729857055
1.354,1.03745993208331
1.3545,1.03716752325057
1.355,1.03686940761724
1.3555,1.03656494983584
1.356,1.03625354539569
1.3565,1.03593462216622
1.357,1.03560764175915
1.3575,1.03527210071473
1.358,1.03492753151843
1.3585,1.034573503455
1.359,1.03420962330713
1.3595,1.03383553590637
1.36,1.03345092454429
1.3605,1.03305551125167
1.361,1.0326490569536
1.3615,1.03223136150839
1.362,1.03180226363778
1.3625,1.0313616407558
1.363,1.03090940870332
1.3635,1.03044552139488
1.364,1.02996997038421
1.3645,1.02948278435419
1.365,1.02898402853661
1.3655,1.02847380406691
1.366,1.02795224727808
1.3665,1.02741952893805
1.367,1.02687585343379
1.3675,1.02632145790558
1.368,1.02575661133359
1.3685,1.02518161357943
1.369,1.02459679438393
1.3695,1.02400251232276
1.37,1.02339915372061
1.3705,1.02278713152449
1.371,1.02216688413621
1.3715,1.02153887420403
1.372,1.02090358737271
1.3725,1.02026153099148
1.373,1.01961323277875
1.3735,1.01895923944242
1.374,1.01830011525459
1.3745,1.01763644057908
1.375,1.01696881035044
1.3755,1.01629783250299
1.376,1.01562412634852
1.3765,1.01494832090154
1.377,1.01427105315099
1.3775,1.01359296627785
1.378,1.01291470781831
1.3785,1.01223692777275
1.379,1.0115602766611
1.3795,1.01088540352615
1.38,1.01021295388675
1.3805,1.00954356764387
1.381,1.00887787694332
1.3815,1.00821650399983
1.382,1.00756005888846
1.3825,1.00690913731009
1.383,1.00626431833915
1.3835,1.00562616216283
1.384,1.00499520782221
1.3845,1.00437197096684
1.385,1.00375694163566
1.3855,1.00315058207799
1.386,1.0025533246293
1.3865,1.00196556965761
1.387,1.00138768359669
1.3875,1.00081999708284
1.388,1.00026280321255
1.3885,0.999716355937907
1.389,0.9991808686169
1.3895,0.998656512734749
1.39,0.998143416811967
1.3905,0.99764166551351
1.391,0.997151298972028
1.3915,0.996672312336546
1.392,0.996204655555933
1.3925,0.995748233404322
1.393,0.995302905753285
1.3935,0.994868488093026
1.394,0.994444752302242
1.3945,0.994031427663582
1.395,0.993628202119034
1.3955,0.993234723756875
1.396,0.992850602519398
1.3965,0.99247541211825
1.397,0.992108692142107
1.3975,0.991749950339551
1.398,0.991398665058412
1.3985,0.991054287821557
1.399,0.990716246018152
1.3995,0.990383945688792
1.4,0.990056774382591
1.4005,0.989734104064351
1.401,0.989415294050245
1.4015,0.989099693951067
1.402,0.988786646602949
1.4025,0.988475490966547
1.403,0.988165564976949
1.4035,0.98785620832799
1.404,0.987546765176204
1.4045,0.987236586751221
1.405,0.986925033861126
1.4055,0.986611479282906
1.406,0.986295310029805
1.4065,0.985975929488977
1.407,0.985652759424393
1.4075,0.985325241841363
1.408,0.984992840710455
1.4085,0.984655043549756
1.409,0.984311362865621
1.4095,0.983961337453003
1.41,0.983604533557373
1.4105,0.983240545901003
1.411,0.982868998577008
1.4115,0.982489545815112
1.412,0.982101872623499
1.4125,0.981705695311463
1.413,0.981300761897799
1.4135,0.980886852410035
1.414,0.980463779079678
1.4145,0.980031386438672
1.415,0.979589551322204
1.4155,0.979138182782887
1.416,0.978677221921237
1.4165,0.978206641637119
1.417,0.977726446306676
1.4175,0.977236671388966
1.418,0.976737382966286
1.4185,0.976228677221877
1.419,0.975710679858397
1.4195,0.975183545460259
1.42,0.974647456802612
1.4205,0.974102624109435
1.421,0.973549284262931
1.4215,0.972987699966065
1.422,0.972418158859851
1.4225,0.971840972596683
1.423,0.971256475870757
1.4235,0.970665025406386
1.424,0.97006699890479
1.4245,0.969462793949748
1.425,0.968852826872321
1.4255,0.968237531574725
1.426,0.967617358313315
1.4265,0.96699277244058
1.427,0.966364253105999
1.4275,0.965732291915639
1.428,0.965097391550392
1.4285,0.964460064342895
1.429,0.963820830813261
1.4295,0.963180218164017
1.43,0.962538758734828
1.4305,0.961896988417952
1.431,0.961255445035678
1.4315,0.960614666681466
1.432,0.959975190026933
1.4325,0.959337548597387
1.433,0.958702271019171
1.4335,0.958069879242702
1.434,0.957440886745745
1.4345,0.956815796722181
1.435,0.956195100262213
1.4355,0.955579274530731
1.436,0.954968780951267
1.4365,0.954364063403718
1.437,0.953765546444719
1.4375,0.953173633560206
1.438,0.952588705460348
1.4385,0.952011118427508
1.439,0.951441202728399
1.4395,0.950879261101879
1.44,0.950325567334056
1.4405,0.949780364932439
1.441,0.949243865910757
1.4415,0.948716249695811
1.442,0.948197662167292
1.4425,0.947688214840863
1.443,0.947187984204005
1.4435,0.946697011213155
1.444,0.946215300959528
1.4445,0.94574282250967
1.445,0.945279508925431
1.4455,0.944825257466407
1.446,0.944379929976324
1.4465,0.9439433534531
1.447,0.943515320800578
1.4475,0.943095591758212
1.448,0.942683894003234
1.4485,0.94227992441822
1.449,0.9418833505154
1.4495,0.941493812007597
1.45,0.941110922514426
1.4505,0.94073427139121
1.451,0.940363425667138
1.4515,0.939997932078427
1.452,0.93963731918169
1.4525,0.939281099532355
1.453,0.938928771912824
1.4535,0.938579823595116
1.454,0.938233732622939
1.4545,0.937889970098564
1.455,0.937548002460413
1.4555,0.937207293737975
1.456,0.936867307771462
1.4565,0.936527510384556
1.457,0.936187371499531
1.4575,0.935846367185138
1.458,0.935503981628644
1.4585,0.935159709024554
1.459,0.934813055373605
1.4595,0.93446354018668
1.46,0.934110698089342
1.4605,0.93375408032365
1.461,0.933393256144866
1.4615,0.933027814111518
1.462,0.932657363268107
1.4625,0.932281534220435
1.463,0.931899980104234
1.4635,0.931512377448302
1.464,0.931118426933908
1.4645,0.930717854052621
1.465,0.930310409665091
1.4655,0.929895870463625
1.466,0.929474039341583
1.4665,0.929044745672864
1.467,0.928607845504791
1.4675,0.928163221667837
1.468,0.927710783805627
1.4685,0.927250468328636
1.469,0.92678223829497
1.4695,0.926306083221508
1.47,0.925822018828604
1.4705,0.925330086721393
1.471,0.92483035401061
1.4715,0.924322912875662
1.472,0.923807880072523
1.4725,0.923285396388826
1.473,0.92275562604837
1.4735,0.922218756067034
1.474,0.921674995561928
1.4745,0.921124575015441
1.475,0.920567745495632
1.4755,0.920004777834295
1.476,0.919435961763839
1.4765,0.918861605014012
1.477,0.918282032369365
1.4775,0.917697584688262
1.478,0.917108617884166
1.4785,0.916515501869854
1.479,0.915918619465228
1.4795,0.915318365269352
1.48,0.914715144497394
1.4805,0.914109371783205
1.481,0.91350146994838
1.4815,0.912891868738737
1.482,0.912281003529362
1.4825,0.911669313999531
1.483,0.911057242779062
1.4835,0.910445234067942
1.484,0.909833732231352
1.4845,0.909223180372561
1.485,0.908614018886549
1.4855,0.90800668399758
1.486,0.907401606284407
1.4865,0.906799209197204
1.487,0.9061999075708
1.4875,0.905604106139236
1.488,0.905012198057149
1.4885,0.904424563433941
1.489,0.903841567887131
1.4895,0.903263561121709
1.49,0.902690875542701
1.4905,0.902123824908486
1.491,0.901562703032684
1.4915,0.901007782542653
1.492,0.900459313702778
1.4925,0.899917523310767
1.493,0.899382613675155
1.4935,0.898854761682039
1.494,0.898334117958841
1.4945,0.897820806142537
1.495,0.897314922259277
1.4955,0.896816534221793
1.496,0.896325681450248
1.4965,0.895842374621413
1.497,0.895366595550165
1.4975,0.894898297206303
1.498,0.894437403868689
1.4985,0.893983811417551
1.499,0.893537387764722
1.4995,0.893097973420365
1.5,0.892665382193636
1.5005,0.892239402023526
1.501,0.891819795935072
1.5015,0.891406303115033
1.502,0.890998640100151
1.5025,0.890596502070206
1.503,0.890199564237286
1.5035,0.889807483321969
1.504,0.889419899106557
1.5045,0.889036436055032
1.505,0.888656704989102
1.5055,0.888280304809454
1.506,0.887906824251319
1.5065,0.887535843663469
1.507,0.887166936799923
1.5075,0.886799672613939
1.508,0.886433617044237
1.5085,0.886068334783823
1.509,0.885703391022369
1.5095,0.88533835315366
1.51,0.884972792440291
1.5105,0.884606285628465
1.511,0.884238416506464
1.5115,0.883868777401083
1.512,0.883496970607047
1.5125,0.883122609745136
1.513,0.882745321045468
1.5135,0.882364744553044
1.514,0.88198053525332
1.5145,0.881592364116176
1.515,0.881199919057224
1.5155,0.880802905815928
1.516,0.88040104875047
1.5165,0.879994091549764
1.517,0.879581797863371
1.5175,0.879163951850422
1.518,0.878740358648957
1.5185,0.87831084476732
1.519,0.877875258399454
1.5195,0.877433469666132
1.52,0.876985370784247
1.5205,0.876530876166399
1.521,0.876069922453081
1.5215,0.875602468479778
1.522,0.875128495181309
1.5225,0.874648005435719
1.523,0.874161023849995
1.5235,0.873667596489802
1.524,0.873167790555411
1.5245,0.872661694005838
1.525,0.8721494151332
1.5255,0.871631082089138
1.526,0.871106842365082
1.5265,0.870576862228035
1.527,0.870041326113437
1.5275,0.869500435976587
1.528,0.868954410604002
1.5285,0.868403484886011
1.529,0.867847909051815
1.5295,0.86728794786816
1.53,0.866723879802756
1.5305,0.866155996153507
1.531,0.865584600144615
1.5315,0.865010005990634
1.532,0.864432537929544
1.5325,0.863852529225973
1.533,0.863270321145756
1.5335,0.862686261903104
1.534,0.862100705581755
1.5345,0.86151401103162
1.535,0.860926540742586
1.5355,0.860338659697317
1.536,0.859750734205086
1.5365,0.859163130718896
1.537,0.85857621463839
1.5375,0.857990349101291
1.538,0.85740589376641
1.5385,0.856823203591514
1.539,0.856242627609654
1.5395,0.855664507707852
1.54,0.855089177412336
1.5405,0.854516960684793
1.541,0.853948170734416
1.5415,0.85338310885075
1.542,0.852822063262624
1.5425,0.852265308028632
1.543,0.851713101964824
1.5435,0.851165687615405
1.544,0.850623290272312
1.5445,0.850086117049598
1.545,0.849554356018508
1.5455,0.849028175409056
1.546,0.84850772288376
1.5465,0.847993124888968
1.547,0.847484486088905
1.5475,0.846981888887227
1.548,0.846485393040412
1.5485,0.845995035366831
1.549,0.845510829554772
1.5495,0.845032766072064
1.55,0.844560812179268
1.5505,0.844094912047709
1.551,0.843634986982835
1.5515,0.84318093575264
1.552,0.842732635020088
1.5525,0.842289939877679
1.553,0.841852684481529
1.5535,0.841420682781559
1.554,0.840993729343661
1.5545,0.840571600259029
1.555,0.840154054135206
1.5555,0.839740833162793
1.556,0.839331664251306
1.5565,0.838926260227191
1.557,0.838524321086662
1.5575,0.838125535295759
1.558,0.837729581129825
1.5585,0.837336128044483
1.559,0.836944838070167
1.5595,0.836555367222333
1.56,0.83616736691955
1.5605,0.835780485401923
1.561,0.835394369142501
1.5615,0.835008664244676
1.562,0.834623017818913
1.5625,0.834237079332571
1.563,0.833850501926998
1.5635,0.833462943696552
1.564,0.833074068924682
1.5645,0.832683549272691
1.565,0.832291064917289
1.5655,0.831896305633566
1.566,0.831498971820468
1.5665,0.831098775466341
1.567,0.830695441052591
1.5675,0.830288706393887
1.568,0.829878323413796
1.5685,0.829464058855099
1.569,0.829045694924377
1.5695,0.828623029870813
1.57,0.828195878499422
1.5705,0.827764072619198
1.571,0.827327461426895
1.5715,0.82688591182736
1.572,0.826439308691531
1.5725,0.825987555053307
1.573,0.825530572246697
1.5735,0.825068299984667
1.574,0.824600696381243
1.5745,0.824127737918453
1.575,0.823649419359708
1.5755,0.823165753611291
1.576,0.822676771533563
1.5765,0.82218252170354
1.577,0.821683070130437
1.5775,0.821178499925769
1.578,0.820668910929549
1.5785,0.820154419294097
1.579,0.819635157026913
1.5795,0.819111271494049
1.58,0.818582924885347
1.5805,0.81805029364289
1.581,0.81751356785396
1.5815,0.816972950609786
1.582,0.816428657331319
1.5825,0.815880915063292
1.583,0.815329961737764
1.5835,0.814776045408417
1.584,0.814219423456841
1.5845,0.813660361772099
1.585,0.813099133904908
1.5855,0.812536020197808
1.586,0.811971306892804
1.5865,0.811405285218005
1.587,0.810838250454928
1.5875,0.810270500988222
1.588,0.809702337339709
1.5885,0.809134061188794
1.589,0.808565974381416
1.5895,0.807998377929914
1.59,0.807431571006342
1.5905,0.806865849931945
1.591,0.806301507165692
1.5915,0.805738830294978
1.592,0.805178101031746
1.5925,0.80461959421752
1.593,0.804063576840971
1.5935,0.803510307071829
1.594,0.802960033315109
1.5945,0.802412993289725
1.595,0.801869413135709
1.5955,0.80132950655432
1.596,0.800793473985372
1.5965,0.800261501826165
1.597,0.799733761696333
1.5975,0.79921040975293
1.598,0.798691586059906
1.5985,0.79817741401605
1.599,0.797667999845229
1.5995,0.79716343215255
1.6,0.796663781549791
1.6005,0.796169100353086
1.601,0.795679422355532
1.6015,0.795194762676928
1.602,0.794715117692438
1.6025,0.794240465041483
1.603,0.793770763717658
1.6035,0.793305954239952
1.604,0.792845958904998
1.6045,0.792390682119531
1.605,0.791940010811693
1.6055,0.791493814919255
1.606,0.79105194795231
1.6065,0.790614247627479
1.607,0.790180536570168
1.6075,0.789750623080981
1.608,0.789324301961956
1.6085,0.788901355397933
1.609,0.788481553888038
1.6095,0.788064657221967
1.61,0.787650415495562
1.6105,0.787238570159985
1.611,0.786828855098676
1.6115,0.78642099772624
1.612,0.786014720103378
1.6125,0.785609740062045
1.613,0.785205772335091
1.6135,0.78480252968479
1.614,0.784399724024844
1.6145,0.783997067530657
1.615,0.783594273732923
1.6155,0.783191058589873
1.616,0.782787141533781
1.6165,0.782382246487705
1.617,0.781976102848712
1.6175,0.781568446434223
1.618,0.781159020388438
1.6185,0.780747576046145
1.619,0.780333873751563
1.6195,0.77991768363021
1.62,0.779498786312093
1.6205,0.779076973604854
1.621,0.778652049115783
1.6215,0.7782238288219
1.622,0.777792141587562
1.6225,0.77735682962932
1.623,0.77691774892793
1.6235,0.776474769587682
1.624,0.776027776143346
1.6245,0.775576667815235
1.625,0.775121358713009
1.6255,0.774661777988979
1.626,0.77419786994179
1.6265,0.773729594071426
1.627,0.773256925086593
1.6275,0.772779852865566
1.628,0.772298382371661
1.6285,0.771812533524519
1.629,0.771322341028409
1.6295,0.770827854158795
1.63,0.770329136508409
1.6305,0.769826265694071
1.631,0.769319333025518
1.6315,0.768808443137487
1.632,0.768293713586286
1.6325,0.767775274412089
1.633,0.767253267668202
1.6335,0.766727846918496
1.634,0.766199176704265
1.6345,0.765667431981717
1.635,0.765132797531335
1.6355,0.764595467340375
1.636,0.764055643959752
1.6365,0.763513537836627
1.637,0.762969366624021
1.6375,0.762423354468836
1.638,0.761875731279719
1.6385,0.761326731976248
1.639,0.760776595721014
1.6395,0.760225565136228
1.64,0.759673885506591
1.6405,0.759121803970241
1.641,0.758569568699698
1.6415,0.75801742807485
1.642,0.757465629850119
1.6425,0.756914420318063
1.643,0.756364043471818
1.6435,0.755814740168861
1.644,0.755266747298737
1.6445,0.754720296957478
1.645,0.754175615631578
1.6455,0.753632923394478
1.646,0.753092433118606
1.6465,0.752554349706127
1.647,0.752018869341579
1.6475,0.75148617876967
1.648,0.750956454601506
1.6485,0.750429862652552
1.649,0.749906557315591
1.6495,0.749386680971928
1.65,0.748870363443992
1.6505,0.748357721492418
1.651,0.747848858360538
1.6515,0.747343863369063
1.652,0.746842811563553
1.6525,0.746345763417043
1.653,0.745852764589952
1.6535,0.745363845749116
1.654,0.744879022447505
1.6545,0.744398295065826
1.655,0.743921648816901
1.6555,0.74344905381332
1.656,0.742980465198515
1.6565,0.742515823340988
1.657,0.742055054091068
1.6575,0.741598069099139
1.658,0.74114476619394
1.6585,0.740695029819114
1.659,0.740248731525844
1.6595,0.73980573051906
1.66,0.73936587425435
1.6605,0.738928999082441
1.661,0.7384949309378
1.6615,0.738063486067696
1.662,0.737634471797819
1.6625,0.737207687330392
1.663,0.736782924570573
1.6635,0.736359968976832
1.664,0.735938600430908
1.6645,0.735518594122957
1.665,0.735099721447459
1.6655,0.734681750905533
1.666,0.734264449009348
1.6665,0.73384758118444
1.667,0.733430912665862
1.6675,0.733014209384265
1.668,0.732597238838148
1.6685,0.732179770948764
1.669,0.731761578894331
1.6695,0.731342439920446
1.67,0.730922136123831
1.6705,0.730500455206785
1.671,0.730077423781809
1.6715,0.729653081820975
1.672,0.729227325134555
1.6725,0.728800058125073
1.673,0.728371193912714
1.6735,0.727940654771114
1.674,0.727508374073879
1.6745,0.727074294830514
1.675,0.726638371670784
1.6755,0.726200569198532
1.676,0.725761385085854
1.6765,0.72532134355444
1.677,0.724880473845254
1.6775,0.724438811514913
1.678,0.723996395628074
1.6785,0.723553271177375
1.679,0.723109491471073
1.6795,0.722665115469637
1.68,0.722220209849829
1.6805,0.721774846560337
1.681,0.721329626539616
1.6815,0.720885174566052
1.682,0.720441615818178
1.6825,0.719999075574408
1.683,0.719557675470843
1.6835,0.719117536154268
1.684,0.718678778393933
1.6845,0.718241521094326
1.685,0.717805881937848
1.6855,0.717371975853463
1.686,0.716940443053166
1.6865,0.716511941810606
1.687,0.716086617118671
1.6875,0.715664604819207
1.688,0.715246026306147
1.6885,0.714830992436729
1.689,0.714419603140655
1.6895,0.714011946835159
1.69,0.713608099740459
1.6905,0.713208125762135
1.691,0.712812590736038
1.6915,0.71242207050326
1.692,0.712036630952675
1.6925,0.711656319450904
1.693,0.711281159159483
1.6935,0.710911153982498
1.694,0.710546287865388
1.6945,0.7101865254267
1.695,0.709831811318618
1.6955,0.709482071205092
1.696,0.709137682970546
1.6965,0.708799028329947
1.697,0.708466016907915
1.6975,0.708138535840732
1.698,0.707816445645939
1.6985,0.707499585384234
1.699,0.70718777317143
1.6995,0.706880807462587
1.7,0.706578467846809
1.7005,0.706280516509715
1.701,0.70598709763707
1.7015,0.705698360689457
1.702,0.705414059829794
1.7025,0.705133932648507
1.703,0.704857698545548
1.7035,0.704585063222715
1.704,0.704315720721183
1.7045,0.704049354773174
1.705,0.703785641008365
1.7055,0.703524248333187
1.706,0.703265152818647
1.7065,0.703008346029743
1.707,0.702753522661467
1.7075,0.702500374401349
1.708,0.702248589949995
1.7085,0.701997858318122
1.709,0.701747871208469
1.7095,0.70149832405973
1.71,0.701248918328149
1.7105,0.700999362481814
1.711,0.700749608701299
1.7115,0.700499638004337
1.712,0.700249224647225
1.7125,0.699998153229265
1.713,0.699746218709354
1.7135,0.699493228540666
1.714,0.69923900400628
1.7145,0.698983380896871
1.715,0.698726210587645
1.7155,0.698467360657978
1.716,0.698206897300474
1.7165,0.697944925600923
1.717,0.697681405252514
1.7175,0.697416312780673
1.718,0.697149640464131
1.7185,0.696881397616539
1.719,0.696611610238532
1.7195,0.696340321376995
1.72,0.696067590515993
1.7205,0.6957934938689
1.721,0.695518275084746
1.7215,0.695242220792926
1.722,0.694965504051045
1.7225,0.694688311661052
1.723,0.694410841687088
1.7235,0.694133303952296
1.724,0.693855918026692
1.7245,0.693578913091354
1.725,0.693302525748292
1.7255,0.693026999790366
1.726,0.692752717847271
1.7265,0.692480102416522
1.727,0.692209474580554
1.7275,0.691941155609937
1.728,0.691675463275308
1.7285,0.69141271138674
1.729,0.691153206526464
1.7295,0.690897247226025
1.73,0.690645120718361
1.7305,0.690397102137284
1.731,0.690153568212903
1.7315,0.689914923670987
1.732,0.689681475716345
1.7325,0.689453509810243
1.733,0.689231285748765
1.7335,0.689015036852884
1.734,0.688804966707793
1.7345,0.688601248533857
1.735,0.688404022399201
1.7355,0.688213395060657
1.736,0.688029527320241
1.7365,0.687852592648166
1.737,0.687682680018402
1.7375,0.687519839641415
1.738,0.687364080960697
1.7385,0.687215373656988
1.739,0.687073646580427
1.7395,0.686938789528738
1.74,0.686810652965186
1.7405,0.686689050653139
1.741,0.686573809049196
1.7415,0.68646476605339
1.742,0.686361717548837
1.7425,0.686264429028008
1.743,0.686172636287727
1.7435,0.686086049594746
1.744,0.686004354842065
1.7445,0.685927218359139
1.745,0.685854288327698
1.7455,0.685785200112294
1.746,0.685719586286556
1.7465,0.685657109417764
1.747,0.685597450501678
1.7475,0.685540290606081
1.748,0.685485311496745
1.7485,0.68543220093441
1.749,0.68538065303552
1.7495,0.685330373487012
1.75,0.685281079546353
1.7505,0.68523250510533
1.751,0.685184387552699
1.7515,0.685136510632224
1.752,0.685088713220485
1.7525,0.685040858149275
1.753,0.684992830565807
1.7535,0.684944541355865
1.754,0.684895925147509
1.7545,0.684846943135074
1.755,0.68479758069504
1.7555,0.684747849717514
1.756,0.684697769000505
1.7565,0.684647400953874
1.757,0.684596863275545
1.7575,0.684546297153778
1.758,0.684495863739639
1.7585,0.684445744416584
1.759,0.684396137137318
1.7595,0.684347256067113
1.76,0.684299327747921
1.7605,0.684252590362799
1.761,0.684207270232618
1.7615,0.684163617719151
1.762,0.684121920700907
1.7625,0.684082467992816
1.763,0.684045545173133
1.7635,0.68401143271546
1.764,0.683980402034676
1.7645,0.683952713554885
1.765,0.683928612946057
1.7655,0.683908329557138
1.766,0.683892048932473
1.7665,0.683879955251605
1.767,0.683872249769535
1.7675,0.68386910858523
1.768,0.683870679752896
1.7685,0.68387708315299
1.769,0.683888408283259
1.7695,0.683904714929877
1.77,0.68392603150267
1.7705,0.683952356894606
1.771,0.683983638144687
1.7715,0.684019809856944
1.772,0.684060812705222
1.7725,0.684106562255867
1.773,0.684156948561721
1.7735,0.684211840626975
1.774,0.68427108649668
1.7745,0.684334518223249
1.775,0.68440195216297
1.7755,0.68447319447276
1.776,0.684548041307005
1.7765,0.684626284831807
1.777,0.684707713731835
1.7775,0.684792118553938
1.778,0.684879291913453
1.7785,0.684969033725103
1.779,0.685061151204612
1.7795,0.685155463443298
1.78,0.685251801156937
1.7805,0.68535001040796
1.781,0.685449992040683
1.7815,0.685551642059825
1.782,0.685654813957432
1.7825,0.685759381458212
1.783,0.685865237607574
1.7835,0.685972296468584
1.784,0.686080491480968
1.7845,0.686189776712997
1.785,0.686300124950042
1.7855,0.68641152793917
1.786,0.686524074208921
1.7865,0.686637826175756
1.787,0.686752743733745
1.7875,0.686868803496413
1.788,0.686985996648712
1.7885,0.6871043292649
1.789,0.687223819079407
1.7895,0.687344496565264
1.79,0.68746640161302
1.7905,0.687589584059601
1.791,0.687714205355269
1.7915,0.687840380635994
1.792,0.687968078080501
1.7925,0.688097275193346
1.793,0.688227956016315
1.7935,0.68836011330174
1.794,0.688493744533224
1.7945,0.688628855276111
1.795,0.688765455351597
1.7955,0.688903561403247
1.796,0.689043315748569
1.7965,0.689184807274632
1.797,0.689327954601709
1.7975,0.689472686859105
1.798,0.6896189410987
1.7985,0.689766665487933
1.799,0.689915815464037
1.7995,0.690066357737064
1.8,0.690218266792139
1.8005,0.690371527391966
1.801,0.69052627404817
1.8015,0.690682585899088
1.802,0.690840351675126
1.8025,0.690999475280832
1.803,0.691159873961183
1.8035,0.69132148010243
1.804,0.691484237961603
1.8045,0.691648106151727
1.805,0.69181305484485
1.8055,0.691979066394993
1.806,0.69214629790102
1.8065,0.692314847320926
1.807,0.692484598026434
1.8075,0.692655450400264
1.808,0.692827320804055
1.8085,0.693000141605759
1.809,0.693173858431433
1.8095,0.693348431230332
1.81,0.693523832043436
1.8105,0.693700044272283
1.811,0.693877245077645
1.8115,0.694055549952593
1.812,0.694234838945099
1.8125,0.694415009358646
1.813,0.694595975140277
1.8135,0.694777666056652
1.814,0.694960025133986
1.8145,0.69514300916332
1.815,0.69532658669725
1.8155,0.69551073681374
1.816,0.695695645764456
1.8165,0.695881440086899
1.817,0.696067998599698
1.8175,0.69625521758239
1.818,0.696443010310447
1.8185,0.696631305628771
1.819,0.696820045482966
1.8195,0.697009184887216
1.82,0.697198690123392
1.8205,0.697388536981051
1.821,0.69757891640707
1.8215,0.697769965364678
1.822,0.697961569027455
1.8225,0.698153629070619
1.823,0.698346063497976
1.8235,0.698538804377942
1.824,0.698731795775551
1.8245,0.698924992888563
1.825,0.699118360791311
1.8255,0.699311871966162
1.826,0.699505715795254
1.8265,0.699700036807478
1.827,0.699894731759495
1.8275,0.700089711102731
1.828,0.700284899488048
1.8285,0.70048023257445
1.829,0.700675655845114
1.8295,0.700871122799333
1.83,0.701066594685609
1.8305,0.70126203731699
1.831,0.701457629122285
1.8315,0.701653516878394
1.832,0.701849612278247
1.8325,0.702045836196708
1.833,0.702242120308846
1.8335,0.702438403025583
1.834,0.702634629674692
1.8345,0.70283074975469
1.835,0.703026718056415
1.8355,0.703222490818696
1.836,0.703418227211962
1.8365,0.703614072337279
1.837,0.70380995736563
1.8375,0.704005816296451
1.838,0.704201589170749
1.8385,0.704397217308739
1.839,0.704592645325053
1.8395,0.704787817565241
1.84,0.704982680968363
1.8405,0.705177180677726
1.841,0.705371450034023
1.8415,0.70556563022066
1.842,0.705759677526431
1.8425,0.70595354244488
1.843,0.706147175085391
1.8435,0.70634052008386
1.844,0.706533520956006
1.8445,0.706726115991842
1.845,0.706918243199057
1.8455,0.707109835538742
1.846,0.707300994640752
1.8465,0.707491856142521
1.847,0.707682407203144
1.8475,0.707872617821859
1.848,0.70806244927514
1.8485,0.708251849288353
1.849,0.708440759320233
1.8495,0.708629110309188
1.85,0.708816830059057
1.8505,0.709003838247776
1.851,0.709190199219298
1.8515,0.709376041669372
1.852,0.709561389121325
1.8525,0.709746233310292
1.853,0.709930546823608
1.8535,0.710114279349953
1.854,0.710297368622634
1.8545,0.710479736480225
1.855,0.710661299093934
1.8555,0.710841961796328
1.856,0.711021746458049
1.8565,0.711200773741768
1.857,0.711379108758494
1.8575,0.711556766280408
1.858,0.711733729266065
1.8585,0.711909947296983
1.859,0.712085352068239
1.8595,0.712259854261357
1.86,0.712433357038222
1.8605,0.71260575056876
1.861,0.712777009640673
1.8615,0.712947246234012
1.862,0.713116571970069
1.8625,0.713285024800157
1.863,0.713452595828759
1.8635,0.713619231456587
1.864,0.713784854479619
1.8645,0.713949362253672
1.865,0.714112643874817
1.8655,0.71427457402496
1.866,0.714435076631076
1.8665,0.714594254836027
1.867,0.714752271070948
1.8675,0.714909184897801
1.868,0.71506499164353
1.8685,0.71521963031691
1.869,0.715373011540947
1.8695,0.715525017332474
1.87,0.715675522341215
1.8705,0.715824386222995
1.871,0.715971479510717
1.8715,0.716116896762101
1.872,0.716260854023994
1.8725,0.716403428148916
1.873,0.716544612450652
1.8735,0.716684333119557
1.874,0.716822485298447
1.8745,0.716958934331606
1.875,0.717093541329246
1.8755,0.717226152649463
1.876,0.7173565849708
1.8765,0.71748492467344
1.877,0.717611440971938
1.8775,0.717736219323347
1.878,0.717859241941436
1.8785,0.717980416006595
1.879,0.718099618994227
1.8795,0.718216700142377
1.88,0.718331510442266
1.8805,0.718443886931793
1.881,0.718553595839458
1.8815,0.718660715485982
1.882,0.718765561370807
1.8825,0.718868212559857
1.883,0.718968628793301
1.8835,0.719066693528002
1.884,0.71916226861502
1.8845,0.719255192478943
1.885,0.719345314513487
1.8855,0.719432470937645
1.886,0.719516388796378
1.8865,0.719597137675074
1.887,0.71967506110089
1.8875,0.719750210084553
1.888,0.719822513322351
1.8885,0.719891834591246
1.889,0.719958033949858
1.8895,0.720020955364768
1.89,0.720080465916724
1.8905,0.720136419790974
1.891,0.720188533278835
1.8915,0.72023686674218
1.892,0.720281757963163
1.8925,0.720323211135432
1.893,0.720361137195123
1.8935,0.720395411695608
1.894,0.720425933780156
1.8945,0.720452593128953
1.895,0.720475316302956
1.8955,0.720494018236868
1.896,0.720508470996219
1.8965,0.72051873531687
1.897,0.720525105116442
1.8975,0.720527564131777
1.898,0.720526084083529
1.8985,0.720520637914717
1.899,0.72051124510366
1.8995,0.72049791888163
1.9,0.720480720733999
1.9005,0.720459706697748
1.901,0.720434835731934
1.9015,0.720406221704309
1.902,0.720374125261603
1.9025,0.720338646233492
1.903,0.720299952710238
1.9035,0.72025821197332
1.904,0.720213635924223
1.9045,0.72016643400463
1.905,0.720116855747315
1.9055,0.720065148073307
1.906,0.720011590188103
1.9065,0.719956458355157
1.907,0.719900060573288
1.9075,0.719842696045057
1.908,0.719784690919227
1.9085,0.719726358273705
1.909,0.719668035701064
1.9095,0.719610041201488
1.91,0.719552717293
1.9105,0.719496378433034
1.911,0.719441561985141
1.9115,0.719388703442832
1.912,0.719338129621357
1.9125,0.719290118616377
1.913,0.719244978940551
1.9135,0.719202961442112
1.914,0.719164354853458
1.9145,0.719129386214954
1.915,0.719098315530494
1.9155,0.719071346978133
1.916,0.719048974903393
1.9165,0.719031529027512
1.917,0.719019126252584
1.9175,0.719011932093706
1.918,0.719010007759038
1.9185,0.719013494353457
1.919,0.719022408732424
1.9195,0.71903686022143
1.92,0.719056828261604
1.9205,0.719082381715203
1.921,0.71911364211576
1.9215,0.719150606887032
1.922,0.719193083278043
1.9225,0.719241078984281
1.923,0.719294439855458
1.9235,0.719353093484464
1.924,0.719416884702319
1.9245,0.719485693841139
1.925,0.719559351436491
1.9255,0.719637705520381
1.926,0.71972058008905
1.9265,0.719807784210648
1.927,0.719899094035052
1.9275,0.719994319259324
1.928,0.720093238938136
1.9285,0.72019564156472
1.929,0.72030129627265
1.9295,0.720409980365671
1.93,0.720521455883781
1.9305,0.720635491772429
1.931,0.720751741113739
1.9315,0.720870238747677
1.932,0.720991061298956
1.9325,0.721113916907326
1.933,0.721238563333265
1.9335,0.721364782747411
1.934,0.72149235211086
1.9345,0.72162104169151
1.935,0.721750619959311
1.9355,0.721880853226478
1.936,0.722011345936415
1.9365,0.722142463406404
1.937,0.722274674212792
1.9375,0.722407658635617
1.938,0.722541151412046
1.9385,0.722674947085008
1.939,0.722808841708973
1.9395,0.722942602863422
1.94,0.72307600043773
1.9405,0.723208788926571
1.941,0.723340551982717
1.9415,0.723471845464617
1.942,0.723603380571392
1.9425,0.723734826918815
1.943,0.723865865037385
1.9435,0.723996258153309
1.944,0.724125775492041
1.9445,0.724254145738493
1.945,0.724381096800277
1.9455,0.724506334777571
1.946,0.724629418296002
1.9465,0.724750924484311
1.947,0.724871635280981
1.9475,0.724991230751559
1.948,0.725109315994059
1.9485,0.72522558641407
1.949,0.725339747050246
1.9495,0.725451469545513
1.95,0.725560418799936
1.9505,0.725666243306033
1.951,0.725768493531543
1.9515,0.725867655280849
1.952,0.725964455472914
1.9525,0.72605863261805
1.953,0.726149750607811
1.9535,0.726237445332859
1.954,0.726321363869268
1.9545,0.726401144779288
1.955,0.726476418937787
1.9555,0.72654681596892
1.956,0.72661193046111
1.9565,0.726672092526211
1.957,0.726727865797043
1.9575,0.726779093499532
1.958,0.726825396525155
1.9585,0.72686642474034
1.959,0.726901830734254
1.9595,0.726931286974027
1.96,0.72695446488509
1.9605,0.726971055512533
1.961,0.726980769880112
1.9615,0.726983771685164
1.962,0.726980384721734
1.9625,0.726970562393597
1.963,0.726954086876391
1.9635,0.726930739643372
1.964,0.726900292025622
1.9645,0.72686254915616
1.965,0.726817321781951
1.9655,0.726764457546912
1.966,0.726703842614751
1.9665,0.726635542945783
1.967,0.726559680485848
1.9675,0.72647629924648
1.968,0.726385385935012
1.9685,0.726286941484607
1.969,0.726180962696643
1.9695,0.726067481257561
1.97,0.72594653726882
1.9705,0.725818209201543
1.971,0.725682573593751
1.9715,0.72553972641894
1.972,0.725389776287447
1.9725,0.725232882753775
1.973,0.725069227113178
1.9735,0.724899029409055
1.974,0.724722523977471
1.9745,0.724539975945109
1.975,0.724351660141604
1.9755,0.724157875523706
1.976,0.723958827547178
1.9765,0.723754720259606
1.977,0.723545846364198
1.9775,0.723332537381745
1.978,0.723115143884422
1.9785,0.722894037083601
1.979,0.722669594856884
1.9795,0.722442202777574
1.98,0.722212243972177
1.9805,0.721980099600297
1.981,0.721745949508217
1.9815,0.721510032550713
1.982,0.721272826881107
1.9825,0.721034792070355
1.983,0.720796364264407
1.9835,0.72055795324579
1.984,0.720319942457959
1.9845,0.720082683744867
1.985,0.719846499098434
1.9855,0.719611676880495
1.986,0.719378222201171
1.9865,0.719146259901778
1.987,0.718916277040824
1.9875,0.718688702241407
1.988,0.718463909176136
1.9885,0.718242212363661
1.989,0.718023875541707
1.9895,0.717809104936508
1.99,0.717598058023547
1.9905,0.71739084037994
1.991,0.717187256262855
1.9915,0.71698725306722
1.992,0.716791173960765
1.9925,0.716599295232953
1.993,0.716411832967624
1.9935,0.716228939693975
1.994,0.716050715075867
1.9945,0.715877200240346
1.995,0.715708388132358
1.9955,0.715544221806056
1.996,0.715384388220833
1.9965,0.715228708244668
1.997,0.715077350736876
1.9975,0.714930430341434
1.998,0.714788014023986
1.9985,0.714650119096483
1.999,0.714516722359505
1.9995,0.71438775645671
2,0.714263118426637
