0.5,-0.00309591439540279,1.26124958889319
0.501,-0.0137234497829666,1.2656136459803
0.502,-0.0238552135980557,1.26981337126781
0.503,-0.033132163962442,1.27378555820541
0.504,-0.0412254161350026,1.27821715402314
0.505,-0.0478479063596724,1.28370597352775
0.506,-0.0527645776347585,1.28929728800592
0.507,-0.0558007264849884,1.29489029278466
0.508,-0.0568482138727762,1.30048325284508
0.509,-0.0558693195627573,1.30606532116052
0.51,-0.0528981027118877,1.30994045109555
0.511,-0.0480392193947249,1.31108130933636
0.512,-0.0414642382931885,1.31211686094023
0.513,-0.0334055839881241,1.31315143949487
0.514,-0.0241483220734137,1.31418600475703
0.515,-0.0140200762183433,1.31522056967621
0.516,-0.00337943389165341,1.3162551345547
0.517,0.007396748763431,1.31728969938542
0.518,0.0179266934274443,1.31832426420547
0.519,0.0278372249418629,1.31935882907017
0.52,0.0367769960224892,1.32039339397408
0.521,0.0444289424936476,1.32142795900525
0.522,0.0505215280024587,1.32246252780843
0.523,0.0548383787753748,1.32349733324477
0.524,0.0572259669035213,1.32455679586945
0.525,0.0575990688876033,1.3269511550052
0.526,0.0559438059444361,1.33249356171364
0.527,0.0523181572880747,1.33808637960327
0.528,0.0468499267250439,1.34367938740263
0.529,0.0397322355600177,1.34927233117076
0.53,0.0312166994201793,1.3548581829852
0.531,0.0216045298343932,1.36023597958709
0.532,0.0112358770669349,1.36459811737637
0.533,0.000477789382060104,1.36851641191396
0.534,-0.0102887840847114,1.3724054406781
0.535,-0.0206824862563903,1.37628848969689
0.536,-0.0303350638399646,1.38027142282477
0.537,-0.038904418085523,1.38504498924703
0.538,-0.0460867326359022,1.39057285666422
0.539,-0.051627248247254,1.39616452358322
0.54,-0.0553293022674096,1.40175752764522
0.541,-0.0570613119716786,1.40735053010177
0.542,-0.0567614539926536,1.41294284574921
0.543,-0.0544398732101913,1.41836462919921
0.544,-0.0501783421797352,1.42004114508749
0.545,-0.0441273827217697,1.42108266719315
0.546,-0.0365009507809712,1.42211731065086
0.547,-0.0275688723147263,1.42315187716008
0.548,-0.0176472977279412,1.42418644213558
0.549,-0.00708751247973875,1.42522100704613
0.55,0.00373650008548662,1.42625557194401
0.551,0.0144413029852739,1.42729013683612
0.552,0.0246475883934357,1.42832470173425
0.553,0.033993617357259,1.42935926664498
0.554,0.0421480401708339,1.43039383162198
0.555,0.0488216434497001,1.43142839821093
0.556,0.0537776067207129,1.43246304876355
0.557,0.0568399054915939,1.4335054878915
0.558,0.0578995620237554,1.43527545090327
0.559,0.0569185218397311,1.44074005755321
0.56,0.0539310188317024,1.4463325867599
0.561,0.0490423789020454,1.45192559029749
0.562,0.0424253046283498,1.45751860335051
0.563,0.0343137720101023,1.46311134051922
0.564,0.0249947546321846,1.46868972129263
0.565,0.0147980684503563,1.47403309719667
0.566,0.00408469612538041,1.47858019843932
0.567,-0.00676599526018976,1.48267614812168
0.568,-0.0173696907613318,1.48672936602359
0.569,-0.0273507425718092,1.49108095306797
0.57,-0.0363554803622915,1.49623832247659
0.571,-0.0440647463838064,1.50179686404749
0.572,-0.0502052102581586,1.50738901039925
0.573,-0.0545590619878862,1.5129820201912
0.574,-0.0569717409794787,1.51857502605548
0.575,-0.0573574247732632,1.52416798648935
0.576,-0.0557020833577057,1.52975013835668
0.577,-0.0520639917142621,1.53363187009187
0.578,-0.0465716794723119,1.53472151843344
0.579,-0.0394193913238528,1.53575659381334
0.58,-0.0308602187892009,1.53679116681732
0.581,-0.0211971447336676,1.53782573198462
0.582,-0.0107723192379736,1.5388602969121
0.583,4.50545631315975e-05,1.53989486182263
0.584,0.010871795826278,1.54092942672978
0.585,0.0213243185339526,1.54196399163761
0.586,0.0310322214588909,1.54299855655086
0.587,0.039651413227035,1.54403312150186
0.588,0.0468763080082365,1.54506768720434
0.589,0.0524506592322354,1.54610228522755
0.59,0.0561766466833567,1.54713950737845
0.591,0.0579218961265474,1.54848937401116
0.592,0.0576241809779365,1.55377305410798
0.593,0.0552936392668565,1.55936485261197
0.594,0.0510124278535306,1.56495785240683
0.595,0.0449318245786974,1.5705508604861
0.596,0.0372668807819719,1.57614388328571
0.597,0.0282888137107895,1.58173627971203
0.598,0.0183154077951641,1.58731011189107
0.599,0.00769976410233961,1.59271205189732
0.6,-0.00318220352794132,1.59768811117014
0.601,-0.0139450821246594,1.60245186400199
0.602,-0.0242076124758138,1.6074522795837
0.603,-0.033606197370869,1.61287659709959
0.604,-0.0418077856322106,1.61845453710474
0.605,-0.0485216767866701,1.62404713756842
0.606,-0.053509826902388,1.62964015874035
0.607,-0.0565952904698205,1.63523316588912
0.608,-0.0576684991409682,1.64082616739933
0.609,-0.0566911543050862,1.64641849425254
0.61,-0.053697595347949,1.65184788421321
0.611,-0.0487935944234758,1.65337414085826
0.612,-0.0421526205319088,1.65441270775533
0.613,-0.0340097044488231,1.6554473213419
0.614,-0.0246531214669785,1.6564818874065
0.615,-0.0144141867538737,1.65751645237706
0.616,-0.00365552412332593,1.65855101729451
0.617,0.00724177613000162,1.65958558220624
0.618,0.0178916556364513,1.66062014711751
0.619,0.0279167642727837,1.66165471203194
0.62,0.0369618301518497,1.66268927697065
0.621,0.0447062493136591,1.66372384230586
0.622,0.0508754489043313,1.66475842169512
0.623,0.0552506212333955,1.66579399257716
0.624,0.057676483736296,1.66694943848081
0.625,0.0580667892181975,1.67184978767097
0.626,0.0564073909070672,1.6774397245087
0.627,0.0527567541188548,1.68303271669738
0.628,0.0472438948950656,1.68862572214836
0.629,0.0400638187658432,1.69421873777343
0.63,0.0314706217443274,1.69981178879575
0.631,0.0217684959814575,1.70540400892031
0.632,0.0113009598195626,1.71098147631052
0.633,0.000438693486138564,1.71648425122663
0.634,-0.0104335900146786,1.72188778154765
0.635,-0.0209307721447518,1.72732426042297
0.636,-0.0306809725218659,1.73286848534867
0.637,-0.0393387254157978,1.73845636942037
0.638,-0.0465972220068263,1.74404931518339
0.639,-0.0521991847296168,1.74964235225209
0.64,-0.0559459882916131,1.75523536122312
0.641,-0.05770470380708,1.76082836566841
0.642,-0.0574128159834663,1.76642132368405
0.643,-0.0550804470632814,1.77200349179812
0.644,-0.0507900070277162,1.77592198643057
0.645,-0.0446932825678488,1.77699717721277
0.646,-0.037006068566347,1.77803212275777
0.647,-0.0280005305883105,1.7790666943302
0.648,-0.0179955695508965,1.78010125949144
0.649,-0.00734552965218097,1.78113582442454
0.65,0.00357235098919018,1.78217038934014
0.651,0.0143713019508798,1.78320495425365
0.652,0.0246687216622015,1.78423951916943
0.653,0.0340997322399587,1.78527408410395
0.654,0.0423301080714579,1.78630864929062
0.655,0.0490681199752348,1.78734322181134
0.656,0.0540748749397731,1.78837823815925
0.657,0.0571727853052637,1.78946281697574
0.658,0.0582518671283953,1.79365560438984
0.659,0.0572736438345277,1.79924065975261
0.66,0.0542725169655233,1.80483363142226
0.661,0.0493545557885402,1.81042663589319
0.662,0.0426937468930174,1.8160196442397
0.663,0.0345258376115875,1.82161267936076
0.664,0.0251399912117403,1.82720580816926
0.665,0.0148685478846493,1.83279840094658
0.666,0.00407525563088388,1.83838440452764
0.667,-0.0068576128289344,1.84395396404709
0.668,-0.0175428010614109,1.84952051428827
0.669,-0.0276017874373488,1.85510336066228
0.67,-0.0366781960073729,1.8606954127735
0.671,-0.0444504240498738,1.8662885792407
0.672,-0.0506430385295604,1.8718816344413
0.673,-0.0550365387802198,1.87747464596804
0.674,-0.0574751380399914,1.88306765092154
0.675,-0.0578722884563332,1.88866065144461
0.676,-0.0562137542605735,1.89425286821859
0.677,-0.0525581228198294,1.89967750260368
0.678,-0.0470347360086684,1.90119818121083
0.679,-0.0398391147949939,1.90223669075822
0.68,-0.0312260388363939,1.90327130750617
0.681,-0.0215005258613553,1.90430587382723
0.682,-0.0110070306177702,1.90534043882771
0.683,-0.000117245788168515,1.90637500375307
0.684,0.0107830636706728,1.90740956867022
0.685,0.0213077253892161,1.9084441335887
0.686,0.0310838402797337,1.909478698525
0.687,0.039764994576527,1.91051326365987
0.688,0.0470435340565917,1.91154783347788
0.689,0.0526614667834605,1.91258264065799
0.69,0.0564196071831391,1.91364078081355
0.691,0.0581846374859042,1.9168486002058
0.692,0.0578938365045561,1.92241998095561
0.693,0.0555573074804104,1.9280128896913
0.694,0.0512576263981837,1.9336058935601
0.695,0.0451469226308777,1.93919889919714
0.696,0.0374414953407407,1.94479191553051
0.697,0.028414156095267,1.95038499527584
0.698,0.0183845685444228,1.95597828892536
0.699,0.00770792791775033,1.96157168560854
0.7,-0.00323761952911395,1.96716394842034
0.701,-0.0140643711221042,1.97275513790539
0.702,-0.0243888018285891,1.97834767292384
0.703,-0.0338451515871893,1.98394117679129
0.704,-0.0420983842645805,1.98953447239206
0.705,-0.0488560591977192,1.99512754710752
0.706,-0.0538786944280544,2.00072056206423
0.707,-0.0569882550275295,2.00631356748339
0.708,-0.058074464654296,2.01190657142313
0.709,-0.0570987174458975,2.01749950627519
0.71,-0.0540954511494352,2.02307836105069
0.711,-0.0491709322504394,2.02701505595838
0.712,-0.0424994969760557,2.02809989750155
0.713,-0.0343173799854629,2.02913498210246
0.714,-0.0249143499123041,2.03016955750076
0.715,-0.0146234478798976,2.0312041228895
0.716,-0.00380919209296748,2.03223868785504
0.717,0.00714533333808221,2.03327325278278
0.718,0.0178520485730419,2.03430781770813
0.719,0.0279316257194611,2.03534238265369
0.72,0.0370269276570023,2.036376947792
0.721,0.0448156617347207,2.03741151655681
0.722,0.0510217995388334,2.03844623483578
0.723,0.0554253589728409,2.03949340907791
0.724,0.0578702009846101,2.04184453036198
0.725,0.0582695652117907,2.04737430030216
0.726,0.0566091483689819,2.05296699188153
0.727,0.0529476155908467,2.05855999452253
0.728,0.0474145269050254,2.06415299922297
0.729,0.0402057520146216,2.06974600805233
0.73,0.0315765357114186,2.07533904503876
0.731,0.0218324593409994,2.08093221504109
0.732,0.0113186181819469,2.08652576654373
0.733,0.000407398707539135,2.09211987512677
0.734,-0.0105147119469535,2.0977143118219
0.735,-0.0210608169498136,2.10330870009494
0.736,-0.0308573159141722,2.10890263080453
0.737,-0.0395571411375141,2.11449600984005
0.738,-0.0468520542503157,2.12008910735975
0.739,-0.0524835684207025,2.12568212717013
0.74,-0.0562521084041144,2.13127513329318
0.741,-0.0580240841374197,2.13686813763993
0.742,-0.0577366276392194,2.14246113435439
0.743,-0.0553998238256482,2.14805272790688
0.744,-0.0510963575111643,2.15340790694929
0.745,-0.0449785885292094,2.15508211712273
0.746,-0.0372631582199781,2.15612291626001
0.747,-0.0282233183160839,2.15715757771202
0.748,-0.0181792535876476,2.15819214585303
0.749,-0.00748674193903184,2.15922671102726
0.75,0.00347544761184198,2.16026127599525
0.751,0.0143189720284421,2.16129584094073
0.752,0.0246596709448012,2.16233040591091
0.753,0.0341311766612187,2.16336497110591
0.754,0.0423978934634111,2.16439953963828
0.755,0.0491668884428131,2.16543421706686
0.756,0.0541982714127739,2.16647633513834
0.757,0.0573136954837751,2.16828762275835
0.758,0.0584026788130181,2.17368821901016
0.759,0.0574265220378946,2.17928009830781
0.76,0.0544196826751023,2.1848730965118
0.761,0.0494885583159011,2.19046610085533
0.762,0.0428077211002309,2.19605910677424
0.763,0.0346137365763045,2.20165212434383
0.764,0.02519678624767,2.20724520556161
0.765,0.0148903903906993,2.2128385164262
0.766,0.00405959470682525,2.21843232051475
0.767,-0.00691196012038431,2.22402666016063
0.768,-0.0176356284168901,2.22962109250624
0.769,-0.0277315274805484,2.23521507163437
0.77,-0.036841995615193,2.24080849582426
0.771,-0.0446442637595982,2.24640161597844
0.772,-0.0508618914190274,2.25199464181918
0.773,-0.055274562305051,2.25758764893998
0.774,-0.0577258913847111,2.26318065344409
0.775,-0.0581289682089993,2.26877365674172
0.776,-0.0564694390031064,2.27436649745799
0.777,-0.0528060180631362,2.27993046729408
0.778,-0.0472684115368542,2.28393417688539
0.779,-0.0400527252069438,2.28505221879218
0.78,-0.0314145203311986,2.28608782348729
0.781,-0.0216597629004634,2.28712241458839
0.782,-0.0111339864409877,2.28815698104935
0.783,-0.000210053093998373,2.28919154619849
0.784,0.0107250542930891,2.2902261112109
0.785,0.0212839407884541,2.29126067624506
0.786,0.0310925231015975,2.29229524158039
0.787,0.039803282475948,2.29332981047244
0.788,0.0471075767473099,2.29436446953867
0.789,0.0527465761942742,2.2954040567143
0.79,0.0565204345990889,2.29690568547474
0.791,0.0582953714219555,2.30198008999519
0.792,0.058008413877881,2.30756880370209
0.793,0.0556696303466957,2.31316178409046
0.794,0.0513617768986394,2.31875478821144
0.795,0.0452373683697755,2.32434779301794
0.796,0.0375132780589716,2.32994080233255
0.797,0.0284630573288521,2.33553383938707
0.798,0.0184072469836446,2.34112699316187
0.799,0.00770202372493661,2.34672045362558
0.8,-0.00327341652390241,2.35231435449162
0.801,-0.0141302908151837,2.35790847199282
0.802,-0.0244840020295436,2.36350234321345
0.803,-0.0339677636972269,2.36909577187413
0.804,-0.0422455941333988,2.37468890944259
0.805,-0.0490242202674594,2.38028194169845
0.806,-0.054063468450182,2.3858749500823
0.807,-0.057184774795528,2.39146795475847
0.808,-0.0582775130925149,2.39706095888184
0.809,-0.0573029163912537,2.40265394244625
0.81,-0.0542954527089086,2.40824328393105
0.811,-0.0493616064957764,2.41340792470077
0.812,-0.0426761092043933,2.41540161702777
0.813,-0.0344757511428644,2.41644871809074
0.814,-0.0250509953939008,2.41748352648238
0.815,-0.0147356897983019,2.41851810203476
0.816,-0.00389524135564352,2.41955266811869
0.817,0.00708632727261692,2.42058723338226
0.818,0.0178199816397116,2.42162179859475
0.819,0.0279254572415391,2.42265636424366
0.82,0.0370447307008198,2.42369093417046
0.821,0.0448547039907492,2.42472558768269
0.822,0.0510786515030319,2.42576382799928
0.823,0.0554960245737851,2.42709037348834
0.824,0.0579502667035731,2.43170904393055
0.825,0.0583543614198441,2.43728536513655
0.826,0.0566939171051171,2.44287827210098
0.827,0.0530276792091581,2.44847127575636
0.828,0.0474854512913121,2.45406428015858
0.829,0.0402634988749796,2.45965728619993
0.83,0.0316175985080749,2.46525030345835
0.831,0.0218539785773274,2.47084337482698
0.832,0.0113184724290436,2.47643661478271
0.833,0.000384268039459456,2.48203015849395
0.834,-0.0105613114806207,2.48762394438744
0.835,-0.0211305288227775,2.493217656362
0.836,-0.0309489682302148,2.49881106180682
0.837,-0.0396687999042657,2.504404211058
0.838,-0.0469811028841989,2.50999724990252
0.839,-0.0526268098205171,2.51559025985534
0.84,-0.056405886189741,2.52118326476651
0.841,-0.0581844180596935,2.52677626902336
0.842,-0.0578993581729188,2.53236927049606
0.843,-0.055560761267754,2.53796179680242
0.844,-0.0512514297094977,2.54347909041415
0.845,-0.0451239825204602,2.54762299447641
0.846,-0.0373954503386437,2.54881807430963
0.847,-0.0283395885831061,2.54985517733494
0.848,-0.0182771813263955,2.55088982547937
0.849,-0.00756467822605479,2.55192439704443
0.85,0.00341843190095347,2.55295896337507
0.851,0.0142830641928667,2.55399352914012
0.852,0.0246443210211326,2.55502809552688
0.853,0.0341351273756033,2.55606266762859
0.854,0.0424192353083751,2.55709732604678
0.855,0.049203136264628,2.55813485506308
0.856,0.0542464602644502,2.55936277178046
0.857,0.0573704922031021,2.56361552926597
0.858,0.0584645044622688,2.56914453675204
0.859,0.0574896813605239,2.5747371360362
0.86,0.0544804957864526,2.5803301379127
0.861,0.0495434898118265,2.58592314216799
0.862,0.0428535020818215,2.59151614700718
0.863,0.0346474756592482,2.59710915615554
0.864,0.0252160655977184,2.60270218889429
0.865,0.0148933434470448,2.60829530755477
0.866,0.00404496378771213,2.61388861521286
0.867,-0.00694478880913399,2.6194821327826
0.868,-0.0176866128787791,2.62507568063986
0.869,-0.0277999810369844,2.6306690442274
0.87,-0.0369266207927654,2.63626219876649
0.871,-0.0447432070208356,2.64185524397918
0.872,-0.0509728167387477,2.64744825581708
0.873,-0.0553947402528439,2.65304126105079
0.874,-0.0578523012237214,2.65863426536138
0.875,-0.0582584083676103,2.66422726919884
0.876,-0.0565986423142259,2.66982020949045
0.877,-0.0529317678184337,2.67540231636551
0.878,-0.0473876536079474,2.68029933996775
0.879,-0.0401626732673774,2.68280291859554
0.88,-0.0315127497511204,2.68386650868461
0.881,-0.0217442905828928,2.68490180303129
0.882,-0.0112033341244169,2.68593641072023
0.883,-0.000263291742422338,2.68697098215323
0.884,0.0106882798985417,2.68800554982935
0.885,0.0212634081416073,2.68904011810284
0.886,0.031087448250348,2.69007469466945
0.887,0.0398123559903979,2.69110936987752
0.888,0.0471290176943852,2.69214656671341
0.889,0.0527782013999517,2.69331811886135
0.89,0.0565597416760841,2.69726844485012
0.891,0.0583396312811405,2.70263958252134
0.892,0.0580547700011903,2.70823088621577
0.893,0.0557152013080056,2.71382388058253
0.894,0.05140375778652,2.71941688474823
0.895,0.0452731283354652,2.72500988916719
0.896,0.0375404501259902,2.73060289518669
0.897,0.0284796177523088,2.7361959110565
0.898,0.0184115811033158,2.74178896841921
0.899,0.00769297669890908,2.74738213519144
0.9,-0.00329650578631752,2.75297545982863
0.901,-0.0141675742623886,2.75856886116302
0.902,-0.0245351243496901,2.76416217227453
0.903,-0.0340318824149583,2.76975532560963
0.904,-0.0423214167725735,2.77534837651899
0.905,-0.0491100562558123,2.78094139053993
0.906,-0.0541572945643241,2.78653439620747
0.907,-0.0572843113889515,2.79212740057774
0.908,-0.0583803080696761,2.79772040474477
0.909,-0.0574064337511053,2.80331340022107
0.91,-0.0543971633708512,2.80890488310318
0.911,-0.0494590769554946,2.81429568883708
0.912,-0.0427670855508252,2.81858543189112
0.913,-0.0345582359499322,2.81995671991419
0.914,-0.0251233139279043,2.82099838782437
0.915,-0.0147965442190379,2.82203326239037
0.916,-0.00394375074568597,2.8230678613068
0.917,0.00705060215292358,2.82410243641345
0.918,0.0177970294031022,2.82513701004029
0.919,0.0279148229680511,2.82617159632793
0.92,0.0370455385091515,2.82720630705783
0.921,0.0448656940785406,2.8282434570494
0.922,0.0510982301472546,2.82938299331094
0.923,0.0555223251934943,2.83302537245185
0.924,0.0579812192567209,2.83806037922655
0.925,0.0583877683488114,2.84364624669079
0.926,0.0567275325852645,2.84923920853385
0.927,0.0530592886208704,2.85483221249488
0.928,0.0475129486768519,2.86042521676942
0.929,0.0402849592049448,2.86601822162119
0.93,0.0316313428571788,2.87161123042075
0.931,0.0218586293851846,2.8772042582667
0.932,0.0113129972031707,2.88279734548499
0.933,0.000368010832182983,2.88839053979464
0.934,-0.0105886128540877,2.89398381950245
0.935,-0.0211687393784375,2.89957707289241
0.936,-0.030997566516727,2.90517021815221
0.937,-0.039726902140395,2.9107632733058
0.938,-0.0470474994165095,2.91635628967543
0.939,-0.0527000125506804,2.92194929589926
0.94,-0.0564841849630525,2.92754230035271
0.941,-0.0582659443254137,2.9331353045747
0.942,-0.0579821528623398,2.93872830756478
0.943,-0.0556428450923405,2.94432110056287
0.944,-0.0513308731866322,2.94988023069555
0.945,-0.0451989729774047,2.95457030935508
0.946,-0.0374643538866289,2.95772792444828
0.947,-0.0284010050382026,2.95883766765657
0.948,-0.0183299899484773,2.9598747389983
0.949,-0.00760807290208864,2.96090950405261
0.95,0.00338491885693768,2.96194411160978
0.951,0.0142595506841513,2.96297870216408
0.952,0.024630576195027,2.96401331141078
0.953,0.0341305848391521,2.96504809263747
0.954,0.0424230181776543,2.96608547366677
0.955,0.0492140925304095,2.96720760677629
0.956,0.054263207240192,2.97053657763185
0.957,0.0573914685953338,2.97525513906023
0.958,0.0584880280133291,2.98081882978681
0.959,0.0575140097365988,2.9864116501099
0.96,0.0545038886330014,2.99200465325056
0.961,0.0495642699339769,2.99759765747221
0.962,0.0428701135027556,3.00319066190173
0.963,0.0346585363742428,3.00878366785353
0.964,0.0252204135796287,3.01437668213907
0.965,0.0148900743333695,3.01996972678065
0.966,0.00403345868026801,3.0255628382101
0.967,-0.00696484583799662,3.03115602383893
0.968,-0.0177152281440376,3.03674922015886
0.969,-0.0278368556646201,3.04234235132861
0.97,-0.0369711658924961,3.04793540863332
0.971,-0.0447945686503526,3.05352842732177
0.972,-0.0510299097731174,3.05912143422297
0.973,-0.0554562902319111,3.06471443879177
0.974,-0.0579168918223609,3.07030744303427
0.975,-0.0583245333911479,3.07590044706947
0.976,-0.0566647600870317,3.08149342190135
0.977,-0.0529963558307781,3.0870814286372
0.978,-0.0474492617045352,3.09221923312687
0.979,-0.0402199736698299,3.09661898494164
0.98,-0.0315645820430293,3.09838594930016
0.981,-0.0217896998671829,3.09944299429542
0.982,-0.0112416016204269,3.10047888355854
0.983,-0.000293956572000016,3.1015136503119
0.984,0.0106654083628502,3.102548300771
0.985,0.0212482475517228,3.10358296972157
0.986,0.0310796502482692,3.10461789542273
0.987,0.0398113223155485,3.10565587436294
0.988,0.0471339250279566,3.10677043188293
0.989,0.0527880336229754,3.10981413006125
0.99,0.056573328335329,3.11438334558795
0.991,0.0583556911855448,3.11986324023919
0.992,0.0580719577419332,3.12545544464642
0.993,0.0557321555712776,3.13104844421034
0.994,0.0514191494883655,3.13664144839472
0.995,0.0452857067213256,3.14223445267609
0.996,0.0375490856715394,3.1478274575255
0.997,0.0284833399031,3.15342046587048
0.998,0.0184096102806459,3.15901348894035
0.999,0.00768474864508753,3.16460655083945
1,-0.00331132351528434,3.17019966877049
1.001,-0.0141890736913826,3.17579281392591
1.002,-0.0245631578543335,3.18138592705417
1.003,-0.0340660712588493,3.18697898418313
1.004,-0.0423611678918511,3.19257200496246
1.005,-0.0491545864007099,3.19816501265127
1.006,-0.0542056606534558,3.20375801737577
1.007,-0.0573354460647903,3.20935102163987
1.008,-0.058433059005061,3.21494402582547
1.009,-0.0574596057245324,3.22053702589679
1.01,-0.0544495605062497,3.22612931006743
1.011,-0.0495095451253677,3.23161893468037
1.012,-0.0428145523386449,3.23620764928367
1.013,-0.0346017469502754,3.23998640214974
1.014,-0.0251620647458889,3.24123486545564
1.015,-0.0148299063973308,3.24227925820753
1.016,-0.00397129142165388,3.2433149044454
1.017,0.00702910810096739,3.24434979356561
1.018,0.0177815944135378,3.24538463562696
1.019,0.0279052494391565,3.24641988031908
1.02,0.037041429114493,3.24745907905615
1.021,0.0448664684404646,3.24857427926657
1.022,0.0511031479703214,3.25139516796464
1.023,0.0555305148086698,3.25590615275238
1.024,0.057991710189434,3.26114203504772
1.025,0.0583995266565173,3.2667315672854
1.026,0.0567394983589091,3.2723245508895
1.027,0.0530704136877363,3.27791755497543
1.028,0.0475222329774012,3.28351055920549
1.029,0.0402914855092499,3.28910356364154
1.03,0.0316343075790411,3.29469656948488
1.031,0.0218573691324331,3.30028958211782
1.032,0.0113070102100427,3.30588261591606
1.033,0.000356971889113396,3.31147568789249
1.034,-0.0106048434437762,3.31706879031511
1.035,-0.0211901136864518,3.32266188335476
1.036,-0.0310238535072877,3.32825493784463
1.037,-0.0397576985101937,3.33384796021227
1.038,-0.047082246384525,3.33944096875417
1.039,-0.0527380177866728,3.34503397367932
1.04,-0.056524648952957,3.35062697797338
1.041,-0.0583079901117076,3.35621998218389
1.042,-0.0580248580045549,3.36181298579709
1.043,-0.0556852748237371,3.36740588696708
1.044,-0.0513721135392246,3.37298220850607
1.045,-0.045238162424906,3.37782636421951
1.046,-0.0375007130294587,3.38229372349082
1.047,-0.028433862804591,3.38482471835662
1.048,-0.0183588054594748,3.38593945341675
1.049,-0.00763245271869626,3.38698054015823
1.05,0.00336520922752881,3.38801649639672
1.051,0.0142445808045194,3.38905189800941
1.052,0.0246202506792044,3.39008790937205
1.053,0.0341246492963808,3.3911295225694
1.054,0.0424210702639413,3.39225398057299
1.055,0.0492155984381299,3.39493013799014
1.056,0.0542675224553009,3.39941116657479
1.057,0.057397862073048,3.40428518412369
1.058,0.0584957092792598,3.40986339133309
1.059,0.0575221574115254,3.41545630346714
1.06,0.0545116798291532,3.42104930713924
1.061,0.049570909201349,3.42664231134974
1.062,0.0428748603073582,3.43223531563607
1.063,0.0346607304267843,3.43782832047051
1.064,0.0252194967540982,3.44342132830556
1.065,0.0148856087783169,3.44901434707056
1.066,0.00402514034747748,3.45460738988368
1.067,-0.00697717839783885,3.46020045941449
1.068,-0.0177315902653378,3.46579353279507
1.069,-0.0278571183194398,3.47138658271623
1.07,-0.0369950622781811,3.47697960604079
1.071,-0.0448217056648537,3.48257261546114
1.072,-0.0510597837349035,3.48816562063742
1.073,-0.0554883062722205,3.4937586249739
1.074,-0.0579503861591755,3.49935162919272
1.075,-0.0583587976922566,3.5049446333124
1.076,-0.0566990669594869,3.51053762275098
1.077,-0.0530299847490942,3.51612811439677
1.078,-0.0474815244606788,3.52143817056824
1.079,-0.040250237795031,3.52598757271188
1.08,-0.0315922923378373,3.53018583936333
1.081,-0.0218143968022461,3.53185314467004
1.082,-0.0112629361344057,3.53293165671704
1.083,-0.00031170065514217,3.53397298264449
1.084,0.0106513555843848,3.5350104158916
1.085,0.0212378578298935,3.53604846866902
1.086,0.0310727694429443,3.53709510382081
1.087,0.0398076775564981,3.53824108256592
1.088,0.0471331358839403,3.54085908216716
1.089,0.0527896273593834,3.54531764247618
1.09,0.0565767576866149,3.54996313172141
1.091,0.0583603548155983,3.55549543748436
1.092,0.0580772221286185,3.56108802825071
1.093,0.0557373777720751,3.56668103005691
1.094,0.0514236998261215,3.57227403425049
1.095,0.0452889907503048,3.57786703848355
1.096,0.037550564570895,3.58346004292194
1.097,0.0284825484714261,3.58905304862367
1.098,0.0184061722637241,3.59464605964713
1.099,0.0076783886703734,3.60023908470409
1.1,-0.00332077184814765,3.60583213001233
1.101,-0.0142016635757766,3.61142518516031
1.102,-0.0245788290122361,3.61701822873271
1.103,-0.0340846539572224,3.62261125206567
1.104,-0.0423823903441814,3.62820426226132
1.105,-0.0491780859125127,3.63379726772589
1.106,-0.0542309978626314,3.63939027211914
1.107,-0.0573621214104433,3.64498327634597
1.108,-0.0584605312329314,3.65057628054047
1.109,-0.0574873115042511,3.65616928260713
1.11,-0.0544769346781339,3.66176191454311
1.111,-0.0495360405291617,3.66729960941481
1.112,-0.0428396587171698,3.67195571685327
1.113,-0.0346250084829943,3.67645843260692
1.114,-0.025183095315089,3.67996238150909
1.115,-0.0148484019976644,3.68130938331195
1.116,-0.00398703965598365,3.68238092970772
1.117,0.00701622177932595,3.68342665558222
1.118,0.0177715842811887,3.68447076570172
1.119,0.0278980304207445,3.68552866394119
1.12,0.0370368212068728,3.68671712559061
1.121,0.0448642045444738,3.68936804898048
1.122,0.0511028844456169,3.69380827643959
1.123,0.0555318447081773,3.69837043514418
1.124,0.0579941785300884,3.70374305851848
1.125,0.0584026472517211,3.70933421083795
1.126,0.0567427711314755,3.71492720406443
1.127,0.0530733424594861,3.72052020820599
1.128,0.0475243431417815,3.72611321242044
1.129,0.0402923400975954,3.73170621670985
1.13,0.0316335221135464,3.73729922151039
1.131,0.0218546243866087,3.74289222877693
1.132,0.0113020624402364,3.74848524373081
1.133,0.000349660338604987,3.75407827255137
1.134,-0.0106145922623333,3.75967131243046
1.135,-0.0212022846191437,3.76526434890149
1.136,-0.0310383447015758,3.77085737137074
1.137,-0.0397743262092429,3.77645038217296
1.138,-0.0471007526073404,3.78204338795363
1.139,-0.0527580806507143,3.78763639242069
1.14,-0.0565458948218045,3.79322939665852
1.141,-0.0583300075807081,3.79882240086535
1.142,-0.0580472128965486,3.80441540475474
1.143,-0.0557075257524439,3.81000835389331
1.144,-0.051393827646785,3.81559240138346
1.145,-0.045258930409764,3.82059679588423
1.146,-0.0375201632676831,3.82513225277721
1.147,-0.0284516737898663,3.82954039472199
1.148,-0.0183747163609789,3.83220693521559
1.149,-0.00764627172089506,3.83346106137688
1.15,0.00335359923181272,3.83454461297612
1.151,0.014235219178337,3.83560878605264
1.152,0.024613098871852,3.83669427087824
1.153,0.034119593277977,3.83796540399842
1.154,0.0424179256345223,3.84074566433793
1.155,0.0492141180971711,3.84517381468086
1.156,0.0542674060309164,3.84971063473193
1.157,0.0573987673864314,3.85474058809997
1.158,0.0584972649565495,3.86032537682078
1.159,0.0575239762819874,3.86591833010798
1.16,0.0545133729360826,3.87151133401851
1.161,0.0495720993898971,3.87710433822537
1.162,0.0428751952690903,3.88269734246071
1.163,0.0346598947646306,3.88829034689729
1.164,0.0252172225111639,3.8938833524355
1.165,0.0148816841306678,3.89947636198649
1.166,0.00401941623647855,3.90506938036649
1.167,-0.00698478401507977,3.91066240855571
1.168,-0.0177410905371676,3.91625543815835
1.169,-0.0278684580694781,3.92184845914801
1.17,-0.0370081208348507,3.92744147037299
1.171,-0.0448363022996175,3.93303447649322
1.172,-0.0510756848511838,3.9386274810553
1.173,-0.0555052342011259,3.94422048530906
1.174,-0.0579680299288335,3.94981348951951
1.175,-0.0583768243037134,3.95540649367738
1.176,-0.0567171333243013,3.9609994896868
1.177,-0.0530477500403524,3.96659109906137
1.178,-0.0474986620653225,3.972009728195
1.179,-0.0402664466097745,3.97658346785714
1.18,-0.0316073068417744,3.9811022036153
1.181,-0.0218279960998798,3.9852732720201
1.182,-0.0112749507846178,3.98744995178767
1.183,-0.000322018001386816,3.98871940191488
1.184,0.0106427880811306,3.98985719408013
1.185,0.0212310319853461,3.99101664346805
1.186,0.0310676173158914,3.99245266635289
1.187,0.0398040748607414,3.99546334436272
1.188,0.0471309069635424,3.99988867710442
1.189,0.0527885523649587,4.0044177789306
1.19,0.0565765809347498,4.00913675692728
1.191,0.058360794013536,4.01469418776887
1.192,0.0580779791301448,4.02028695367348
1.193,0.0557381488677773,4.02587995649626
1.194,0.0514241868306327,4.03147296069448
1.195,0.0452889112526877,4.03706596491032
1.196,0.0375496614766601,4.04265896920213
1.197,0.0284805989516519,4.04825197396117
1.198,0.0184029948695789,4.05384498068841
1.199,0.00767384919530174,4.05943799260584
1.2,-0.00332675643995086,4.06503101201313
1.201,-0.0142091229489718,4.07062403505963
1.202,-0.024587739257356,4.07621705382492
1.203,-0.0340949392347103,4.08181006510474
1.204,-0.0423939262213746,4.08740307152582
1.205,-0.0491907046978284,4.09299607619715
1.206,-0.0542444949417753,4.09858908047227
1.207,-0.0573762629655528,4.1041820846858
1.208,-0.0584750631166738,4.10977508888468
1.209,-0.0575019683356315,4.11536809185652
1.21,-0.054491449324705,4.12096088154327
1.211,-0.0495501536877494,4.12652152689442
1.212,-0.0428531278059001,4.1312557060356
1.213,-0.0346376158875964,4.13578631300951
1.214,-0.0251946557450663,4.14027750395972
1.215,-0.0148587685173922,4.14411486665309
1.216,-0.00399610828387746,4.14618826336379
1.217,0.00700850906773961,4.1476098825635
1.218,0.0177652382134674,4.14898072029501
1.219,0.0278930146988094,4.15074760513493
1.22,0.0370330544524562,4.15407930933374
1.221,0.0448615638482389,4.15851232314081
1.222,0.0511012104189228,4.16303888390449
1.223,0.0555309475086945,4.16762430329345
1.224,0.0579938449037296,4.17307511332981
1.225,0.058402648522669,4.17866700180055
1.226,0.0567428714322697,4.18425999939428
1.227,0.05307330710983,4.1898530035612
1.228,0.0475239468122314,4.19544600777011
1.229,0.0402913746794462,4.20103901200712
1.23,0.0316318037133524,4.20663201643506
1.231,0.0218519995358439,4.21222502178407
1.232,0.0112984128870699,4.21781803000443
1.233,0.000344906683689788,4.22341104340424
1.234,-0.010620488236878,4.22900406093462
1.235,-0.0212093193220676,4.23459707719203
1.236,-0.0310464734071101,4.24019008821951
1.237,-0.0397834653715807,4.24578309488916
1.238,-0.0471107832524508,4.25137609968318
1.239,-0.0527688532042658,4.25696910398655
1.24,-0.056557234845313,4.26256210820429
1.241,-0.0583417220132969,4.26815511240999
1.242,-0.0580590973812137,4.2737481164247
1.243,-0.0557193719833946,4.27934108739153
1.244,-0.0514054306963458,4.28492867387695
1.245,-0.0452700959195109,4.29007245173196
1.246,-0.0375307140458891,4.29461592927017
1.247,-0.0284614559487863,4.29914094806745
1.248,-0.0183836042072083,4.30357636275278
1.249,-0.00765417184662194,4.30720715170458
1.25,0.0033467451109117,4.30954502034348
1.251,0.0142294327555093,4.31149473305271
1.252,0.0246083649617488,4.31387374961839
1.253,0.0341158609495979,4.31757415336714
1.254,0.0424151104994795,4.32202374472372
1.255,0.0492121058139671,4.32654944542196
1.256,0.0542660566988397,4.33109360467233
1.257,0.0573979208592343,4.33624830140133
1.258,0.0584967468037344,4.34183606707984
1.259,0.0575236040741891,4.3474290388756
1.26,0.0545129628209579,4.35302204289339
1.261,0.0495714725698286,4.35861504709907
1.262,0.0428741841954333,4.36420805131595
1.263,0.0346583488680099,4.36980105560843
1.264,0.0252150131502147,4.37539406031477
1.265,0.014878708914682,4.38098706652861
1.266,0.00401560222725081,4.38658007605928
1.267,-0.00698947838054917,4.39217308927506
1.268,-0.0177466741792925,4.39776610302184
1.269,-0.027874907623425,4.40335911353291
1.27,-0.037015381978264,4.40895212037562
1.271,-0.0448442919178773,4.4145451253006
1.272,-0.0510842946524521,4.42013812964024
1.273,-0.0555143348236894,4.42573113386404
1.274,-0.0579774756506448,4.43132413807148
1.275,-0.0583864585027414,4.43691714224665
1.276,-0.0567267943080225,4.442510141224
1.277,-0.053057276689645,4.44810225551452
1.278,-0.0475078994351899,4.45357860023126
1.279,-0.0402752513250437,4.45817702527099
1.28,-0.0316155520284777,4.46270588726077
1.281,-0.0218355755301259,4.46722431332535
1.282,-0.011281782346553,4.47159916054265
1.283,-0.0003280463108209,4.47531377369214
1.284,0.0106375903204644,4.47837381327586
1.285,0.0212266633024855,4.48160978941958
1.286,0.0310640478920027,4.48564866046069
1.287,0.0398012480812086,4.4901191245759
1.288,0.0471287419889445,4.49464467687262
1.289,0.0527869468903359,4.49917718670279
1.29,0.056575415421359,4.50396712710597
1.291,0.0583599362258597,4.50953590885884
1.292,0.0580772885580884,4.51512875196741
1.293,0.0557374822670844,4.52072175523827
1.294,0.0514234029020089,4.52631475943865
1.295,0.0452878757534009,4.53190776364825
1.296,0.0375482519746072,4.53750076788683
1.297,0.0284787087075667,4.54309377230363
1.298,0.018400536488737,4.54868677747111
1.299,0.00767075724943882,4.55427978461816
1.3,-0.00333052325797019,4.55987279462191
1.301,-0.0142135808062824,4.56546580601369
1.302,-0.0245928790438836,4.57105881577257
1.303,-0.0341007271157006,4.57665182267643
1.304,-0.042400305434492,4.58224482772714
1.305,-0.0491975975731209,4.58783783211048
1.306,-0.0542518062363268,4.5934308363427
1.307,-0.0573838834842463,4.59902384055142
1.308,-0.0584828734100822,4.60461684475232
1.309,-0.0575098434578816,4.61020984812148
1.31,-0.0544992631566466,4.61580270693949
1.311,-0.0495577832705505,4.62137363655063
1.312,-0.042860457871974,4.62618208702407
1.313,-0.0346445426112782,4.63071506145334
1.314,-0.0252010902299451,4.63524217915061
1.315,-0.0148646398098747,4.63975099305869
1.316,-0.00400136556093792,4.64411445292463
1.317,0.00700389508876097,4.64814938093358
1.318,0.0177612743883068,4.65211917255531
1.319,0.0278896857272172,4.6564013227653
1.32,0.037030323695883,4.66089166554087
1.321,0.0448593747741999,4.66541744007468
1.322,0.0510994891371578,4.66994665610596
1.323,0.0555296054271609,4.67455360381534
1.324,0.0579927821311866,4.68004196137968
1.325,0.0584017575660797,4.68563416823545
1.326,0.0567420410476015,4.69122716771687
1.327,0.0530724262921273,4.69682017189478
1.328,0.0475229086345095,4.70241317610168
1.329,0.0402900800784025,4.70800618031953
1.33,0.0316301648055933,4.71359918461116
1.331,0.0218499424632204,4.71919218925874
1.332,0.0112958803262379,4.72478519501598
1.333,0.000341859577023153,4.73037820277486
1.334,-0.0106240695876262,4.73597121213003
1.335,-0.0212134349419071,4.74156422099325
1.336,-0.0310511038360134,4.74715722783532
1.337,-0.0397885726689458,4.75275023299327
1.338,-0.0471163126553165,4.75834323742638
1.339,-0.0527747351343792,4.76393624166987
1.34,-0.0565633877604396,4.76952924588027
1.341,-0.0583480555105237,4.7751222500856
1.342,-0.0580655154254259,4.78071525415453
1.343,-0.0557257762669234,4.78630823457696
1.344,-0.0514117241104679,4.79189735870451
1.345,-0.0452761862489076,4.79712886485523
1.346,-0.0375365168962678,4.80167850901897
1.347,-0.0284668975525528,4.80620673203519
1.348,-0.0183886241277792,4.81073253389832
1.349,-0.00765872463534608,4.81523527816019
1.35,0.00334268839584331,4.81964973272874
1.351,0.0142258837576683,4.82399512005959
1.352,0.0246053179780817,4.82841684636793
1.353,0.034113293273738,4.83292278610086
1.354,0.0424129836471835,4.83744896918349
1.355,0.0492103667997273,4.84197721095337
1.356,0.0542646403490591,4.84652697971759
1.357,0.0573967523534402,4.8517593369358
1.358,0.0584957441225994,4.85734844744234
1.359,0.057522681408378,4.86294142757764
1.36,0.0545120332902935,4.86853443164377
1.361,0.0495704513755796,4.87412743584907
1.362,0.0428729916773151,4.87972044005915
1.363,0.0346569130804587,4.88531344429854
1.364,0.0252132725055363,4.8909064486984
1.365,0.0148766139189584,4.89649945368276
1.366,0.00401311712802571,4.90209245995315
1.367,-0.00699237437400814,4.90768546765237
1.368,-0.0177499866788088,4.91327847555748
1.369,-0.0278786268682804,4.918871482208
1.37,-0.0370194835194451,4.92446448743619
1.371,-0.044848737675489,4.93005749192083
1.372,-0.0510890343877812,4.9356504961785
1.373,-0.0555193082487176,4.94124350039127
1.374,-0.0579826145550522,4.94683650459761
1.375,-0.0583916893615593,4.95242950878059
1.376,-0.0567320408550211,4.9580225091003
1.377,-0.0530624627139452,4.96361485179345
1.378,-0.0475129514947677,4.96911928277862
1.379,-0.0402801011895978,4.97374016734515
1.38,-0.0316201390726498,4.97826970344566
1.381,-0.0218398487499413,4.98279738925275
1.382,-0.011285701995584,4.98732190584314
1.383,-0.000331585133704243,4.9918284090245
1.384,0.0106344462977478,4.99630702937982
1.385,0.0212239145626509,5.00079490813199
1.386,0.0310616814254332,5.00531130820509
1.387,0.0397992381907752,5.00983795212931
1.388,0.0471270513367007,5.01436589287808
1.389,0.0527855279877552,5.01889995513222
1.39,0.0565742124741412,5.02375036205996
1.391,0.0583588871154783,5.02932495739133
1.392,0.0580763272644132,5.03491783960625
1.393,0.0557365410894641,5.04051084310406
1.394,0.0514224150110881,5.04610384730562
1.395,0.0452867774396457,5.05169685151287
1.396,0.0375469848117531,5.05728985573145
1.397,0.0284772216131308,5.06288286001958
1.398,0.0183987872998396,5.06847586460068
1.399,0.00766871419551856,5.07406886995435
1.4,-0.00333288066342965,5.07966187642291
1.401,-0.0142162612526096,5.08525488343317
1.402,-0.0245958791947824,5.09084788980616
1.403,-0.0341040319906947,5.09644089506492
1.404,-0.0424038890901117,5.10203389960045
1.405,-0.0492014242623603,5.10762690387552
1.406,-0.0542558316304235,5.11321990809162
1.407,-0.0573880563847988,5.11881291229853
1.408,-0.058487137885084,5.1244059165005
1.409,-0.057514140695478,5.12999892007018
1.41,-0.0545035335526459,5.13559181373859
1.411,-0.0495619686255195,5.1411679799115
1.412,-0.0428645033559417,5.1460384053576
1.413,-0.0346483986774149,5.15057301320342
1.414,-0.0252047143181601,5.15510100028617
1.415,-0.0148679976993883,5.15962844524277
1.416,-0.00400443238093178,5.16415276609071
1.417,0.00700113396791862,5.16866909497266
1.418,0.0177588231426278,5.17318368074369
1.419,0.0278875379633782,5.17770618118932
1.42,0.0370284628519105,5.18223324236613
1.421,0.0448577750698175,5.18676108816547
1.422,0.0510981162107979,5.19129079313225
1.423,0.0555284179182078,5.19591990356984
1.424,0.0579917333681075,5.20143140789377
1.425,0.0584007969997488,5.20702380157884
1.426,0.056741116160741,5.21261680216763
1.427,0.0530714845888521,5.21820980635203
1.428,0.0475218994617358,5.22380281055817
1.429,0.0402889562238679,5.22939581476868
1.43,0.0316288842288289,5.23498881900808
1.431,0.0218484697766556,5.24058182338693
1.432,0.0112941877406519,5.24617482820044
1.433,0.000339927855075806,5.25176783379803
1.434,-0.0106262505371509,5.25736084002092
1.435,-0.0212158659443073,5.26295384605111
1.436,-0.0310537764421956,5.26854685128957
1.437,-0.039791469673606,5.27413985586833
1.438,-0.0471194088680573,5.27973286016316
1.439,-0.0527779982778709,5.28532586438371
1.44,-0.0565667798442744,5.29091886859129
1.441,-0.0583515340968943,5.29651187279655
1.442,-0.0580690352944066,5.30210487689738
1.443,-0.0557292910932614,5.30769786286854
1.444,-0.0514151879864294,5.31328789062242
1.445,-0.0452795553576879,5.31858258277195
1.446,-0.0375397510260552,5.32313870192864
1.447,-0.0284699614637065,5.32766713261387
1.448,-0.0183914886876715,5.33219494305185
1.449,-0.00766136786554982,5.3367222583474
1.45,0.00334028085025106,5.341247712656
1.451,0.0142237181574217,5.34577165477906
1.452,0.0246033922386816,5.35029726817406
1.453,0.0341115973642505,5.35482465006338
1.454,0.0424114999238276,5.35935246838991
1.455,0.0492090708387763,5.36388090133162
1.456,0.0542635018717339,5.36843712632203
1.457,0.0573957362021986,5.37373207434352
1.458,0.0584948119478206,5.37932208405183
1.459,0.057521792742476,5.38491506975578
1.46,0.0545111470095032,5.3905080738542
1.461,0.0495695273607007,5.39610107805945
1.462,0.0428719920358894,5.40169408226691
1.463,0.0346558035365334,5.40728708648592
1.464,0.0252120234995062,5.41288009076808
1.465,0.0148752015498652,5.41847309528028
1.466,0.00401152397501723,5.42406610029861
1.467,-0.00699415880528722,5.42965910587928
1.468,-0.0177519656287304,5.43525211154098
1.469,-0.0278807963168553,5.44084511670892
1.47,-0.0370218325379575,5.44643812131708
1.471,-0.0448512487922788,5.45203112563261
1.472,-0.0510916843996901,5.45762412985881
1.473,-0.0555220690105118,5.46321713406733
1.474,-0.0579854541126873,5.46881013827327
1.475,-0.0583945732484206,5.47440314246147
1.476,-0.0567349331608128,5.47999614367498
1.477,-0.0530653274200502,5.48558863846821
1.478,-0.0475157536983859,5.49111247995402
1.479,-0.0402828085153687,5.49575836256898
1.48,-0.0316227225230026,5.50028841437097
1.481,-0.0218422838050091,5.50481631040764
1.482,-0.0112879695206829,5.509344074726
1.483,-0.00033367168582054,5.51387146662617
1.484,0.010632547820137,5.51839828186307
1.485,0.0212222048432407,5.5229252895544
1.486,0.0310601549181649,5.52745288476407
1.487,0.0397978832066444,5.53198069860198
1.488,0.0471258506954035,5.5365087361462
1.489,0.0527844596835993,5.54104464365558
1.49,0.0565732504224504,5.54595849959662
1.491,0.0583580021660407,5.55153727744741
1.492,0.0580754883368851,5.55713018762054
1.493,0.0557357162995927,5.56272319128061
1.494,0.0514215726895547,5.56831619548308
1.495,0.0452858873356015,5.57390919968942
1.496,0.0375460190446671,5.57950220390024
1.497,0.0284761557808661,5.58509520813843
1.498,0.0183976011136436,5.59068821249192
1.499,0.00766739216468733,5.59628121714949
1.5,-0.00333434864388011,5.60187422224586
1.501,-0.014217879784637,5.60746722755543
1.502,-0.0245976471470553,5.61306023261419
1.503,-0.0341059428126041,5.6186532372344
1.504,-0.0424059309569855,5.62424624156996
1.505,-0.0492035806088376,5.62983924580301
1.506,-0.0542580818958152,5.63543225001285
1.507,-0.0573903766827215,5.64102525421906
1.508,-0.0584895019867073,5.64661825842186
1.509,-0.0575165207867194,5.65221126213652
1.51,-0.0545059015841196,5.65780418099701
1.511,-0.0495642970563385,5.66338415412239
1.512,-0.0428667660381909,5.66831939152208
1.513,-0.0346505721058116,5.67285598437481
1.514,-0.0252067780889155,5.67738404086204
1.515,-0.0148699352544471,5.68191187196303
1.516,-0.00400623164426869,5.68643962864037
1.517,0.0069994803351533,5.69096722127915
1.518,0.0177573175082572,5.69549477822731
1.519,0.0278861777009651,5.70002249724237
1.52,0.0370272405695364,5.70455031377353
1.521,0.0448566788605336,5.70907821974674
1.522,0.0510971301977823,5.7136084783277
1.523,0.0555275228810481,5.71826418020207
1.524,0.0579909073872082,5.72379342426796
1.525,0.0584000163346796,5.72938595675423
1.526,0.0567403560938632,5.73497895816557
1.527,0.0530707203415502,5.74057196235481
1.528,0.0475211068820811,5.74616496656068
1.529,0.0402881128624045,5.75175797076832
1.53,0.0316279701215763,5.75735097498735
1.531,0.0218474677533359,5.76294397926135
1.532,0.0112930844127276,5.76853698370672
1.533,0.000338713822812962,5.77412998846119
1.534,-0.0106275804968401,5.77972299346217
1.535,-0.0212173124600843,5.78531599838718
1.536,-0.0310553359995193,5.79090900300007
1.537,-0.0397931344457493,5.79650200735289
1.538,-0.0471211672682947,5.80209501159377
1.539,-0.0527798354482929,5.80768801580537
1.54,-0.0565686779268527,5.81328102001186
1.541,-0.0583534732996441,5.81887402421717
1.542,-0.0580709943210502,5.82446702834169
1.543,-0.0557312480511668,5.83006001842863
1.544,-0.0514171212647145,5.83565071708018
1.545,-0.0452814440910759,5.84099933168344
1.546,-0.0375415760936765,5.84556343854671
1.547,-0.028471706048722,5.85009204683525
1.548,-0.0183931387414491,5.85461990552692
1.549,-0.00766291269061027,5.85914772462575
1.55,0.00333884831494071,5.86367550349177
1.551,0.0142224011355694,5.86820325130402
1.552,0.0246021901079157,5.87273103340736
1.553,0.0341105056923929,5.87725885386466
1.554,0.0424105106375648,5.88178671279341
1.555,0.0492081727151665,5.88631532353601
1.556,0.0542626807427426,5.89087956243851
1.557,0.057394975720575,5.89622833263643
1.558,0.0584940941094589,5.90181901594903
1.559,0.0575210983762818,5.90741200582064
1.56,0.0545104567752265,5.91300500994324
1.561,0.0495688222276561,5.91859801414854
1.562,0.0428712540330558,5.92419101835498
1.563,0.0346550162953747,5.92978402256599
1.564,0.0252111728040139,5.93537702680194
1.565,0.0148742759121502,5.94097003112878
1.566,0.00401051487927241,5.9465630356556
1.567,-0.00699525655556363,5.95215604040458
1.568,-0.0177531539610944,5.95774904518558
1.569,-0.0278820735885165,5.9633420497715
1.57,-0.0370231937707459,5.96893505413626
1.571,-0.0448526860979957,5.97452805838539
1.572,-0.0510931869574563,5.98012106259924
1.573,-0.0555236237842597,5.9857140668061
1.574,-0.0579870462552477,5.9913070710119
1.575,-0.0583961864223275,5.99690007520403
1.576,-0.0567365504003666,6.00249307708689
1.577,-0.0530669317967032,6.0080856858051
1.578,-0.0475173287363087,6.01362443998991
1.579,-0.0402843386594894,6.01830004248357
1.58,-0.0316241940698691,6.02283073358598
1.581,-0.0218436850184738,6.0273586547672
1.582,-0.0112892910110621,6.03188648661585
1.583,-0.000334906983025559,6.03641430530517
1.584,0.0106314023621913,6.04094211161997
1.585,0.0212211497973291,6.04546992193983
1.586,0.0310591879206299,6.04999774549108
1.587,0.03979699897331,6.05452558639645
1.588,0.047125041283233,6.05905368599323
1.589,0.0527837148875882,6.06359189968616
1.59,0.0565725579654453,6.06857230317233
1.591,0.0583573485090973,6.07415423621409
1.592,0.0580748589217305,6.0797471673825
1.593,0.0557350959495508,6.08534017116442
1.594,0.0514209464034278,6.0909331753676
1.595,0.0452852407746428,6.09652617957359
1.596,0.0375453390294229,6.10211918378137
1.597,0.0284754305552695,6.10771218800001
1.598,0.0183968208770917,6.11330519226438
1.599,0.00766654950453048,6.11889819664938
1.6,-0.0033352587964581,6.12449120120844
1.601,-0.014218859839498,6.13008420585207
1.602,-0.0245986967814872,6.13567721039621
1.603,-0.0341070591656807,6.14127021476639
1.604,-0.0424071086078393,6.14686321902365
1.605,-0.049204811933984,6.15245622324025
1.606,-0.0542593573637308,6.15804922744764
1.607,-0.0573916850614433,6.16364223165357
1.608,-0.0584908310203418,6.16923523585702
1.609,-0.0575178574890348,6.17482823968029
1.61,-0.0545072325782956,6.18042117741235
1.611,-0.0495656094155048,6.18600401420416
1.612,-0.0428680474099529,6.19100615654248
1.613,-0.0346518111364484,6.19554521149181
1.614,-0.0252079650524364,6.20007333365555
1.615,-0.0148710621723361,6.20460117614694
1.616,-0.00400729265273963,6.20912900313938
1.617,0.00699848888827489,6.21365682539777
1.618,0.0177563969555431,6.21818464683016
1.619,0.0278853270114962,6.22271247226816
1.62,0.0370264564087106,6.22724030577075
1.621,0.0448559557868559,6.23176823541546
1.622,0.0510964608586762,6.23629918176461
1.623,0.0555268983190676,6.24098620424981
1.624,0.0579903172923327,6.24652905844719
1.625,0.0583994495339744,6.25212169503128
1.626,0.0567398010455949,6.25771469705942
1.627,0.0530701652128302,6.26330770125231
1.628,0.0475205402563376,6.26890070545807
1.629,0.0402875241315375,6.27449370966459
1.63,0.0316273496762365,6.28008671387564
1.631,0.021846807425101,6.28567971810859
1.632,0.0112923777052883,6.29127272240975
1.633,0.000337956089665376,6.29686572683399
1.634,-0.0106283918751348,6.30245873135637
1.635,-0.0212181780288045,6.30805173584851
1.636,-0.0310562541830727,6.31364474021637
1.637,-0.0397941017688879,6.31923774448069
1.638,-0.047122178422671,6.32483074870045
1.639,-0.0527808834437816,6.33042375290854
1.64,-0.0565697545385777,6.3360167571146
1.641,-0.0583545692200032,6.34160976131999
1.642,-0.058072099527893,6.34720276546236
1.643,-0.0557323522970232,6.35279575865053
1.644,-0.0514182142894154,6.35838696317847
1.645,-0.0452825159914434,6.36378082771652
1.646,-0.0375426177854573,6.36835474170441
1.647,-0.0284727094437046,6.37288356970643
1.648,-0.0183940971491882,6.37741143856121
1.649,-0.00766382093282534,6.38193926878026
1.65,0.00333799376667586,6.38646709510725
1.651,0.0142216019206326,6.39099492043513
1.652,0.0246014461196837,6.3955227468287
1.653,0.0341098149112494,6.4000505770817
1.654,0.0424098694349782,6.40457844603965
1.655,0.0492075759065211,6.40910727717404
1.656,0.0542621216999774,6.4136813554202
1.657,0.0573944468870499,6.41907530514306
1.658,0.0584935869596922,6.42466649681584
1.659,0.0575206038879908,6.43025948983052
1.66,0.0545099658802417,6.43585249397135
1.661,0.0495683258949676,6.44144549817673
1.662,0.0428707436701575,6.44703850238277
1.663,0.034654484132991,6.45263150659062
1.664,0.0252106120003089,6.4582245108084
1.665,0.0148736809526613,6.4638175150623
1.666,0.00400988158188894,6.46941051939569
1.667,-0.00699593083752091,6.47500352381739
1.668,-0.0177538700487437,6.48059652825183
1.669,-0.0278828310195027,6.48618953260871
1.67,-0.0370239903841832,6.49178253687769
1.671,-0.0448535181695677,6.4973755411007
1.672,-0.0510940496034066,6.50296854530968
1.673,-0.0555245108233208,6.50856154951589
1.674,-0.0579879506917292,6.51415455372164
1.675,-0.0583971006974454,6.51974755791675
1.676,-0.0567374665607937,6.52534056030746
1.677,-0.053067841793696,6.53093325547244
1.678,-0.0475182247469138,6.53648353970397
1.679,-0.0402852133845051,6.54119400794393
1.68,-0.0316250408544106,6.54572549738946
1.681,-0.0218444982737575,6.55025344518256
1.682,-0.0112900662432285,6.55478128029563
1.683,-0.00033564095249895,6.55930910798716
1.684,0.0106307114357673,6.56383693459033
1.685,0.0212205023357064,6.56836476139397
1.686,0.0310585828387782,6.57289259011886
1.687,0.0397964339332026,6.57742043571577
1.688,0.0471245126695719,6.58194861169979
1.689,0.0527832179108745,6.58648969667546
1.69,0.0565720870357714,6.59153778221089
1.691,0.0583568972074764,6.59712211847364
1.692,0.0580744202818179,6.60271506557919
1.693,0.0557346628593265,6.6083080694536
1.694,0.0514205118486148,6.61390107365734
1.695,0.0452847979231921,6.61949407786319
1.696,0.0375448815541085,6.62508708206977
1.697,0.0284749528204591,6.63068008628067
1.698,0.0183963182307844,6.63627309050982
1.699,0.00766601831471858,6.64186609478709
1.7,-0.00333582102171614,6.64745909913379
1.701,-0.0142194543082996,6.65305210351422
1.702,-0.0245993235197068,6.65864510785497
1.703,-0.0341077168757364,6.66423811212632
1.704,-0.0424077948717971,6.66983111635264
1.705,-0.049205523235418,6.67542412056273
1.706,-0.0542600891864191,6.68101712476915
1.707,-0.0573924323170753,6.68661012897498
1.708,-0.0584915878880116,6.69220313317892
1.709,-0.0575186178037735,6.69779613708453
1.71,-0.0545079901855512,6.7033890891243
1.711,-0.0495663580167287,6.70897410378438
1.712,-0.0428687811390303,6.71404323937137
1.713,-0.0346525247106718,6.71858533304461
1.714,-0.025208653759229,6.72311353621382
1.715,-0.0148717221956433,6.72764138333244
1.716,-0.00400792112821625,6.73216921232152
1.717,0.00699789376343248,6.73669703943177
1.718,0.0177558359037898,6.74122486639726
1.719,0.0278847996373552,6.74575269434993
1.72,0.0370259612239715,6.75028053021384
1.721,0.0448554903008807,6.75480848817202
1.722,0.0510960216893944,6.75934028619438
1.723,0.0555264812657114,6.76406359115751
1.724,0.0579899175574362,6.76961694423922
1.725,0.0583990619236618,6.77520965978753
1.726,0.0567394199996449,6.78080266228349
1.727,0.0530697851432073,6.78639566647915
1.728,0.0475201558635159,6.79198867068488
1.729,0.0402871303031784,6.79758167489096
1.73,0.0316269417314842,6.80317467909884
1.731,0.0218463815377365,6.80876768331547
1.732,0.0112919307110618,6.81436068755934
1.733,0.000337485713518203,6.81995369185236
1.734,-0.0106288868923464,6.82554669618457
1.735,-0.021218698063262,6.83113970050471
1.736,-0.0310567986134074,6.83673270477522
1.737,-0.0397946690188408,6.84232570900437
1.738,-0.0471227660105443,6.84791871321573
1.739,-0.0527814882228814,6.85351171742244
1.74,-0.0565703726323756,6.85910472162832
1.741,-0.0583551962521077,6.86469772583378
1.742,-0.0580727308219319,6.87029072998971
1.743,-0.0557329829264024,6.8758837255319
1.744,-0.0514188394916753,6.88147531425494
1.745,-0.0452831311006719,6.88690647207031
1.746,-0.0375432183712354,6.89149228728357
1.747,-0.0284732917577586,6.89602138688993
1.748,-0.0183946579265118,6.90054926730709
1.749,-0.00766435764523633,6.90507709884572
1.75,0.00333748277319754,6.90960492639739
1.751,0.0142211175920436,6.91413275346141
1.752,0.0246009883655285,6.91866058101539
1.753,0.0341093829439941,6.92318841256274
1.754,0.0424094616364133,6.92771629310702
1.755,0.0492071897430463,6.93224539669223
1.756,0.054261754200059,6.93683141338208
1.757,0.0573940944564186,6.94226260486258
1.758,0.0584932455836621,6.94785418285519
1.759,0.0575202693767564,6.95344717825713
1.76,0.0545096339100269,6.95904018241182
1.761,0.0495679922085049,6.96463318661727
1.762,0.0428704041825587,6.97022619082315
1.763,0.0346541351360387,6.97581919502976
1.764,0.0252102502544215,6.98141219924036
1.765,0.0148733037449131,6.98700520346549
1.766,0.00400948692084118,6.99259820772257
1.767,-0.00699634423918452,6.99819121201517
1.768,-0.0177543027730953,7.00378421631288
1.769,-0.0278832828415117,7.00937722057941
1.77,-0.0370244602822094,7.0149702248106
1.771,-0.0448540044884169,7.02056322902331
1.772,-0.0510945500926534,7.02615623323037
1.773,-0.0555250226565305,7.03174923743632
1.774,-0.0579884705692144,7.03734224164206
1.775,-0.0583976250790791,7.04293524583943
1.776,-0.0567379917178577,7.04852824861443
1.777,-0.0530683638616158,7.05412100920158
1.778,-0.0475187400035872,7.05968014197105
1.779,-0.0402857183782981,7.06443026384236
1.78,-0.0316255325014413,7.06896273236923
1.781,-0.0218449738241947,7.07349071274954
1.782,-0.0112905235636311,7.07801855025251
1.783,-0.000336078467041716,7.08254637853251
1.784,0.0106302946436333,7.08707420572946
1.785,0.0212201064960618,7.09160203308138
1.786,0.0310582076066527,7.0961298625674
1.787,0.0397960781297486,7.10065771334486
1.788,0.0471241746286631,7.10518598311174
1.789,0.0527828954992315,7.10973057560116
1.79,0.0565717775617848,7.1148445400534
1.791,0.0583565975884817,7.12043070039458
1.792,0.0580741273456078,7.12602365956561
1.793,0.055734373344772,7.13161666351004
1.794,0.051420222321465,7.13720966771421
1.795,0.0452845051260381,7.14280267192001
1.796,0.037544582497425,7.14839567612611
1.797,0.028474644873632,7.15398868033394
1.798,0.0183959991350665,7.1595816845491
1.799,0.00766568625939491,7.16517468878355
1.8,-0.00333616723098312,7.17076769304587
1.801,-0.0142198153024824,7.17636069732172
1.802,-0.0245996993763884,7.18195370158165
1.803,-0.0341081070207761,7.18754670581373
1.804,-0.0424081982066449,7.19313971002775
1.805,-0.0492059381380413,7.19873271423526
1.806,-0.0542605135894905,7.20432571844129
1.807,-0.057392863801511,7.20991872264709
1.808,-0.0584920237531585,7.21551172685142
1.809,-0.0575190552113627,7.22110473082034
1.81,-0.0545084260933591,7.22669769386288
1.811,-0.0495667895182462,7.23228438727235
1.812,-0.0428692055132494,7.23741893529041
1.813,-0.034652939366159,7.24196477984164
1.814,-0.0252090564402314,7.24649308355263
1.815,-0.0148721111207472,7.25102093622249
1.816,-0.00400829488728726,7.25554876595658
1.817,0.00699753612554731,7.26007659339437
1.818,0.0177554947037198,7.26460442066712
1.819,0.0278844747457688,7.26913224910727
1.82,0.0370256519822702,7.27366008752244
1.821,0.044855195534406,7.27818808060786
1.822,0.0510957398787574,7.28272093425913
1.823,0.0555262104656961,7.28748574091433
1.824,0.0579896554676651,7.29304727427496
1.825,0.0583988060585222,7.29864005057871
1.826,0.0567391678374187,7.3042330534346
1.827,0.053069534086423,7.30982605763238
1.828,0.0475199033020041,7.31541906183811
1.829,0.0402868738153937,7.32101206604401
1.83,0.0316266791758164,7.32660507025063
1.831,0.0218461109846456,7.33219807446076
1.832,0.0112916506427448,7.33779107868182
1.833,0.000337195083516878,7.34338408292258
1.834,-0.0106291887997335,7.34897708717908
1.835,-0.0212190114414684,7.35457009143072
1.836,-0.0310571231883151,7.36016309566246
1.837,-0.0397950041276305,7.36575609987762
1.838,-0.0471231105318904,7.37134910408563
1.839,-0.0527818406136465,7.37694210829178
1.84,-0.0565707311373759,7.3825351124976
1.841,-0.0583555588044466,7.38812811670312
1.842,-0.058073095223257,7.39372112086943
1.843,-0.0557333469562185,7.39931411821527
1.844,-0.0514192007836339,7.4049060014285
1.845,-0.0452834874439145,7.41036758017982
1.846,-0.0375435677576756,7.41496770172283
1.847,-0.0284736323421398,7.41949713534134
1.848,-0.018394988131041,7.42402502996414
1.849,-0.00766467624467385,7.42855286287487
1.85,0.00333717661288713,7.43308069077079
1.851,0.0142208242661495,7.43760851806679
1.852,0.0246007079202781,7.44213634596396
1.853,0.0341091150977874,7.44666417888499
1.854,0.0424092055359655,7.45119207366823
1.855,0.0492069442331741,7.45572151230528
1.856,0.0542615180207292,7.46032187733731
1.857,0.0573938658806353,7.46578345324326
1.858,0.0584930226680573,7.47137532751164
1.859,0.0575200501900037,7.47696832474367
1.86,0.0545094163820614,7.48256132890898
1.861,0.0495677743249395,7.48815433311449
1.862,0.0428701840508737,7.49374733732031
1.863,0.0346539109350084,7.49934034152643
1.864,0.0252100204615435,7.50493334573415
1.865,0.0148730670562,7.51052634994774
1.866,0.00400924233345391,7.51611935417423
1.867,-0.00699659730594873,7.52171235841505
1.868,-0.0177545646665402,7.52730536265794
1.869,-0.0278835534796284,7.53289836688824
1.87,-0.037024739239942,7.53849137110428
1.871,-0.0448542910043,7.54408437531285
1.872,-0.0510948430954503,7.54967737951915
1.873,-0.0555253208161164,7.555270383725
1.874,-0.0579887723962409,7.56086338793073
1.875,-0.0583979289111266,7.56645639212983
1.876,-0.0567382957199109,7.57204939519848
1.877,-0.0530686663045078,7.57764220577981
1.878,-0.0475190391755089,7.5832081714384
1.879,-0.0402860125859575,7.58800243928289
1.88,-0.0316258202204307,7.59253609945681
1.881,-0.0218452537633174,7.597064119567
1.882,-0.0112907946726803,7.60159195995131
1.883,-0.000336339998287368,7.60611978873742
1.884,0.0106300431317838,7.61064761616711
1.885,0.021219865151952,7.61517544378974
1.886,0.0310579762673807,7.61970327409086
1.887,0.039795856303188,7.62423113117326
1.888,0.0471239615300655,7.62875951527097
1.889,0.0527826901151841,7.6333083563604
1.89,0.0565715786218785,7.63848454418045
1.891,0.0583564037491623,7.64407210171697
1.892,0.0580739370915315,7.6496650701119
1.893,0.0557341850286597,7.65525807410986
1.894,0.0514200344101079,7.66085107831436
1.895,0.0452843161276267,7.66644408252014
1.896,0.0375443909072091,7.67203708672604
1.897,0.0284744493803054,7.67763009093265
1.898,0.0183957987274499,7.68322309514222
1.899,0.00766548002890602,7.6888160993596
1.9,-0.00333637983669439,7.69440910358823
1.901,-0.0142200346286606,7.70000210782235
1.902,-0.0245999254906369,7.70559511205002
1.903,-0.0341083396305061,7.71118811626643
1.904,-0.0424084368881323,7.71678112047554
1.905,-0.0492061820791172,7.72237412468202
1.906,-0.0542607619155024,7.7279671288879
1.907,-0.0573931153470445,7.73356013309368
1.908,-0.0584922771974126,7.7391531372983
1.909,-0.0575193092526169,7.7447461413157
1.91,-0.0545086792950494,7.75033911278243
1.911,-0.0495670406444431,7.75592709382867
1.912,-0.042869453055831,7.76112290260181
1.913,-0.0346531822000517,7.76567328974248
1.914,-0.0252092935018072,7.77020171605432
1.915,-0.0148723414147331,7.7747295754907
1.916,-0.00400851796099257,7.77925740609879
1.917,0.00699732101867669,7.78378523382224
1.918,0.017755287369382,7.78831306133862
1.919,0.0278842755432936,7.79284089032067
1.92,0.0370254603916504,7.79736873183985
1.921,0.0448550109144838,7.80189676776429
1.922,0.0510955620843784,7.80643090635967
1.923,0.0555260373773018,7.81124164574885
1.924,0.0579894876930779,7.8168095055491
1.925,0.0583986410502055,7.82240232839408
1.926,0.056739004927998,7.82799533152567
1.927,0.0530693725726916,7.83358833572508
1.928,0.0475197400328874,7.83918133993082
1.929,0.0402867110491954,7.84477434413664
1.93,0.0316265115428322,7.85036734834276
1.931,0.0218459417101934,7.8559603525503
1.932,0.0112914765589093,7.86155335676227
1.933,0.000337014871268698,7.86714636098223
1.934,-0.0106293703990262,7.87273936520856
1.935,-0.0212192041077837,7.87833236943293
1.936,-0.0310573140570776,7.88392537364923
1.937,-0.0397952057725896,7.8895183778588
1.938,-0.0471233137970072,7.89511138206549
1.939,-0.0527820443744732,7.90070438627142
1.94,-0.0565709479021493,7.90629739047721
1.941,-0.0583557604076323,7.91189039468278
1.942,-0.0580733183407566,7.91748339885708
1.943,-0.0557335508265236,7.92307639759188
1.944,-0.0514194130607999,7.92866850765652
1.945,-0.0452837039289584,7.93415465592279
1.946,-0.0375437529574035,7.93877173535001
1.947,-0.028473861858325,7.94330157596837
1.948,-0.0183951509308098,7.94782948791088
1.949,-0.00766489251580473,7.95235732248949
1.95,0.00333700125552733,7.9568851507817
1.951,0.0142206670192675,7.96141297832213
1.952,0.0246004822953485,7.96594080661587
1.953,0.0341090345245418,7.9704686412074
1.954,0.0424089476342677,7.97499655335095
1.955,0.0492068746490321,7.97952640025257
1.956,0.0542613334637263,7.98414376926477
1.957,0.0573936725881906,7.98962988936407
1.958,0.0584930298021916,7.99522199196501
1.959,0.0575196650446699,8.00081499060698
1.96,0.0545095724591441,8.00640799478047
1.961,0.0495673679645023,8.01200099898604
1.962,0.0428701770641613,8.01759400319183
1.963,0.0346538729910487,8.02318700739774
1.964,0.0252094678159746,8.02878001160431
1.965,0.014873622844229,8.03437301581325
1.966,0.00400820860729972,8.03996602002741
1.967,-0.00699591683277353,8.04555902424737
1.968,-0.017755201789572,8.05115202846816
1.969,-0.0278839143808141,8.05674503268386
1.97,-0.0370238063577016,8.06233803689379
1.971,-0.0448564715973828,8.0679310411007
1.972,-0.0510923940144516,8.07352404530669
1.973,-0.055528087855174,8.07911704951249
1.974,-0.0579872953865155,8.08471005371823
1.975,-0.0583978452148816,8.09030305791867
1.976,-0.0567413885058847,8.09589606121544
1.977,-0.0530631305181767,8.10148891066081
1.978,-0.0475269652552747,8.10706022699342
1.979,-0.0402781878559027,8.11190301461642
1.98,-0.0316315734145504,8.1164381291311
1.981,-0.021845239519143,8.1209661977813
1.982,-0.0112833052846366,8.12549404169227
1.983,-0.000352731060967552,8.1300218710921
1.984,0.0106527537261035,8.13454969879666
1.985,0.0211953913748643,8.13907752674206
1.986,0.0310757548027771,8.1436053580368
1.987,0.0397930010647674,8.14813322284467
1.988,0.0471043317143151,8.15266174625424
1.989,0.0528263919168377,8.15721576050349
1.99,0.0565086860526355,8.16244947955445
1.991,0.0584274889369596,8.16803812675544
1.992,0.0580098332259761,8.17363110232642
1.993,0.0557719580094978,8.17922410636585
1.994,0.051449837813161,8.1848171105706
1.995,0.0451345075483981,8.19041011477638
1.996,0.0377259370134688,8.19600311898221
1.997,0.0280616905889479,8.20159612318832
1.998,0.018654229135227,8.20718912739562
1.999,0.00741154646319712,8.21278213160607
2,-0.00440992419934706,8.21837513582085
