0,2.24546245887489e-05
0,-0.000114953435693074
0,2.24546245886206e-05
0,-0.000124741302948222
0,0.000133413266370258
0,0.000133413266370209
0,0.000210394379432603
-4.6083208815606e-07,-0.000613492087648141
0,0.000210394379432248
0,2.24546245887163e-05
-1.53358235333023e-07,1.64201961353014e-05
0,-0.000114953435693056
3.39297505314029e-07,-0.000534177580179652
0,-0.000114953435692897
0,2.24546245886377e-05
0,-0.000114953435692933
1.47104550762833e-14,-0.000124741302980959
0,0.000210394379431958
0,0.000210394379432535
0,-0.000124741302948208
0,-0.000124741302948194
0,-0.000114953435693061
0,0.000210394379432647
0,0.000210394379431811
0,-0.000114953435693046
0,0.000133413266370252
0,-0.000124741302948209
0,-0.000124741302948206
0,0.00013341326637023
3.14987909523223e-05,-0.000641703085092176
2.00743653067104e-06,-0.000333574043689006
0,2.24546245886202e-05
0,0.000133413266370243
2.22044604925031e-16,2.24546245903209e-05
0,-0.000114953435692897
1.77680522019941e-05,-0.000653380810014341
0,0.000133413266370207
1.10377813555829e-08,-0.000508496073334138
1.04627417840675e-12,2.24546269600529e-05
-6.92250629708013e-07,-0.000140765667962254
0,0.000133413266370236
-6.54989291737351e-06,-0.000487284675683612
1.15534709821397e-06,-7.17307967583803e-05
0,0.000133413266370194
0,0.000210394379431799
0,-0.000124741302948194
0,2.24546245886963e-05
0,0.000210394379431894
0,-0.000114953435693066
0,-0.000114953435693005
0,2.24546245887524e-05
-1.30756619975969e-08,0.00020062144181575
0,0.000210394379432238
5.9675807467352e-05,6.66353515867016e-05
-6.39329067249061e-05,-0.000157180314787235
0,2.24546245886051e-05
0,-0.000114953435692906
-5.06638571831086e-05,-0.000430677713686773
-1.3273043775186e-10,-0.000124742444619654
0,-0.000124741302948203
0,0.000133413266370221
0,0.000210394379432758
0,2.2454624588708e-05
0,2.24546245887444e-05
8.51943096280561e-06,0.000203918776607381
0,2.24546245886852e-05
0,2.2454624588704e-05
0,0.000210394379432518
0,0.000133413266370206
-6.24991677727893e-06,-0.000147533930235742
3.96596558371876e-07,2.45785912172071e-05
0,0.000133413266370233
0,-0.000124741302948216
2.22044604925031e-16,0.000210394379429676
0,-0.000114953435692908
0,0.000133413266370255
0,0.000133413266370217
1.74375648365199e-08,-0.000514464225660749
-2.44325506049137e-07,-0.000496041349025869
0,-0.000114953435693042
0,-0.000114953435692909
0.000374089238412201,-1.34515377512226e-05
2.43412331846216e-07,-0.000453480328305681
0,0.000210394379432737
0,0.000133413266370223
5.58905081882166e-07,-5.65684704376734e-05
0,0.000210394379432364
-2.17629596122038e-07,8.32200711398812e-06
-2.61836614501298e-07,4.87877952279109e-05
-4.19209604252124e-07,-0.000594096497317097
0,0.000133413266370232
0,2.24546245887249e-05
0,-0.000114953435693036
0,0.000133413266370252
0,2.24546245887448e-05
0,2.24546245887423e-05
0,-0.000114953435692994
0,0.000210394379431801
0,-0.000114953435693055
0,2.24546245887419e-05
0,-0.000114953435692923
0,0.000133413266370238
-1.27302606567348e-07,-0.000518065251179596
-0.000397152639151965,-0.000226128642439518
0,2.24546245887354e-05
-1.36557432028894e-14,0.000133413266291756
0,-0.000124741302948209
0,0.000210394379432254
6.43929354282591e-14,-0.000114953436032256
-9.93945492577808e-09,0.000184749515532793
0,2.24546245887186e-05
0,-0.000124741302948217
0,2.24546245887343e-05
-1.55805780610585e-07,9.69073493384798e-05
0,2.24546245888588e-05
1.77635683940025e-14,-0.000124741302912446
-9.69129342109909e-07,0.000185064539051588
0,-0.000114953435693023
0,0.000210394379432291
1.11022302462516e-15,0.000210394379437474
0,2.24546245886428e-05
5.63482081772371e-07,-0.000399000592215449
4.42978986825437e-14,-0.000114953437265889
0,-0.000114953435692927
0,-0.000124741302948226
0,2.24546245887437e-05
0,2.2454624588718e-05
0,2.24546245886574e-05
0,-0.000114953435693059
1.55925481859498e-07,-0.000577401995159404
0,0.00021039437943241
0,2.24546245886089e-05
-6.51155615583043e-06,6.92331918322749e-05
0,0.000133413266370235
3.98766844105225e-05,0.00029047959003727
-5.75352849103705e-05,-5.33201707884689e-05
1.66848363458705e-08,-0.000124792951036348
0,-0.000124741302948192
2.05002026465451e-08,0.000203774649839428
0,-0.000114953435692889
-3.31156727373383e-07,3.3550738585995e-05
0,-0.000114953435693048
3.77160914055708e-07,3.7815093186813e-05
-1.33226762955019e-15,2.24546245832399e-05
0,2.24546245886182e-05
8.63482063628851e-11,-0.000124741346012812
-2.75069062305455e-07,0.000174807409568273
0,-0.00011495343569291
9.2233969298805e-06,-0.000520890036656383
-8.94790561229986e-05,0.000185411327726375
0,-0.000124741302948204
0,-0.000124741302948237
0,0.000133413266370261
-8.39678326869375e-12,-0.00012474094955252
0,2.24546245886919e-05
3.77304854026761e-10,0.000133414919723114
4.05461965780063e-07,0.000181851819079908
-5.43616723858165e-08,0.000185002923917791
0,-0.000124741302948216
0,0.000133413266370251
0,0.000133413266370217
0,2.2454624588626e-05
0,-0.000124741302948221
3.63979418160909e-07,3.29963450863467e-05
-1.69987501064117e-06,0.000153010510599896
0,0.000133413266370231
0,-0.000124741302948226
0,0.000133413266370226
0,0.000133413266370261
0,0.000210394379432409
0,0.000133413266370243
0,2.24546245887377e-05
0,0.000210394379432658
1.72751447711228e-05,8.17709399741749e-05
7.17977743258658e-07,-0.00023287923078349
0,0.000133413266370218
0,2.24546245887006e-05
0,2.24546245886674e-05
-2.92707530979985e-06,-0.000606126257376575
0,0.000210394379432091
3.52975892958796e-07,-1.43175445984078e-05
0,2.24546245886136e-05
0,-0.0001247413029482
0,-0.000124741302948199
-2.54553295997439e-07,6.98805806309159e-06
0,0.000133413266370197
0,0.000210394379432426
0,-0.00012474130294823
0,-0.000114953435693087
0,-0.000124741302948214
2.73581706855541e-06,-0.000562853750841332
6.73386758465178e-07,3.13630149897798e-05
-7.63141016046909e-06,-0.000575674773000508
0,-0.000124741302948201
0,-0.000124741302948194
4.11851854675849e-06,0.000121085545266298
0,0.000133413266370232
0,0.000210394379432761
0,-0.000114953435693071
0,-0.000114953435692939
0,2.24546245887494e-05
0,2.24546245886569e-05
0,0.000133413266370197
0,0.00021039437943204
0,-0.000124741302948204
0,-0.000114953435693031
0.000271907228426183,0.000357614813199834
0,-0.000114953435693059
-5.56777180075185e-05,-4.55991660919422e-05
0,-0.000114953435692874
-1.34112432270683e-09,0.000210380215076645
6.73614890200902e-07,0.000100473257361575
0,2.24546245887288e-05
0,-0.000124741302948226
-1.03795209538404e-07,7.22636298797758e-05
0,0.000210394379432453
-3.75742511216082e-07,-0.000506102375364137
0,-0.000114953435693065
6.2225766306323e-07,5.31982294738549e-05
0,0.000210394379431905
0,0.00021039437943199
0,0.000210394379432674
0,-0.000124741302948203
0,0.000210394379432195
3.87768170906355e-08,0.000211521760476908
2.18439087706912e-07,0.0002084577314917
0,-0.00012474130294822
0,0.000133413266370244
0,-0.000124741302948217
0,0.000133413266370197
0,2.24546245886197e-05
0,0.000133413266370244
0,0.000133413266370245
-8.57156087774591e-07,-0.000174074292589069
0,0.000133413266370236
0,-0.000124741302948205
0,-0.000114953435692976
0,0.000210394379432326
-3.47734654293497e-07,-7.13075607729348e-05
0,2.24546245886097e-05
0,0.000133413266370258
-9.80734822428886e-05,-0.000252881181297408
0,0.000210394379431789
4.0870568074336e-07,-0.000590657908132585
0,0.000133413266370247
0,-0.000114953435692983
0,-0.000124741302948205
-2.93101072024182e-06,-0.000607522179594114
0,-0.000124741302948206
0,-0.000124741302948197
0,0.000133413266370203
0,0.000210394379432095
0,-0.000124741302948214
5.14366327308835e-13,-0.00011495341750773
0,0.000210394379432725
0,0.000133413266370238
0,0.000133413266370254
0,0.000210394379432541
-5.55111512312578e-17,-0.000124741302948145
-1.05709663245079e-10,0.000210394293034792
-5.69921014936803e-07,-0.00052773457134749
4.78719974069675e-05,-0.000671504811504804
9.49397282198339e-05,-5.71253807606542e-06
7.52464890396709e-09,0.000210289699441052
5.72564193834779e-07,-0.000546932345978622
0,-0.000124741302948205
1.11022302462516e-15,0.000133413266372441
0,2.24546245886347e-05
0,0.000133413266370223
0,2.24546245887373e-05
0,2.24546245886918e-05
0,2.24546245886292e-05
0,-0.000114953435693024
0,2.24546245886251e-05
8.9254825752505e-10,-0.000114964731212613
1.04240790221866e-06,9.29766409264623e-05
0,-0.00012474130294821
0,0.000133413266370204
0,0.000210394379432723
0,-0.000114953435692851
0,0.000133413266370204
0,0.000210394379432306
2.51465515077598e-14,-0.000124741303123661
6.08169120823732e-05,-0.000329422258543254
0,-0.000124741302948193
0,2.24546245886729e-05
-0.000152218264527104,7.46189962366638e-05
-4.00623978435988e-12,-0.000114953262257734
0,0.000133413266370262
0,0.000133413266370232
0,0.000210394379432741
0,-0.000124741302948229
0,0.000210394379432396
0,0.000210394379432664
0.000383243100135711,3.37754658084069e-06
0,-0.000114953435692887
-1.49770784810821e-05,3.53842325893792e-05
0,-0.000114953435692868
0,-0.000124741302948222
0,0.000210394379432298
0,-0.000114953435692954
0,-0.000114953435692946
0,0.000133413266370221
0,0.000133413266370244
0,0.000133413266370256
0,0.000133413266370201
0,-0.000114953435692917
0,2.24546245886561e-05
0,2.24546245886394e-05
0,0.000210394379432491
0,2.24546245887221e-05
7.79682000073834e-08,-0.000553313239094147
0,2.24546245887218e-05
-4.18201216345615e-06,0.000143884915567058
0,-0.000114953435693027
8.22372316244824e-07,-0.00060177566599129
-2.06848849160224e-09,-0.000114956602400259
0,-0.000114953435692956
0,-0.000114953435692983
-0.000267366392378454,-0.000163217706360431
3.33761853710257e-08,-0.000115015461384172
0,2.245462458875e-05
8.09745603902456e-11,2.24549426398969e-05
-5.12923037376822e-14,0.000210394369888393
0,2.24546245886156e-05
0,0.000210394379431798
2.14614375382283e-07,0.000205448138456612
0,0.000210394379432682
0,-0.000114953435693022
-9.3799519262916e-09,0.000185487705653156
0,0.00013341326637022
0,0.000210394379432428
0,0.00021039437943266
0,0.000133413266370253
-3.88604191714492e-07,-0.000358948947107942
0,-0.000114953435693006
-3.09752297922294e-07,0.000132727950516155
1.41912259721266e-10,0.000210393598565904
0,-0.000114953435693068
0,0.0001334132663702
0,0.0001334132663702
0,2.24546245887162e-05
0.000218452158513308,-3.00122927134792e-05
0,-0.000124741302948203
0,-0.00011495343569304
4.79631366401279e-07,0.000138455590011001
-3.29055318881721e-07,-0.000295887575849326
0,-0.000114953435692905
-2.00950367457153e-13,2.24546238012034e-05
0,0.000210394379432707
0,-0.000114953435691621
0,0.000133413266370259
0,0.000210394379432309
-1.1513455188128e-06,0.000123018056544204
-4.99292303801635e-06,-0.000576694412995391
-1.75457498508003e-06,1.79972219490878e-05
0,0.000210394379431961
0,2.24546245886203e-05
-7.99360577730113e-15,0.000133413266461109
1.91014543071688e-08,0.000203269401586868
0,0.000210394379432654
0,-0.000124741302948214
2.22331896226891e-08,-0.000124736113331317
0,2.24546245886569e-05
0,-0.00011495343569292
0,0.000210394379431822
-0.000244219975066184,-0.000153141009727811
-1.45027533871023e-07,3.60722071543042e-05
0,0.000133413266370194
3.45231738418939e-07,-0.000582752774391298
0,-0.000114953435692881
-1.20003583292672e-07,2.20636127111827e-05
3.11782760942236e-07,3.18813308812825e-05
-0.000152494901101363,4.48461017339053e-05
0,-0.000124741302948208
0,0.00013341326637021
0,0.000210394379432431
0,2.24546245886197e-05
0,0.00021039437943187
0.000103346510618274,-0.00064075389138815
0,-0.000114953435692891
7.20395956665953e-07,-0.000106612455509856
8.29884315863838e-05,0.000119619410219526
0,0.000133413266370199
-3.6815563941861e-07,-0.000598181479456992
0,2.24546245887131e-05
0,0.000133413266370209
0,0.000210394379432577
-8.68404406162426e-08,0.000161812706762886
2.95881469769554e-07,-0.000595910649732061
0,2.2454624588618e-05
0,0.000133413266370192
-8.51541059887495e-13,-0.000114953427561606
0,0.000210394379431835
3.71677521615599e-06,-2.32843947862612e-05
-2.06024148075024e-07,-0.000493829427934641
0,0.000210394379432336
-1.47893679647293e-06,0.000153365734669825
0,0.000210394379432761
-3.66372487663469e-05,-0.000478548279680313
0,-0.000124741302948199
4.7237729884575e-05,7.74569528154681e-05
0.000105417721744605,-0.000665076411539089
0,-0.000124741302948193
0.000153987416196315,-5.03345945245125e-05
0,2.24546245887002e-05
0,-0.000124741302948215
1.756372824957e-13,-0.00011495343613828
0,2.24546245886995e-05
0,2.24546245887036e-05
-3.38288823176214e-07,-0.000499052787550431
-2.78559700791492e-05,7.6468850665894e-05
2.03730264594082e-05,0.000104593536335993
0,2.24546245887382e-05
0,-0.000114953435692865
0,-0.000114953435692997
0,-0.000124741302948221
0,-0.000124741302948217
-6.11936945560387e-10,-0.000124739811938315
0,-0.000124741302948219
0,0.000133413266370262
1.08187118486036e-07,-0.00011189344031159
0,-0.000114953435692916
4.85678372536091e-07,-0.000166048908567234
0,-0.000124741302948224
0,2.24546245886094e-05
-1.44926277423352e-07,-0.000531863930783912
0,2.24546245886936e-05
0,-0.000124741302948213
0,0.000133413266370241
0,2.24546245886706e-05
0,2.24546245886216e-05
0,2.24546245886455e-05
-0.000358179703558503,2.13045670378276e-05
0,0.000210394379431821
7.10538516912607e-10,0.000210393555490277
-1.02932318357674e-06,1.5581080958581e-05
1.27196161107124e-05,-0.000420788531132393
6.81909639865808e-10,0.000210391192868629
0,-0.000114953435693065
5.77417850606832e-05,-0.000110258477582439
0,0.000210394379432462
0,2.24546245886246e-05
0,-0.000124741302948233
0,-0.000114953435692923
-2.75335310107039e-14,-0.000114953436778748
3.05856853288766e-07,1.26429448152545e-05
0,-0.000114953435692959
0,-0.000114953435692898
0,-0.000114953435693072
-0.000192285651554602,8.89668733484076e-05
0,2.24546245886519e-05
-7.36618135377398e-08,0.00019176185260399
0,2.2454624588623e-05
0,-0.000114953435693057
4.18273402136293e-07,-0.000276074364205108
0,2.24546245886704e-05
0,-0.000124741302948212
-5.98941096315864e-05,-0.000277583637511992
-1.62633215472496e-06,-0.000561005195068133
8.91999176756419e-05,0.000366098444849898
0,-0.000124741302948202
1.44206796948154e-07,-0.000613858748283025
0,2.24546245887318e-05
-7.59219631607522e-10,-0.000124723902847093
2.19353300079383e-07,-0.000111419348859754
0,2.24546245887145e-05
0,0.000210394379431831
-4.15475600590298e-07,-7.90484647154036e-06
0,2.24546245887226e-05
0,-0.000114953435693053
1.0392805583237e-05,0.000231014553127365
0,0.000210394379432354
0,-0.000114953435692907
-3.2782721182123e-07,-0.000589689141738677
0,0.000210394379432392
0,0.000210394379432584
0,0.000133413266370207
0,-0.000124741302948209
2.39064272600231e-07,-0.000453071625575828
-1.90004278743938e-06,-0.000545278200122922
0,-0.000124741302948216
0,-0.000114953435692873
0,0.000133413266370206
0,2.24546245886365e-05
0,0.000210394379431788
0.000364972962361654,-5.6101501407967e-05
0,-0.000124741302948231
0,2.24546245887211e-05
-6.36366803419275e-05,-0.000376660393455193
0,0.00013341326637024
0,0.000133413266370221
0,-0.000114953435693017
0,0.000133413266370205
0,0.000210394379432062
0,0.000210394379432544
0,-0.00012474130294823
0,0.000133413266370214
0,2.24546245886806e-05
0,0.000210394379432769
-6.01222380751665e-05,-0.000385240844894931
0,-0.000124741302948203
0,-0.000124741302948231
0,-0.000124741302948214
0,0.000210394379432766
0,-0.000114953435692902
0,0.000210394379431824
-2.17692018855686e-08,-0.000500483336194035
0,0.00021039437943178
0,2.24546245887161e-05
-3.95628227511935e-07,0.000135239826064431
0,-0.000114953435692915
-1.67993872590699e-07,0.000132708616049973
3.8924419243358e-13,2.24546259308949e-05
-7.92277841676903e-06,0.000111682301516289
0.000201830513051948,7.13699461335456e-05
1.11022302462516e-16,-0.000114953435689075
0,-0.000114953435692958
5.88464869943905e-07,-7.22063096529108e-06
0,-0.000114953435693063
0,2.24546245886135e-05
0,0.000133413266370256
-1.89949176854221e-06,0.000104160527672042
0,-0.000114953435692895
0,0.000210394379432498
3.77475828372553e-15,-0.00012474130297206
0,-0.000114953435692882
0,-0.000124741302948199
0,2.24546245886204e-05
2.8288482667449e-13,0.00021039438748729
-1.29613378330173e-06,0.000165659615114599
8.91803542124592e-09,0.000200827581401366
0,2.24546245886149e-05
-6.7141370463375e-08,-0.000496789621185307
0.000106073289213748,-4.66465232154221e-05
0,2.24546245886127e-05
0,-0.000124741302948229
4.46844373280797e-07,-0.000601584451205212
2.42438800285294e-05,0.00027918393533678
0,0.000210394379432367
0,0.000210394379432099
0,-0.000114953435692897
6.17469153463279e-06,6.01393760947896e-06
-0.000109953863828172,-8.14591517656611e-05
0,0.00021039437943216
0,2.24546245886298e-05
0,0.000133413266370212
0,2.24546245886429e-05
-1.47373195868994e-08,2.24012598983639e-05
0,0.00021039437943177
4.29620247406337e-05,-2.72010957728025e-06
-1.72444999724242e-07,-0.000613094887605205
-1.80055125253986e-07,-0.000583264225956449
0,2.2454624588718e-05
-3.33066907387547e-16,-0.000114953435691113
0,2.24546245887463e-05
0,0.000133413266370196
0,-0.000114953435693035
2.49705614741025e-07,-0.000108689444963026
0,0.000210394379432315
0,0.000210394379432439
0,0.000133413266370201
0,2.24546245887259e-05
-2.30911313625626e-07,-0.000516659716598189
0,-0.000114953435693056
0,0.000210394379432214
-3.07639310026531e-07,2.03400037634756e-05
0,0.000133413266370255
9.10826969402478e-13,2.24546237090718e-05
0,-0.000124741302948193
1.05900609281839e-07,-0.00012369675754245
0,-0.000114953435692904
0,-0.000124741302948201
0,2.24546245886948e-05
0,0.000210394379431772
0,0.000210394379432133
0,-0.000124741302948218
0,-0.000124741302948215
0,0.00013341326637026
7.96861063870891e-05,3.54418098911668e-05
0,0.000210394379432164
0,-0.000114953435693035
1.11022302462516e-16,0.000133413266368368
0,0.000210394379431789
0,0.000210394379431948
0,0.000210394379432675
-1.04479479345887e-06,0.00015268472767612
1.0575745093e-06,-8.81945597665169e-05
0,-0.00011495343569289
-4.58511621781454e-07,-0.000561790808487799
0,-0.000124741302948208
0.000179847079608775,-9.78111605930886e-06
0,-0.000124741302948196
0,0.000133413266370216
0,0.000133413266370039
0,0.000133413266370261
0,0.000133413266370235
0,0.000133413266370198
0,2.2454624588691e-05
0,-0.000114953435692895
0,0.000133413266370196
5.44644375266579e-06,-0.000192063331386356
1.32507338435062e-11,0.000210394484120661
0,2.24546245886615e-05
-1.00439780725825e-05,-0.000587789207988347
-5.2563637698011e-07,-5.96440657682063e-05
-2.60393164142059e-07,-0.000613135717670745
7.57324809530502e-08,0.000210158749240508
1.08521034265507e-05,0.000227483716107307
0,-0.000114953435693085
-2.06892281084947e-11,0.000210394225306428
0,-0.000124741302948193
0,0.000210394379432181
1.51900714229214e-12,-0.000114953541234654
1.59157242940466e-09,0.000210456721289858
0,0.000133413266370233
-3.46897235048438e-07,3.72635721821442e-05
4.15490086780324e-10,0.000133412229342075
0,2.24546245886097e-05
0,0.000133413266370208
0,0.000133413266370198
-1.30875347004178e-07,8.96258658279528e-05
0,0.000210394379432216
0,0.000210394379432626
-2.13207229649015e-12,2.24546139588679e-05
2.16774263317454e-07,-0.000143513369367273
0,0.000133413266370204
0,-0.000114953435692971
0,-0.000124741302948217
0,-0.000124741302948194
0,2.24546245887311e-05
0,0.00013341326637026
0,0.000133413266370217
0,2.24546245886285e-05
-7.80163155056357e-05,-0.0001808803076045
-2.45977791024643e-07,0.000182415838005809
8.39886070156393e-05,-0.000645060758779413
2.0414632828647e-07,0.000180050814886236
0,0.000210394379432757
0,-0.000124741302948214
5.31557837968322e-07,-0.000573043940869543
6.27527549923457e-08,0.000208678575494393
0,0.000210394379432626
5.55111512312578e-17,-0.000124741302948194
0,0.000133413266370196
0,-0.000124741302948232
0,-0.00011495343569307
0,0.000210394379432022
-7.33545798692337e-06,-0.000573359057882398
0,0.000133413266370211
0,-0.000114953435692897
-4.84991175442318e-07,0.000131699321514955
0,-0.000114953435692893
-2.93514836546827e-07,-0.000275985972956613
0,-0.000124741302948228
0,-0.000114953435693069
5.77315972805081e-15,0.000133413266341729
0,0.000133413266370238
6.15008672766315e-07,-0.000613763474988092
0,0.000210394379431797
-1.49007343130947e-08,0.000186812344918691
0,0.000133413266370227
-5.32907051820075e-15,-0.000114953433306195
0,0.000210394379431833
-2.89295833399983e-07,-0.000116373074168819
-4.1367798075953e-11,0.000210394566854775
0,-0.000124741302948203
0,2.24546245885949e-05
0,-0.000114953435692873
0,2.24546245886616e-05
0,-0.000124741302948232
0,-0.000124741302948216
0,0.000210394379432493
1.46993528460371e-13,0.000210394376723524
0,-0.00011495343569288
1.72351365289591e-05,2.28189980821436e-05
3.20188320301895e-13,0.00021039437727563
-1.26956517609855e-06,-3.4092891604673e-05
0,0.000133413266370196
0,0.000133413266370277
0,0.000210394379432144
0,0.00021039437943251
0,-0.000124741302948217
0,0.000210394379432759
0,0.000210394379432029
-1.07294982343298e-07,-0.000498095537123139
-3.91686683087755e-13,2.24546274111016e-05
0,-0.000124741302948216
1.90322314574942e-08,0.000133240176697686
4.27283024517777e-07,8.97466806858852e-05
3.2194510828476e-05,0.000299143200818395
1.90714573800044e-07,-0.000269165656294371
-2.14058548664298e-10,2.24545508433965e-05
0,0.000210394379431896
0.000148883266097966,1.74347529227355e-05
0.00017338714782994,0.000215860208410548
0,-0.00011495343569295
0,0.000210394379432091
0,0.000133413266370261
0,-0.000114953435692902
0,-0.000124741302948215
0,0.00021039437943188
0,-0.000124741302948222
9.38818890405813e-08,-0.000571581779737659
0,-0.000124741302948194
0,0.000210394379432178
-5.24386090106077e-12,-0.000124741312093046
4.71771064665116e-05,0.000368960963189878
0,-0.000114953435693032
-4.85001133920804e-07,0.000101216576471636
0,-0.000124741302948212
-3.96523569653473e-05,-0.000491872719761238
0,2.24546245886529e-05
-1.16215164813749e-06,-4.28449130619198e-05
0,0.000210394379432765
0,0.000210394379432346
0,0.000210394379431792
0.000382844250689574,-3.08131600036248e-06
0,-0.000124741302948217
0,-0.000124741302948216
0,0.000133413266370221
0,0.000210394379431764
0,0.00013341326637025
0,2.2454624588612e-05
0,-0.000114953435693052
-2.13143683480688e-07,-0.000597304460098879
0,0.000133413266369966
0.000231493854894738,9.26447011139283e-06
0,2.24546245886862e-05
0,0.000133413266370236
-4.1725096541434e-05,7.33253874034654e-05
2.25766495918212e-05,-0.000199969304110677
0,-0.000124741302948206
0,-0.000124741302948205
0,0.000133413266370237
-0.000260576298463433,-0.000168379132293508
0,0.000210394379431864
0,0.000133413266370202
0,-0.000124741302948195
0,-0.000114953435692854
9.08284201184273e-08,0.000210510527407242
0,0.000133413266370256
-1.29213030275466e-08,0.000133254620158626
-2.26699129468599e-07,-0.000496347751121057
5.04207786633515e-12,-0.000114953716647982
0,0.000210394379432778
1.27404348523319e-05,1.85467992868308e-05
0,0.000133413266370254
0,2.24546245886276e-05
5.02961072013086e-07,0.000170092056362265
-4.10782519111308e-15,-0.00011495343551933
0,0.000133413266370259
3.78454285909768e-07,0.000170526813114265
0,0.000133413266370246
-0.000100994433107404,-5.95345489795803e-05
0,0.000133413266370219
-1.64313007644523e-14,0.000133413265727176
1.85432340260583e-07,0.000172560031534183
0,-0.000114953435693049
6.088847991359e-07,0.000196349676237675
0,0.000133413266370197
-3.27296180369085e-06,3.47828604126272e-05
0,0.000210394379432318
0,-0.000114953435693036
0,-0.000114953435692901
0,0.000210394379431995
1.64871987362591e-06,0.000144782677857583
0,0.000133413266370196
-4.24021646340256e-05,-0.000447609402551954
1.84297022087776e-14,2.24546242345457e-05
0,-0.000124741302948218
4.44089209850063e-16,0.000210394379426062
1.78200339817636e-07,0.000211641865878924
0,2.24546245886633e-05
0,2.24546245887198e-05
0,0.000133413266370233
-2.37845216854993e-08,0.000200890991531618
0,0.00021039437943177
0,-0.000124741302948206
0,-0.000124741302948227
0,0.000210394379431876
1.09350293819865e-07,-0.000561603199989694
0,0.000133413266370196
1.94532245867407e-08,-0.00011639407281605
0,0.00021039437943275
-2.22044604925031e-16,-0.000114953435684512
0,0.000210394379432722
0,0.000210394379431978
9.17355716945067e-08,-0.00058587901899872
0,0.000210394379432015
0,2.24546245886155e-05
0,-0.000124741302948219
5.09809180981868e-07,6.9104869007057e-05
-2.63502016771833e-05,2.60176329686143e-05
-9.99285502456537e-07,-0.000612058323242375
0,0.000133413266370194
0,-0.000114953435692894
-4.74661814076072e-07,-0.000502322584276638
-5.07731372834108e-07,-0.000595397366025827
0,0.000133413266370219
-1.12565512466745e-11,0.000133413175106303
-4.35744008344674e-05,1.2488391653826e-05
0,2.24546245887352e-05
0,2.24546245886309e-05
5.85440276690274e-06,-8.51282673224331e-05
0,-0.000114953435692928
0,-0.000114953435693004
0,-0.000114953435693051
-4.59912406374219e-05,-0.000444688139482143
0,0.000133413266370211
-2.34838762880329e-08,-0.000501212160227041
-3.09351114058387e-07,8.64656499174031e-06
0,0.000210394379431858
0,0.000133413266370203
4.76652445624559e-06,-1.80537637328102e-05
0,2.24546245886208e-05
-5.83788573038646e-12,0.000133413267578291
0,2.24546245887351e-05
0,0.000133413266370211
0,2.24546245887329e-05
0,2.24546245886982e-05
2.12214200767669e-05,0.000236964057847228
0,2.24546245886146e-05
7.79968912789641e-08,-0.000517298694083202
-4.98247767333204e-06,4.08669101166294e-05
0,0.000133413266370206
0,-0.00012474130294821
0,2.2454624588748e-05
3.52568195305381e-07,0.0001844680800449
0,-0.000124741302948202
9.9158381527964e-07,0.000132681057458866
-2.6731817215353e-07,-0.000150392998431064
3.63187883165583e-05,0.000311312944689833
-1.87418774340031e-05,-0.000550883647638116
0,2.24546245886808e-05
2.48065457064683e-09,-0.00011497845743218
0,0.000210394379431784
0,0.000133413266370239
0,-0.000124741302948233
0,0.000210394379431865
0,0.000210394379432757
0,0.0002103943794318
0,-0.000114953435692906
0,-0.000114953435693075
-6.45511123442688e-08,0.000169533093031006
-4.55524507003702e-13,-0.000114953455847268
5.83721732361209e-06,0.000111542574413669
0,-0.000114953435693056
0,-0.000124741302948205
6.66133814775094e-16,2.24546245864893e-05
0,2.24546245885983e-05
0,-0.000124741302948213
0,-0.000124741302948232
-1.55209178842597e-13,0.000210394384620232
0,0.000133413266370241
0,0.000133413266370204
0,0.000210394379431773
0,0.000133413266370204
0,-0.000124741302948206
0,-0.000124741302948232
-4.11223728402632e-08,-0.000496603707003637
4.0716530193885e-05,-0.000672390221674838
0,-0.000124741302948207
0,2.24546245886168e-05
8.36179236962664e-10,0.000133413041401548
0,2.24546245887507e-05
0,-0.000114953435692905
0,-0.000124741302948231
0,-0.000124741302948207
0,-0.000114953435692784
-6.71999634938025e-07,8.31532248461241e-05
0,2.24546245887506e-05
0,0.000210394379432615
-1.21030641064834e-09,-0.000124742729814222
3.867905649102e-07,-0.000616770771027045
0,-0.000114953435692913
0,-0.000124741302948198
0,2.24546245887276e-05
0,0.00013341326637024
-1.77635683940025e-15,0.0002103943794163
0,-0.000124741302948223
0,-0.000124741302948224
0,0.000210394379431825
-9.79189426209004e-08,-0.000498166055392195
0,2.24546245887247e-05
5.36321191124678e-07,-0.000512051673678164
9.75946979930864e-06,-0.000588412951125153
-1.17863968585041e-07,8.63946256730969e-05
-1.22656479206729e-06,-0.000285133557289238
1.15355069918444e-06,-0.000120860614229867
0,-0.000124741302948214
0,0.000133413266370242
0,0.000133413266370261
0,0.000133413266370226
0,2.24546245887454e-05
0,2.24546245886302e-05
0,-0.000114953435692892
0,-0.000124741302948218
0,0.000210394379432015
-1.80867191446055e-07,-0.000512642246031934
0,-0.000114953435693052
0,-0.000114953435692889
0,0.000133413266370243
-0.0001418106447535,1.66127286423423e-05
0,-0.000124741302948216
0,-0.000114953435692928
-9.38706329334238e-08,-0.000497598646757221
0,2.24546245886881e-05
0,-0.000114953435693021
-3.13396706225211e-05,-0.00044139105656888
5.85310692475804e-05,3.88833564068685e-05
1.8909057319938e-07,6.39010931435111e-05
0,-0.000124741302948227
0,2.24546245886934e-05
0,-0.000114953435693023
0,0.000210394379431842
0,-0.000124741302948209
0,-0.000114953435692944
0,-0.000124741302948194
-8.88178419700125e-15,2.2454624545767e-05
0,0.000210394379432051
0,0.000133413266370241
0,-0.000114953435693033
0,0.000210394379432724
0,0.000133413266370239
9.73621536937141e-06,0.000179548100992796
0,2.24546245887491e-05
0,2.24546245886856e-05
-5.61918883368318e-05,-0.000385577594808007
0,2.24546245886466e-05
-7.56016886871436e-08,2.31594701419305e-05
0,0.000133413266370235
-5.90623806528967e-08,0.000152299767993061
0,-0.000114953435692904
5.27137680172984e-07,2.72989400610661e-05
0,0.000210394379432748
0,0.000133413266370226
4.64138237954437e-07,-0.00045548556799588
6.67343571181256e-07,5.38900041430477e-05
0,0.000210394379432681
2.03341979898575e-06,-0.000118726473819204
0,2.24546245886302e-05
-5.77315972805081e-15,2.2454624549237e-05
0.000316677600106008,-1.10107982327141e-05
0,2.24546245886988e-05
0,2.24546245887397e-05
2.17456702644725e-08,0.000204055737960388
0,-0.000124741302948228
0,2.2454624588735e-05
-2.71318523203945e-11,2.2456069160872e-05
0,0.000133413266370218
0,0.000210394379432678
0,-0.00012474130294822
0,0.000133413266370221
0,0.00013341326637021
-1.82076576038526e-14,-0.000124741303440473
0,0.000133413266370213
-6.10622663543836e-16,-0.000124741302953813
0,-0.00011495343569306
0,0.000210394379432036
-4.79953648713227e-07,-2.69488467636968e-06
0,0.000210394379432322
5.81627329110379e-06,-0.000130247350500352
0,0.000210394379432305
0,0.000210394379432508
0,2.245462458867e-05
0,-0.000124741302948218
0,-0.000124741302948222
0,-0.000124741302948205
0,0.000210394379432087
0,2.2454624588677e-05
1.51064716291671e-10,0.000210393713149122
0,2.24546245887054e-05
0,-0.000114953435692855
3.30484121846553e-07,1.85845430816822e-05
1.59997133143408e-05,-0.000545006070630666
0.000103716950391242,4.35708548986098e-06
0,0.000210394379432784
0,0.000210394379434091
3.81464355458938e-06,-0.000575394461513834
0,0.000133413266370218
0,2.24546245886167e-05
1.80911411074014e-07,0.000121116856080283
0,-0.000114953435692917
0,-0.000124741302948222
0,0.000133413266370232
0,-0.000114953435692911
5.89528426075958e-14,-0.000114953435207004
0,0.000133413266370209
8.96564820273005e-05,0.000365910362910608
-1.75415237890775e-14,-0.000114953431566672
0,0.000133413266370262
0,2.24546245886292e-05
8.5120734794053e-08,0.000209960721411166
0,-0.000114953435692918
0,-0.00011495343569305
4.44089209850063e-16,-0.000114953435664487
0,-0.000124741302948206
0,0.000210394379431995
0,0.000210394379431792
-1.48782841602468e-08,0.000210390998334003
0,0.000133413266370213
0,-0.000124741302948202
-5.42303147499368e-07,-0.000609739113348165
0,0.000210394379432769
-1.83239169693206e-06,-0.000502125104530141
0,2.2454624588748e-05
0,2.24546245886798e-05
0,-0.000114953435692921
6.80029666688675e-07,0.000160330365043193
0,0.000210394379432233
0,-0.0001247413029482
0,2.24546245886721e-05
-3.67575460069602e-07,-0.000466497454114734
0,0.000210394379432732
0,-0.000124741302948192
0,-0.000124741302948218
0,0.000133413266370261
0,2.24546245887031e-05
-7.5475488205079e-05,-0.000330516776569937
2.88657986402541e-14,0.000133413266346748
-4.67076179718751e-05,2.89190139601298e-05
2.07787042350027e-07,-0.000612329337407687
1.98188809807931e-08,0.000210218189656191
0,-0.000114953435693084
0,0.000133413266370223
5.20288485318376e-05,-0.000645326339335278
9.8762438405231e-07,-0.000135146351705928
6.28918145229029e-07,0.000123349048374419
0,0.000210394379431779
0,0.000210394379432251
0,-0.000114953435693008
0,0.000133413266370249
1.73348739829216e-05,0.000231544847863907
0,0.000210394379432704
-0.000222773442797197,0.000141591142332102
-4.16833234595515e-13,-0.000124741181546095
0,-0.000124741302948202
2.40432557196968e-07,-0.000569245364797363
-3.17773302449531e-07,0.000198010320983988
0,0.000133413266370234
0,2.24546245886546e-05
0,2.24546245889301e-05
1.37916817743999e-07,0.000182527385872991
0,-0.000114953435692995
0,-0.000114953435692926
0,0.000133413266370233
0,-0.00012474130294819
0,0.000133413266370208
0,0.000210394379432517
0,-0.000114953435692997
0,2.24546245886692e-05
0,2.24546245887484e-05
0,0.000133413266370257
0,0.000133413266370222
0,0.000133413266370261
0,-0.000114953435692899
0,2.24546245886296e-05
1.85185200507476e-13,0.000133413264367573
2.66453525910038e-15,0.000210394379477946
0,2.24546245887499e-05
-1.06194427029749e-07,-0.000496789623735284
0,0.000133413266370243
0,0.000210394379432159
0,0.000210394379431809
0,2.24546245887446e-05
0,-0.000124741302948231
0,-0.000124741302948205
0,-0.000114953435693014
0,0.000133413266370209
-1.00485604684897e-05,-0.000501702292987361
5.32249123219586e-07,0.000211418969178045
0,0.000210394379432138
0.000111959110271176,2.24005723154205e-05
0,-0.000124741302948228
0,-0.000124741302948208
2.30789192645631e-07,2.18650008827603e-05
0,0.000210394379431862
-1.89005423534283e-07,9.48027473804152e-05
0,-0.000114953435692894
0,2.24546245886845e-05
0,-0.000124741302948203
0,-0.000124741302948208
0,0.000133413266370264
0,0.000133413266370261
-2.46559293315407e-07,-6.01822118651582e-06
0,-0.00011495343569292
-2.12374884345223e-09,-0.000124046382415678
0,0.0001334132663702
0,2.24546245887533e-05
0,-0.000114953435693017
0,0.000133413266370244
0,0.000133413266370259
0,2.24546245886122e-05
0,2.24546245887424e-05
0,2.24546245887247e-05
0,2.24546245886226e-05
0,0.000210394379432348
0,0.000210394379432457
0,0.000133413266370203
0,-0.000114953435693076
-7.04897717795916e-06,-0.000496197942869999
0,-0.000114953435692888
0,2.24546245886879e-05
0,2.24546245886562e-05
-1.87287418795812e-06,0.000134625702586363
5.23039944688719e-11,-0.000124740592919871
0,-0.000124741302948199
1.90408116162999e-07,-0.000299768917534997
0,-0.000124741302948222
-0.000403186852720949,-3.07094974959633e-05
0,2.24546245886395e-05
0,0.000133413266370208
0,-0.000124741302948201
0,-0.000114953435692981
-6.42649232773795e-06,-0.000124840812897384
0,-0.00011495343569309
0,2.24546245887336e-05
-4.95594764916563e-05,-0.000421931645210231
3.45390382960886e-13,-0.000114953426109067
0,-0.000114953435692945
-5.46451603288256e-05,-0.000394914228002404
0,0.000210394379431861
0,-0.000124741302948224
0,2.24546245884725e-05
-2.07379399330687e-06,0.000131786326443305
-6.86117829218347e-14,2.24546238427664e-05
0,0.000133413266370249
0,2.24546245887468e-05
0,0.000210394379431773
0,2.24546245887228e-05
0,0.000210394379432544
0,-0.000114953435693103
0,2.24546245886731e-05
0,-0.000124741302948218
1.30451205393456e-14,-0.000124741303324286
0,0.000210394379432757
-4.87387907810444e-14,0.000133413266238615
0,2.24546245887394e-05
-1.88201415896039e-07,-0.000518584721306974
0,-0.000124741302948223
1.62814378684706e-05,0.000116032769381766
0,-0.000114953435692914
0,-0.000114953435692912
-6.00075544809897e-14,-0.000124741302973589
0,0.000133413266370212
-2.45089993528014e-05,4.70871826588011e-05
0,2.24546245887015e-05
0,-0.00012474130294821
0,-0.000114953435692919
0,0.000133413266370212
0,0.000133413266370226
1.14096943004682e-07,0.00018176752941669
0,2.24546245886798e-05
-1.53938227387407e-07,-0.000533543688706387
0,-0.00011495343569293
1.29686286265418e-07,-0.000578920394221613
0,0.000210394379431799
3.78754674290604e-08,0.00020963260599995
-4.14062784059865e-10,0.000133412553943973
0,2.24546245887457e-05
0,-0.000124741302948219
0,2.24546245886302e-05
4.65489867023106e-05,-0.000675442205580362
0,-0.000114953435692909
0,-0.000114953435692882
-1.03360941583475e-07,2.20341169694903e-05
2.77555756156289e-16,-0.000124741302945554
-1.24816273316952e-06,-0.0006103132920358
0,0.000210394379432499
0,-0.000124741302948212
0,-0.000114953435693075
2.5220525445846e-08,0.000204325763698352
0,0.000210394379431794
-0.000115282184561694,5.25659604952466e-06
-0.000166268566595629,0.000103065606202558
0,-0.000114953435693022
0,-0.000114953435693056
0,0.000210394379431962
-5.73605528297882e-07,-0.000504333814312143
0,-0.000124741302948207
0,-0.000124741302948217
0,0.000133413266370219
0,0.00021039437943183
0,0.00013341326637022
0,0.000210394379431773
0,-0.000114953435692969
1.60076961908118e-07,-0.000519937124601325
0,-0.000114953435692938
0,2.24546245887519e-05
0,-0.000114953435692852
0,2.24546245886287e-05
-4.95298541858258e-06,-6.6814893074803e-06
0,2.24546245887036e-05
-1.51143013771282e-07,-0.000575330569828538
0,-0.000124741302948199
0,-0.000124741302948205
-3.90372010292683e-05,-6.22145012454536e-05
0,0.000133413266370239
-4.8443824487765e-05,-0.000450331558164101
0,-0.000124741302948218
0,2.24546245887118e-05
0,2.2454624588613e-05
-5.55111512312578e-17,-0.000124741302948363
0,0.000133413266370212
0,-0.00012474130294822
0,0.000210394379432053
-3.19404665038991e-05,0.00015341075021864
-4.12693426696809e-05,1.51908645591303e-05
0,0.000133413266370264
0,2.24546245886158e-05
1.04962850966395e-07,0.000206124624277233
0.000153967420611134,7.37792508238397e-05
2.48133892188918e-06,0.000213790062281495
0,-0.000114953435693029
0,-0.00011495343569289
0,2.24546245886557e-05
0,0.000210394379432725
-2.56295518141769e-09,0.000210410191016932
0,-0.000114953435693038
0.000160795076590059,-0.000576855867486932
-5.14016841313136e-07,-0.000358661694119557
0,0.000133413266370256
0,0.000133413266370226
0.000382985523053825,3.81399837523123e-05
0,2.24546245887045e-05
1.16811910433334e-06,0.00020096408953165
0,2.24546245886604e-05
0,0.000133413266370257
0,2.24546245887376e-05
0,2.24546245887102e-05
0,2.24546245886899e-05
0,-0.000114953435693044
-1.49182477793275e-06,-0.000599642805207519
0,-0.000114953435693047
0,-0.000124741302948218
0,2.24546245886126e-05
2.48945086767094e-10,0.000133413808422682
0,0.000133413266370226
-2.02612808442026e-06,-0.000607961227879872
0,-0.000124741302948193
-1.10140665413594e-05,-0.000529022863587319
2.60972077725796e-07,6.87666034632328e-05
0,0.000210394379431937
0,0.00021039437943275
0,0.000133413266370249
0,0.000210394379431786
4.74533696226409e-07,0.000149200624244096
1.79479135775651e-05,1.77549490084358e-05
6.73652170288808e-05,-0.000699417535093268
0,-0.000114953435693058
0,0.000210394379432532
0,2.24546245886648e-05
-0.000203987964698005,-2.21918218542676e-05
-9.36357389291764e-06,5.44654754431288e-06
5.11177117523687e-06,-0.000581445219518497
3.56124019162962e-09,-0.000124936083808493
0,-0.000114953435693044
0,0.000210394379431817
0,2.24546245886236e-05
5.55111512312578e-17,-0.000124741302953093
0,-0.000114953435692901
0,0.000133413266370217
-1.28665037021358e-05,3.15609852313379e-05
0,0.000133413266370246
2.45393728115495e-07,0.000212003460540386
0,0.000133413266370259
0,0.00021039437943183
0,-0.000124741302948196
0,0.000210394379431921
-1.26936764321961e-07,0.000122635979566402
0,0.000133413266370203
0,-0.00012474130294823
0,2.24546245886999e-05
0.000367165122379276,0.00016716100932021
0,2.24546245887475e-05
4.74720616594482e-07,-0.00056599187317176
-7.76220413098994e-05,-0.000271159383369055
3.66619180569572e-07,0.00019720969116447
0,0.000133413266370226
0,2.24546245887089e-05
0,-0.000114953435692902
0,0.000133413266370196
3.33066907387547e-16,0.000133413266370353
1.38103335545203e-07,-0.000615960760688486
0,0.000133413266370196
-7.12598347774041e-07,3.08359549838459e-05
-8.49156227555881e-08,-0.000496763771508508
-2.86104473445903e-13,0.000133413264782883
-9.34204610780753e-07,2.15070616528733e-05
0,0.000133413266370259
0,-0.000114953435693059
2.66453525910038e-15,2.24546244705714e-05
-2.22044604925031e-16,2.24546245882714e-05
0,-0.000114953435693014
0,0.000133413266370199
0,0.000133413266370246
-7.27137738909533e-08,0.00011641368623441
5.83639907878464e-05,-0.000449887147816643
-5.55111512312578e-15,-0.000114953435579833
0,-0.000124741302948217
0,0.000210394379432297
-9.90057193672733e-07,-0.000560638385781358
0,-0.000124741302948228
2.76409557464774e-08,-0.000526458434702622
0,-0.000124741302948232
0,-0.000114953435692914
0,-0.00011495343569286
0,0.000210394379431992
-1.13379466393226e-06,-9.2942971272657e-05
0,2.24546245887107e-05
0,-0.000114953435693022
0,2.24546245886957e-05
-2.48426829219106e-07,2.94393446803473e-05
0,2.24546245886899e-05
0,-0.000114953435693037
0,-0.000124741302948172
0,-0.000182910275776357
-1.56891802327586e-07,-0.000580380163850232
1.18139549576401e-06,-0.000579544350279651
0,2.24546245887201e-05
-1.47223083196701e-05,-0.00047522782812495
5.35690657534893e-05,0.000232496276429227
0,0.000210394379432147
0,2.24546245887334e-05
-0.00040202560920799,-0.000200849797799331
0,-0.000124741302948219
-1.08725216163563e-07,2.23393946498975e-05
-1.49250827490288e-05,-0.000473380182896752
-0.000409328236324225,-0.000113742403177124
0,0.000210394379431999
5.7222271718671e-05,-7.94323627332214e-07
0,2.24546245886774e-05
0,2.24546245887304e-05
2.10992214219052e-05,5.63058641806562e-05
4.39307116351095e-07,-0.000615414117641309
1.2874908472682e-08,-0.000124693781833236
2.1769064503685e-05,9.71234876659165e-05
-5.12944069245291e-05,-0.000433148789796001
0,0.000133413266370227
0,-0.000124741302948214
0,-0.000114953435693056
0,0.000210394379432608
0,-0.000114953435692921
0,-0.000114953435693036
2.46469511466785e-13,2.24546252744955e-05
-2.40352385660891e-07,-0.000613659142337979
0,2.24546245886257e-05
-2.91337729496632e-08,2.24468421275585e-05
-1.35267437384456e-06,0.000152202829063213
0,-0.000124741302948217
0,0.000210394379432594
0,2.24546245886356e-05
0,0.000133413266370246
4.42502642472586e-06,8.34557781040371e-05
0,0.000210394379431849
1.98229890036039e-06,-0.000552333843633359
9.44360145638257e-11,0.000133413518191711
-1.01844311065635e-05,-0.000530506618391177
-2.73954900472662e-05,-0.000479879365804576
0,-0.00012474130294822
0,-0.000124741302948229
0,0.000210394379432533
0,2.2454624588678e-05
0,2.24546245886373e-05
0,0.000210394379432223
-4.43190277973349e-05,9.45503438650922e-06
0,-0.00012474130294822
-0.00018378981270295,-8.10431298712095e-05
0,0.000210394379432738
0,2.24546245886122e-05
0,-0.000114953435692864
0,-0.000124741302948214
2.77555756156289e-16,-0.000124741302947122
0,2.24546245886366e-05
0,-0.000124741302948216
0,-0.0001149534356929
0,0.00021039437943179
-1.46505030329536e-12,2.24546141991509e-05
0,0.000210394379431877
7.25170833715261e-07,8.13559166157136e-05
0,-0.000124741302948205
4.10195429998959e-05,-0.000226995181043945
0,2.24546245887487e-05
0,-0.000124741302948218
-0.00011228773720906,2.32154882784571e-05
0,0.000133413266370235
0,0.000210394379431867
0,0.000210394379432517
0,0.000210394379432277
-8.05688848970476e-13,0.000133413254358047
3.67757491126497e-11,-0.000124740639130266
0,0.000210394379432052
0,0.000133413266370241
0,0.000210394379432532
0,0.000210394379431887
0,0.000210394379432726
-9.95314941576453e-14,-0.000124741303065746
5.52871146718426e-05,-0.000359401305929955
0,2.24546245887178e-05
0,0.000133413266370223
5.37396793731659e-11,0.000210396214310512
0,-0.000114953435692939
0,-0.000124741302948224
0,0.000210394379431855
5.55415964886841e-07,-3.10000899672621e-05
0,0.000133413266370213
0,0.000133413266370226
0,-0.000114953435693046
0,0.000210394379432674
0,2.24546245886122e-05
0,2.2454624588641e-05
7.33841876154884e-11,0.000210393746061356
-3.37115511750419e-06,-0.000408467616743431
0,2.24546245888563e-05
4.5774695212053e-06,0.000115447192324692
0,2.24546245887013e-05
0,-0.000124741302948209
0.000112074423163466,1.6349276725874e-05
0,2.2454624588621e-05
0,-0.000124741302948205
7.67677363899821e-07,-0.000341771886629687
0,0.000133413266370223
0,0.000133413266370207
0,0.000133413266370231
0,-0.000124741302948193
0,0.000133413266370199
-1.96667515162119e-07,4.83562176047387e-05
0,0.000133413266370199
-4.16933365510186e-06,5.14854128859134e-05
0,-0.000114953435692639
0.000315639783334709,5.98787189684222e-05
2.56893766493738e-05,-0.000561452169629211
0,0.000210394379431796
0,0.000133413266370199
-2.07708872768109e-07,-2.00468446420252e-05
1.99067429207389e-11,0.000210394309295346
0,0.000133413266370232
-5.51380640123611e-05,-0.000410563744936588
0,-0.000124741302948207
0,2.24546245887469e-05
0,2.24546245887429e-05
0,0.000133413266370246
0,2.24546245886115e-05
3.38888678008686e-07,6.24535098445727e-05
0,-0.000124741302948222
-0.000133041517652421,-7.20099456565239e-05
0,0.000133413266370251
9.44745691943139e-05,0.000186718200491739
-1.405905001306e-07,3.64650184541823e-05
1.09030546313615e-06,-0.000613545512102514
7.73341785809123e-06,-0.000620908281201843
0,-0.000114953435692864
0,-0.000114953435693038
0,0.000210394379432279
0,-0.000114953435692931
0,-0.000124741302948194
0,-0.000124741302948227
0,0.000133413266370256
0,0.000210394379431821
0,0.000210394379431799
-6.11082049406519e-07,2.8110306828867e-05
0,0.000133413266370233
0,-0.000114953435693032
0,-0.000114953435692919
-0.00011559330194022,-0.000175403446318349
0,2.24546245887214e-05
0,-0.000114953435693004
0,-0.000114953435692894
0,-0.000124741302948231
2.54954024003773e-07,-0.000405713766141735
-1.6408499603493e-06,-1.21758967375223e-05
0,0.000133413266370236
4.96879877104339e-05,0.000312718980303003
0,2.24546245887453e-05
0,-0.000124741302948208
0,2.24546245886517e-05
-2.08195657935839e-07,-0.000536516676079306
0,-0.000124741302948208
0,2.24546245887439e-05
0,2.24546245887433e-05
3.45711757443468e-07,4.03101201930457e-05
0,0.000133413266370196
0,-0.000114953435693017
3.20397773867498e-07,6.07608743731488e-05
0,0.000210394379432324
-6.48317323048708e-07,4.58206835238241e-05
0,-0.000124741302948225
1.56046533472676e-08,0.000133954850206407
0,-0.000124741302948212
0,0.000210394379431868
0,-0.000114953435692865
4.86148437950362e-07,9.76308649517474e-05
0,-0.000114953435693008
0,-0.000124741302948208
0,2.24546245887504e-05
-2.40095172137078e-05,-0.00047423387261131
-4.69527103974521e-07,-0.000540863701616434
-0.000155610141681639,3.89009270643449e-05
-2.69784194983913e-14,-0.000114953435492619
