0.001,-1.04913846832234e-06,-1.04913846832234e-06
0.002,2.11185928138503e-06,3.86563346600904e-06
0.003,1.92994610061074e-05,2.27026372796996e-05
0.004,6.31577573884407e-05,6.921369381542e-05
0.005,0.000151626094929006,0.000160551016301276
0.006,0.000304364450457285,0.000315919663777684
0.007,0.00054114872784282,0.000555040142977325
0.008,0.000881615792846169,0.000896506291831214
0.009,0.00134145025112411,0.00135613170751611
0.01,0.0019329938233645,0.00194537891507235
0.011,0.00266196139582789,0.00266996371978822
0.012,0.00352739541046025,0.00352871815202236
0.013,0.00452051918627455,0.00451278431198199
0.014,0.00562396399707086,0.0056051964038386
0.015,0.00681248967928547,0.00678088949812239
0.016,0.00805264212239602,0.00800715375943669
0.017,0.00930433293266571,0.00924453077055607
0.018,0.010521772179065,0.0104481270311153
0.019,0.0116553201325323,0.0115692984497672
0.02,0.012653615728157,0.0125576401985724
0.021,0.0134656115556798,0.0133631996412208
0.022,0.014043233147958,0.0139388164956372
0.023,0.0143435662714387,0.0142424852672229
0.024,0.0143313309174812,0.0142396301497142
0.025,0.0139809504445986,0.0139051827843796
0.026,0.0132783450140616,0.0132253583570532
0.027,0.0122224127027646,0.012199035373761
0.028,0.0108258638257938,0.0108386588963916
0.029,0.00911567087256777,0.0091706052842447
0.03,0.00713279455800264,0.00723496807474868
0.031,0.00493137672338089,0.00508474852106105
0.032,0.00257731533371328,0.00278445959040882
0.033,0.000146249089486569,0.000408177849376975
0.034,-0.0022789104268829,-0.00196289750857697
0.035,-0.00461092143787204,-0.00424329620457683
0.036,-0.00676142280948896,-0.00634643654482856
0.037,-0.00864436508079541,-0.00818797436789869
0.038,-0.0101794915534571,-0.00968921054661688
0.039,-0.0112957302988397,-0.0107804195856803
0.04,-0.0119343784727243,-0.0114039606354777
0.041,-0.0120519072356158,-0.0115170367352595
0.042,-0.0116222949330669,-0.0110939782229927
0.043,-0.0106387517974196,-0.0101279417348962
0.044,-0.00911476027699683,-0.00863193653885924
0.045,-0.00708436400284638,-0.00663911438502489
0.046,-0.00460166204185399,-0.00420228671541663
0.047,-0.00173951391218409,-0.00139266289670103
0.048,0.00141253096756739,0.00170216602152118
0.049,0.00475101354619865,0.00498094289068626
0.05,0.00816197334510495,0.00833207506358215
0.051,0.011524870126801,0.0116374691259064
0.052,0.0147168799919876,0.0147767360638271
0.053,0.0176174141102988,0.0176316150936089
0.054,0.020112688537428,0.0200904518493712
0.055,0.0221001735089888,0.02205256025092
0.056,0.0234927465078939,0.0234322975340447
0.057,0.0242223826022765,0.0241626887464481
0.058,0.0242432292246916,0.0241984503600951
0.059,0.023533931432091,0.0235182821342607
0.06,0.0220991009042732,0.0221263213433963
0.061,0.0199698506263236,0.0200526830965581
0.062,0.0172033526407055,0.017353043660273
0.063,0.013881411512935,0.0141072592378579
0.064,0.0101080841256422,0.0104170492266497
0.065,0.00600641296887784,0.00640280917933332
0.066,0.00171437526690372,0.00219965313695186
0.067,-0.00261981721629572,-0.00204718367594305
0.068,-0.00684290673718744,-0.00618742385597472
0.069,-0.0108020823557401,-0.0100711291244294
0.07,-0.0143505785114766,-0.0135541894665588
0.071,-0.0173531730132148,-0.0165037176685669
0.072,-0.0196913768119081,-0.0188031463515454
0.073,-0.0212681167883667,-0.0203568317968757
0.074,-0.0220117271015956,-0.0210939835665384
0.075,-0.0218790872098737,-0.0209717607118791
0.076,-0.0208577736608796,-0.0199774035275524
0.077,-0.0189671272264238,-0.0181293033830728
0.078,-0.0162581753890356,-0.0154769509726881
0.079,-0.0128123917837469,-0.0120997440078016
0.08,-0.00873931742477268,-0.00810467744913838
0.081,-0.00417311082954299,-0.00362298127877632
0.082,0.000731864691625205,0.00119418903022003
0.083,0.00580627077159595,0.00618086730821469
0.084,0.0108716624469032,0.0111620225352641
0.085,0.0157467904999303,0.0159597353325847
0.086,0.0202541131934762,0.0203995855431577
0.087,0.0242262820659845,0.0243170200570012
0.088,0.0275123636949389,0.0275634671418021
0.089,0.0299835647624164,0.0300119692640347
0.09,0.0315382436164837,0.0315621206360387
0.091,0.0321060137997855,0.0321441180880786
0.092,0.0316507752039519,0.0317217636206861
0.093,0.0301725467436308,0.0302942931366675
0.094,0.0277080156514805,0.0278969471288688
0.095,0.0243297644661417,0.0246002440476476
0.096,0.0201441851559685,0.0205079640753028
0.097,0.0152881377009702,0.0157538983819404
0.098,0.00992445749776314,0.0104974648836877
0.099,0.00423645901272575,0.00491833435637495
0.1,-0.00157837763929796,-0.000789751142431068
0.101,-0.00731531856891609,-0.00642575368465645
0.102,-0.012769643481114,-0.0117884703962244
0.103,-0.0177440084041897,-0.0166837655459545
0.104,-0.0220556382643234,-0.0209316425424351
0.105,-0.0255430858679576,-0.02437289715612
0.106,-0.0280723063802819,-0.0268751053531689
0.107,-0.0295418190223365,-0.028337720357173
0.108,-0.0298867574592577,-0.0286960832689447
0.109,-0.0290816486269053,-0.0279241887777925
0.11,-0.0271418046169839,-0.0260360909092042
0.111,-0.0241232608501534,-0.0230858818513271
0.112,-0.0201212457566173,-0.019166227976109
0.113,-0.0152672207579662,-0.0144054993839287
0.114,-0.00972458162966614,-0.00896358075623882
0.115,-0.00368316136651726,-0.00302650011132444
0.116,0.00264727964288894,0.00319994358578336
0.117,0.00904435197741726,0.00949733477095153
0.118,0.0152808691865443,0.0156423277354948
0.119,0.0211329359787246,0.0214145934425186
0.12,0.0263880037662835,0.0266047427171901
0.121,0.0308526021979937,0.0310219397714346
0.122,0.0343594647868319,0.0345009283353021
0.123,0.0367737856563581,0.0369082111379827
0.124,0.0379983727085463,0.0381471515342958
0.125,0.0379775016383057,0.0381618027760174
0.126,0.0366993184037564,0.0369393145266989
0.127,0.0341966900187729,0.0345108161783039
0.128,0.0305464587408266,0.0309507305859686
0.129,0.0258671109029789,0.0263745280671438
0.13,0.020314930115021,0.0209349868915912
0.131,0.0140787591968465,0.0148170809750712
0.132,0.00737354658756225,0.00823166608981866
0.133,0.000432898786940456,0.00140818075169278
0.134,-0.00649910260159305,-0.00541338463634683
0.135,-0.0131765311028836,-0.0119909682293554
0.136,-0.0193603867656113,-0.0180890659954677
0.137,-0.0248271948900437,-0.0234872010856996
0.138,-0.0293771215382032,-0.0279879277863136
0.139,-0.0328413105009369,-0.031424078737957
0.14,-0.0350881716056776,-0.0336649889483152
0.141,-0.0360283866110086,-0.0346214647782461
0.142,-0.0356184421778546,-0.03424930936826
0.143,-0.033862551577041,-0.0325512663944243
0.144,-0.0308128837169749,-0.0295772998325662
0.145,-0.0265680779057487,-0.0254231865922256
0.146,-0.0212700843794843,-0.0202274593454036
0.147,-0.0150994313072692,-0.01416679644662
0.148,-0.00826907634435504,-0.0074500123639533
0.149,-0.00101705190822515,-0.000310853454549061
0.15,0.00640184032164453,0.00700015166807263
0.151,0.0137249953830149,0.0142245021643295
0.152,0.0206913150336225,0.021104884622638
0.153,0.027050530411032,0.0273943567973253
0.154,0.0325722040234678,0.0328652267286204
0.155,0.0370540857893763,0.0373173071773027
0.156,0.0403295201315512,0.0405852455048781
0.157,0.0422736321924777,0.0425446602414069
0.158,0.0428080632650087,0.0431168565586434
0.159,0.0419040767738459,0.0422719422949987
0.16,0.0395839125508093,0.0400302223364699
0.161,0.035920329619966,0.0364618100664037
0.162,0.0310343420961228,0.0316844580957539
0.163,0.0250912176933248,0.0258596743069267
0.164,0.018294871110098,0.0191872510956477
0.165,0.0108808423948982,0.011898393341158
0.166,0.00310810288945214,0.00424768197823192
0.167,-0.00475002546482261,-0.00349584679759076
0.168,-0.0124155183574773,-0.011058193286506
0.169,-0.0196155233839638,-0.0181701212642968
0.17,-0.0260921087334128,-0.0245767740202387
0.171,-0.0316115371237343,-0.0300468352100287
0.172,-0.0359727309747123,-0.0343809045533624
0.173,-0.0390146216625727,-0.0374187845860114
0.174,-0.0406221140343258,-0.0390454118908577
0.175,-0.0407304449836673,-0.0391952132068489
0.176,-0.0393277718676746,-0.0378547219172702
0.177,-0.0364558884218172,-0.035063351716481
0.178,-0.0322090321210598,-0.0309122895820182
0.179,-0.0267308155771782,-0.0255415372154352
0.18,-0.0202093811720819,-0.0191351964658119
0.181,-0.0128709426822949,-0.0119151575322862
0.182,-0.00497193587107697,-0.00413340667207927
0.183,0.00320994901370957,0.00393677938525228
0.184,0.0113855385882964,0.0120104439446249
0.185,0.0192644070576002,0.0198010270527117
0.186,0.0265652031919612,0.0270305513023007
0.187,0.0330257058682392,0.0334395539298954
0.188,0.0384122483311766,0.0387964096506447
0.189,0.0425281714052333,0.0429057086739333
0.19,0.0452209995232646,0.0456153864384335
0.191,0.0463880777822676,0.0468223447053924
0.192,0.0459804615117721,0.0464763562622439
0.193,0.0440049112686896,0.0445821057764178
0.194,0.0405239134407951,0.0411992851792818
0.195,0.0356537164993459,0.0364407310218915
0.196,0.0295604439613425,0.0304686610712789
0.197,0.022454413858718,0.0234891355137817
0.198,0.014582859075657,0.0157449320568555
0.199,0.0062213010304083,0.007507081668226
0.2,-0.00233612181654488,-0.000934639421544247
0.201,-0.0107870304591597,-0.00928192728502747
0.202,-0.0188315201932541,-0.0172385164899687
0.203,-0.0261828333211184,-0.0245207199750956
0.204,-0.0325776093523004,-0.0308675669962631
0.205,-0.0377853456190701,-0.0360501762664694
0.206,-0.041616728115273,-0.0398800271584283
0.207,-0.0439305309659421,-0.0422158297248208
0.208,-0.0446388329882888,-0.0429687430144581
0.209,-0.0437103587712834,-0.0421057490250057
0.21,-0.0411718175446739,-0.0396510546038356
0.211,-0.037107184643667,-0.035685463395113
0.212,-0.0316549426342532,-0.0303437320595057
0.213,-0.0250033725495291,-0.0238099968959331
0.214,-0.01738405568966,-0.0163114261038812
0.215,-0.00906381004583092,-0.00811031676161838
0.216,-0.000335342792933521,0.000505088139015151
0.217,0.00849305298634141,0.00923074060376606
0.218,0.0171083944960102,0.0177575291484319
0.219,0.02520411235919,0.0257822408336787
0.22,0.0324909659141268,0.0330183544790739
0.221,0.0387073825350908,0.0392062802982351
0.222,0.043628849373942,0.044122679517053
0.223,0.0470760209447343,0.0475885289868516
0.224,0.0489212497663865,0.0494756393079247
0.225,0.0490933006521601,0.0497113890258554
0.226,0.0475800762206694,0.0482815001615191
0.227,0.04442924937973,0.0452307494785494
0.228,0.0397467724964775,0.0406615830347644
0.229,0.0336933099311901,0.0347306761111722
0.23,0.0264787139160219,0.0276435539096484
0.231,0.018354733425749,0.0196474578400985
0.232,0.00960621014905093,0.0110227052914038
0.233,0.000541069503095141,0.00207284522810106
0.234,-0.00852054117140685,-0.00688604419246134
0.235,-0.0172575828233993,-0.0155365381269478
0.236,-0.0253595230723575,-0.0235711315196437
0.237,-0.032537396303972,-0.0307031891373173
0.238,-0.0385341315800483,-0.0366771887597405
0.239,-0.043133779465572,-0.0412778910558171
0.24,-0.0461693047018644,-0.0443381067357827
0.241,-0.0475286648652684,-0.0457447804742631
0.242,-0.0471589530126907,-0.0454431701397712
0.243,-0.0450684509907531,-0.043438966969734
0.244,-0.0413265152733788,-0.039798275129039
0.245,-0.036061291882803,-0.0346454450072189
0.246,-0.0294553361866651,-0.0281588309490262
0.247,-0.0217392873455105,-0.0205646181568758
0.248,-0.0131838161407856,-0.0121289326072678
0.249,-0.00409012829364272,-0.00314850951138002
0.25,0.00522064336686121,0.00605975209545537
0.251,0.0144187840386885,0.0151699805103828
0.252,0.0231776778682256,0.0238588725901581
0.253,0.0311854105186357,0.0318171758288127
0.254,0.0381558805457667,0.0387607030478471
0.255,0.0438390236442989,0.0444404869731776
0.256,0.04802978392394,0.0486517115017266
0.257,0.0505755098123808,0.0512410989911493
0.258,0.051381508168051,0.0521124869584009
0.259,0.0504145539616888,0.051230391252099
0.26,0.0477042262080734,0.0486214238276326
0.261,0.0433420165130873,0.0443735091917311
0.262,0.0374782367457681,0.0386329217039058
0.263,0.0303168304584311,0.0315992434505885
0.264,0.0221082665613849,0.0235184165829595
0.265,0.0131407638847448,0.0146741321831606
0.266,0.00373015389144003,0.00537785745490374
0.267,-0.00579126139558692,-0.00404214782270245
0.268,-0.0150864628283513,-0.0132524378591761
0.269,-0.023825662546154,-0.0219261996363944
0.27,-0.0316980239114276,-0.0297548645891052
0.271,-0.0384227354624688,-0.0364591002262588
0.272,-0.0437590440051036,-0.0417987898039181
0.273,-0.0475148890413612,-0.0455816432112286
0.274,-0.0495538272074575,-0.0476701300505394
0.275,-0.049799998025207,-0.0479864848089038
0.276,-0.0482409500327166,-0.0465156019598736
0.277,-0.0449282215445877,-0.0433057134049103
0.278,-0.0399756515528217,-0.0384668192249637
0.279,-0.0335554752478913,-0.0321669224791305
0.28,-0.0258923379216456,-0.0246261969242721
0.281,-0.0172554359821731,-0.0161092902544657
0.282,-0.00794905996592998,-0.00691603214071738
0.283,0.00169812812606669,0.00262912639689194
0.284,0.0113447045165417,0.0121885699863114
0.285,0.0206485702879202,0.0214234673424267
0.286,0.0292790867606878,0.0300057879155715
0.287,0.0369288281786747,0.0376299602173057
0.288,0.0433245344255303,0.0440237571433733
0.289,0.0482368727681485,0.0489580202274732
0.29,0.0514886596858367,0.0522548752178884
0.291,0.0529612479088309,0.0537941442610837
0.292,0.0525988485441888,0.0535177234461043
0.293,0.0504106305057837,0.0514317662751458
0.294,0.0464705185276821,0.0476065912422478
0.295,0.0409146931021469,0.0421743123756485
0.296,0.0339368761898438,0.0353242724680009
0.297,0.0257815661100098,0.0272964369081533
0.298,0.0167354583056007,0.0183729787542991
0.299,0.00711735296817283,0.00886835035588094
0.3,-0.00273309483219612,-0.000881808872600946
0.301,-0.0124673852329054,-0.0105325369474502
0.302,-0.0217405189444647,-0.0197417663622261
0.303,-0.0302232400509109,-0.0281824606846126
0.304,-0.0376137416262493,-0.0355542397804259
0.305,-0.043648417853173,-0.0415940801296882
0.306,-0.0481112790905599,-0.0460857088081214
0.307,-0.0508416934424923,-0.048867355420645
0.308,-0.0517401774022984,-0.0498375839905697
0.309,-0.0507720266081381,-0.0489589944988063
0.31,-0.0479686543358049,-0.0462596590432841
0.311,-0.0434265863313655,-0.0418322377880069
0.312,-0.0373041439427158,-0.0358308021524978
0.313,-0.0298159293966033,-0.0284654741358517
0.314,-0.0212253055799292,-0.0199950683803229
0.315,-0.0118351339472897,-0.0107179947903973
0.316,-0.00197709633527151,-0.000961741694268207
0.317,0.00800002229011043,0.00892868955757516
0.318,0.0177426762084465,0.0186029898436903
0.319,0.02690508900093,0.0277179552953764
0.32,0.0351615275588719,0.035949667956736
0.321,0.0422178835141592,0.0430050115029133
0.322,0.0478221501432694,0.0486321123679039
0.323,0.051773421742812,0.0526293341437271
0.324,0.0539290933188002,0.0548525038937131
0.325,0.0542100031475118,0.0552201112905023
0.326,0.0526033320291932,0.0537162930496071
0.327,0.0491631536513722,0.0503914934542471
0.328,0.0440086130240078,0.0453607740848152
0.329,0.0373197939226516,0.038799829259073
0.33,0.0293314193754879,0.0309388451969942
0.331,0.0203246050602396,0.0220544176497548
0.332,0.0106169556310733,0.01245981194424
0.333,0.000551353489887676,0.00249390862418266
0.334,-0.00951616457297401,-0.00749077500058551
0.335,-0.0192290135303877,-0.0171405637446749
0.336,-0.0282427028852135,-0.0261131618773923
0.337,-0.0362370670667256,-0.0340898042092583
0.338,-0.0429276493234099,-0.0407865893490948
0.339,-0.0480758342598551,-0.0459645919810181
0.34,-0.0514973675153304,-0.049438393793817
0.341,-0.0530689584663889,-0.0510827283264058
0.342,-0.0527327294940885,-0.0508370015140394
0.343,-0.0504983506550781,-0.0487075247831725
0.344,-0.0464427818446065,-0.0447673784943121
0.345,-0.0407076281228788,-0.0391539075055196
0.346,-0.03349419904502,-0.0320639346470148
0.347,-0.0250564449060159,-0.0237468589769571
0.348,-0.0156920170473072,-0.0144958809479041
0.349,-0.00573176826581008,-0.00463766337375086
0.35,0.00447193720655698,0.00547920703224767
0.351,0.0145576906899788,0.0154965497734656
0.352,0.0241678406138696,0.0250592759793428
0.353,0.0329611768915374,0.0338279796127773
0.354,0.0406250461532482,0.0414909877804584
0.355,0.0468864686626737,0.0477754421064832
0.356,0.0515218612235229,0.0524570169963048
0.357,0.0543650188873692,0.0553679285117819
0.358,0.0553130718361945,0.05640294781513
0.359,0.0543302022968784,0.0555232035960842
0.36,0.0514489885081473,0.0527576360835316
0.361,0.0467693246598096,0.0482020483939852
0.362,0.0404549526160529,0.0420157861389766
0.363,0.032727726388608,0.0344161603812356
0.364,0.0238598093816911,0.0256708092071748
0.365,0.014164079982287,0.0160882665208575
0.366,0.00398308306066379,0.00600707055218076
0.367,-0.00632308189024088,-0.00421620326801409
0.368,-0.0163895073797242,-0.0142195618443836
0.369,-0.0258594085491959,-0.0236484195490428
0.37,-0.034396778613166,-0.03216817436588
0.371,-0.0416983206822826,-0.039476088816472
0.372,-0.0475042316387211,-0.0453120536291344
0.373,-0.0516074547115555,-0.0494678513026375
0.374,-0.0538610711400633,-0.051794589528499
0.375,-0.0541835668967215,-0.0522080390103311
0.376,-0.0525617856175054,-0.0506916842759609
0.377,-0.0490514606517128,-0.0472973769996501
0.378,-0.0437753053771702,-0.0421435662731938
0.379,-0.0369187271023896,-0.0354111661767234
0.38,-0.0287233139281523,-0.0273372048553523
0.381,-0.0194783239522078,-0.0182064781291257
0.382,-0.00951047649813801,-0.0083415016496112
0.383,0.000827594327204281,0.00190888375916639
0.384,0.0111698151208874,0.0121818508355691
0.385,0.0211496364778838,0.0221134320894942
0.386,0.0304130250149066,0.0313514184779545
0.387,0.0386310230746826,0.0395678532552875
0.388,0.0455114303255075,0.0464706776405371
0.389,0.0508091930918797,0.0518141146175724
0.39,0.0543351310132041,0.0554074215566882
0.391,0.0559626901188694,0.0571216998587369
0.392,0.0556324822989559,0.0568945184456477
0.393,0.0533544471985438,0.054732185229865
0.394,0.049207557828352,0.0507095839548504
0.395,0.0433370795769171,0.0449675800609121
0.396,0.0359494763040417,0.0377080854377812
0.397,0.0273051427242416,0.0291869550193901
0.398,0.0177092196168054,0.0197049652069903
0.399,0.00750081475792016,0.009597192336456
0.4,-0.00295898860456768,-0.000778833593244741
0.401,-0.0132999118025223,-0.0110557809721382
0.402,-0.0231555969550496,-0.0208695265346342
0.403,-0.0321765946270104,-0.0298720622821744
0.404,-0.0400427620000275,-0.037743841714562
0.405,-0.0464746318413193,-0.0442051272219903
0.406,-0.0512433484922515,-0.0490259355544004
0.407,-0.0541788171611825,-0.0520342276720181
0.408,-0.055175776572989,-0.0531220512502805
0.409,-0.0541975781622374,-0.0522494164756687
0.41,-0.0512775355490878,-0.0494457659676452
0.411,-0.0465177953941086,-0.0448089848574818
0.412,-0.0400857678246963,-0.0385019842293446
0.413,-0.0322082402321352,-0.0307469771922536
0.414,-0.0231633825889377,-0.0218176487501884
0.415,-0.0132709258452984,-0.0120294954639157
0.416,-0.0028808598266486,-0.00172867599304237
0.417,0.0076389490008943,0.00872023334545595
0.418,0.0179157821707554,0.0189471447555277
0.419,0.0275852751164807,0.0285895698544215
0.42,0.0363043356199231,0.0373054706689917
0.421,0.0437633172093366,0.0447853950075838
0.422,0.0496970155240184,0.050763465526794
0.423,0.0538940966592722,0.0550268321489191
0.424,0.056204622361369,0.0574232516914615
0.425,0.0565454041786751,0.0578665247318891
0.426,0.0549029952935753,0.0563395955108673
0.427,0.0513342120938576,0.052895203394572
0.428,0.0459641661447815,0.0476540611427627
0.429,0.0389818738929906,0.0408006228912855
0.43,0.0306335989026393,0.0325765902475638
0.431,0.021214160674582,0.0232723851824117
0.432,0.0110565169746363,0.0132168906307779
0.433,0.00051998833308573,0.00276582132130469
0.434,-0.0100224594123482,-0.00771086385160706
0.435,-0.0201974238263966,-0.017842062357614
0.436,-0.0296442981872671,-0.0272686774399115
0.437,-0.0380280579781339,-0.0356563503556327
0.438,-0.0450511486285465,-0.0427073238940725
0.439,-0.0504640522654728,-0.0481710161337227
0.44,-0.0540741578415233,-0.051852928859492
0.441,-0.055752619936044,-0.0536215738653452
0.442,-0.0554389615055804,-0.0534131704379531
0.443,-0.0531432561290129,-0.0512339461760346
0.444,-0.0489458110496962,-0.0471599581569897
0.445,-0.0429943608825562,-0.0413344393119453
0.446,-0.0354988704617463,-0.0339627625993553
0.447,-0.0267241288183163,-0.0253052000651436
0.448,-0.0169803960882934,-0.0156677321462215
0.449,-0.00661243405689944,-0.00539123183535224
0.45,0.00401269197240948,0.00516059388207334
0.451,0.0145186087091266,0.0156140786402993
0.452,0.024532967169669,0.0255988315082242
0.453,0.0337006387907507,0.0347608631374654
0.454,0.0416963092345652,0.0427751379647972
0.455,0.0482360214791575,0.0493571072776105
0.456,0.0530872591396793,0.054272813831437
0.457,0.0560772126538213,0.0573472091185032
0.458,0.057098932970429,0.0584703875462853
0.459,0.0561151546138219,0.0576015154626797
0.46,0.0531596513953401,0.054770314553132
0.461,0.048336074865947,0.0500760457464498
0.462,0.0418143157893178,0.043684028332056
0.463,0.0338245169323163,0.0358198163732445
0.464,0.024648947063221,0.0267612376000638
0.465,0.0146120239031474,0.016828575833558
0.466,0.00406883907376685,0.00637324393692701
0.467,-0.00660741020295078,-0.00423465203407848
0.468,-0.0170386364488219,-0.0146194173085697
0.469,-0.0268552568656066,-0.0244130774155861
0.47,-0.0357092933695259,-0.0332684201684437
0.471,-0.0432867126873665,-0.0408713082838668
0.472,-0.049318569493958,-0.0469518259281032
0.473,-0.0535905567419939,-0.0512938636010966
0.474,-0.0559506239356364,-0.0537428009305603
0.475,-0.0563143926803866,-0.0542110142016439
0.476,-0.0546681765092257,-0.0526810124163435
0.477,-0.0510694970923508,-0.0492060896358854
0.478,-0.045645077098025,-0.0439084693359586
0.479,-0.0385863797951398,-0.036975005382023
0.48,-0.0301428528132524,-0.02865059085978
0.481,-0.0206131141103929,-0.0192295073023957
0.482,-0.0103343916083337,-0.00904501995663521
0.483,0.000329409514566415,0.0015424129702413
0.484,0.011000590071544,0.0121578998553209
0.485,0.0213010342566603,0.0224253922503168
0.486,0.030865607321777,0.031981008249025
0.487,0.0393550985958393,0.0404859305020566
0.488,0.0464682510760325,0.0476384216207407
0.489,0.0519524514250816,0.0531845307972912
0.49,0.0556126998238742,0.0569271116718668
0.491,0.0573185419620204,0.0587328311675993
0.492,0.0570087170796186,0.0585369200818063
0.493,0.0546933554169547,0.0563454961510379
0.494,0.0504536464468423,0.0522353762697642
0.495,0.0444389896818913,0.0463513834928145
0.496,0.0368617271663544,0.038901243238423
0.497,0.0279896430855783,0.0301482485847195
0.498,0.0181364964725189,0.0204019536866681
0.499,0.00765092114937357,0.0100072243253729
0.5,-0.00309591439540279,-0.000667967046885496
0.501,-0.0137234497829666,-0.0112455697573452
0.502,-0.0238552135980557,-0.0213508454994638
0.503,-0.033132163962442,-0.030625646684893
0.504,-0.0412254161350026,-0.0387411119865612
0.505,-0.0478479063596724,-0.0454093289745919
0.506,-0.0527645776347585,-0.0503935501824939
0.507,-0.0558007264849884,-0.0535166000510889
0.508,-0.0568482138727762,-0.0546671741758369
0.509,-0.0558693195627573,-0.0538038068666844
0.51,-0.0528981027118877,-0.0509563655786162
0.511,-0.0480392193947249,-0.0462250183627943
0.512,-0.0414642382931885,-0.0397767100197654
0.513,-0.0334055839881241,-0.031839270935134
0.514,-0.0241483220734137,-0.0226933665142947
0.515,-0.0140200762183433,-0.0126625717298418
0.516,-0.00337943389165341,-0.00210192183576584
0.517,0.007396748763431,0.00861465557532168
0.518,0.0179266934274443,0.0191075822144022
0.519,0.0278372249418629,0.0290050754545235
0.52,0.0367769960224892,0.0379563230091759
0.521,0.0444289424936476,0.045643919001798
0.522,0.0505215280024587,0.0517951205160496
0.523,0.0548383787753748,0.0561915253690307
0.524,0.0572259669035213,0.0586768276651904
0.525,0.0575990688876033,0.0591623756936573
0.526,0.0559438059444361,0.0576303345198771
0.527,0.0523181572880747,0.0541343404399886
0.528,0.0468499267250439,0.0487976233095125
0.529,0.0397322355600177,0.0418086624792497
0.53,0.0312166994201793,0.0334145294912645
0.531,0.0216045298343932,0.0239121527075347
0.532,0.0112358770669349,0.0136378127547891
0.533,0.000477789382060104,0.00295524045633556
0.534,-0.0102887840847114,-0.00775726144320731
0.535,-0.0206824862563903,-0.0181202167344489
0.536,-0.0303350638399646,-0.0277664197854584
0.537,-0.038904418085523,-0.0363539488173982
0.538,-0.0460867326359022,-0.0435782871848122
0.539,-0.051627248247254,-0.0491831229045927
0.54,-0.0553293022674096,-0.0529694433890168
0.541,-0.0570613119716786,-0.0548026026371443
0.542,-0.0567614539926536,-0.0546171098922741
0.543,-0.0544398732101913,-0.0524189694414082
0.544,-0.0501783421797352,-0.0482854879594742
0.545,-0.0441273827217697,-0.0423625555146076
0.546,-0.0365009507809712,-0.0348594958725651
0.547,-0.0275688723147263,-0.0260416678957407
0.548,-0.0176472977279412,-0.0162210795710589
0.549,-0.00708751247973875,-0.00574534669367538
0.55,0.00373650008548662,0.00501461302074055
0.551,0.0144413029852739,0.0156777147083133
0.552,0.0246475883934357,0.0258662048401148
0.553,0.033993617357259,0.0352190452316789
0.554,0.0421480401708339,0.0434047083251999
0.555,0.0488216434497001,0.0501329302281853
0.556,0.0537776067207129,0.0551650048058847
0.557,0.0568399054915939,0.0583222537139757
0.558,0.0578995620237554,0.0594923717983281
0.559,0.0569185218397311,0.0586334224962896
0.56,0.0539310188317024,0.0557753410863654
0.561,0.0490423789020454,0.0510188919035565
0.562,0.0424253046283498,0.0445321158391684
0.563,0.0343137720101023,0.0365443933806026
0.564,0.0249947546321846,0.0273383329665386
0.565,0.0147980684503563,0.0172397715398232
0.566,0.00408469612538041,0.00660624114010726
0.567,-0.00676599526018976,-0.00418569018443737
0.568,-0.0173696907613318,-0.0147537548841435
0.569,-0.0273507425718092,-0.0247235274632729
0.57,-0.0363554803622915,-0.0337416913380134
0.571,-0.0440647463838064,-0.0414885608736379
0.572,-0.0502052102581586,-0.0476894147606283
0.573,-0.0545590619878862,-0.0521242389060033
0.574,-0.0569717409794787,-0.0546355332803778
0.575,-0.0573574247732632,-0.0551339056828473
0.576,-0.0557020833577057,-0.0536012537392336
0.577,-0.0520639917142621,-0.0500914218602003
0.578,-0.0465716794723119,-0.0447283093291898
0.579,-0.0394193913238528,-0.0377014959974419
0.58,-0.0308602187892009,-0.0292595400346285
0.581,-0.0211971447336676,-0.0197011847010916
0.582,-0.0107723192379736,-0.00936478524608049
0.583,4.50545631315975e-05,0.0013836698331156
0.584,0.010871795826278,0.0121635190529948
0.585,0.0213243185339526,0.022592910742868
0.586,0.0310322214588909,0.0323023307879015
0.587,0.039651413227035,0.0409476960325137
0.588,0.0468763080082365,0.0482225493522639
0.589,0.0524506592322354,0.0538689241380278
0.59,0.0561766466833567,0.0576864929945121
0.591,0.0579218961265474,0.0595396761715572
0.592,0.0576241809779365,0.0593624574724712
0.593,0.0552936392668565,0.0571607365617964
0.594,0.0510124278535306,0.0530121338506557
0.595,0.0449318245786974,0.0470632543804983
0.596,0.0372668807819719,0.0395245071585548
0.597,0.0282888137107895,0.0306626630303364
0.598,0.0183154077951641,0.020791414335725
0.599,0.00769976410233961,0.0102602704439185
0.6,-0.00318220352794132,-0.000557817713424637
0.601,-0.0139450821246594,-0.0112796658857194
0.602,-0.0242076124758138,-0.0215254297118841
0.603,-0.033606197370869,-0.0309320620655259
0.604,-0.0418077856322106,-0.0391661777268991
0.605,-0.0485216767866701,-0.0459358694849952
0.606,-0.053509826902388,-0.0510010568436301
0.607,-0.0565952904698205,-0.0541820004223748
0.608,-0.0576684991409682,-0.0553656800696459
0.609,-0.0566911543050862,-0.0545098103429153
0.61,-0.053697595347949,-0.0516443506815978
0.611,-0.0487935944234758,-0.0468704563383732
0.612,-0.0421526205319088,-0.0403569068010191
0.613,-0.0340097044488231,-0.0323341378170059
0.614,-0.0246531214669785,-0.0230860880599155
0.615,-0.0144141867538737,-0.0129401489402382
0.616,-0.00365552412332593,-0.00225557331728733
0.617,0.00724177613000162,0.00858924647082888
0.618,0.0178916556364513,0.0192101807148448
0.619,0.0279167642727837,0.0292309698648217
0.62,0.0369618301518497,0.038296555414246
0.621,0.0447062493136591,0.0460856617932575
0.622,0.0508754489043313,0.0523221833886188
0.623,0.0552506212333955,0.0567849730724879
0.624,0.057676483736296,0.059315685193796
0.625,0.0580667892181975,0.0598243948627962
0.626,0.0564073909070672,0.0582927941025561
0.627,0.0527567541188548,0.0547748512623008
0.628,0.0472438948950656,0.0493949099467838
0.629,0.0400638187658432,0.0423432944299778
0.63,0.0314706217443274,0.0338695768762853
0.631,0.0217684959814575,0.0242737445572242
0.632,0.0113009598195626,0.0138955796892615
0.633,0.000438693486138564,0.00310262789047727
0.634,-0.0104335900146786,-0.00772281868696314
0.635,-0.0209307721447518,-0.0181972625205708
0.636,-0.0306809725218659,-0.0279495865081387
0.637,-0.0393387254157978,-0.0366342030667212
0.638,-0.0465972220068263,-0.0439433006256124
0.639,-0.0521991847296168,-0.0496177535127999
0.64,-0.0559459882916131,-0.0534563085295099
0.641,-0.05770470380708,-0.0553227225102547
0.642,-0.0574128159834663,-0.0551505977167108
0.643,-0.0550804470632814,-0.0529457434437613
0.644,-0.0507900070277162,-0.0487859798376382
0.645,-0.0446932825678488,-0.0428183905355487
0.646,-0.037006068566347,-0.035254121123459
0.647,-0.0280005305883105,-0.0263609073712811
0.648,-0.0179955695508965,-0.0164535976609376
0.649,-0.00734552965218097,-0.00588300512116115
0.65,0.00357235098919018,0.00497651579686667
0.651,0.0143713019508798,0.0157403283265726
0.652,0.0246687216622015,0.0260271383395528
0.653,0.0340997322399587,0.0354725025851928
0.654,0.0423301080714579,0.0437417416306479
0.655,0.0490681199752348,0.0505417999469876
0.656,0.0540748749397731,0.0556316328324766
0.657,0.0571727853052637,0.0588307520051737
0.658,0.0582518671283953,0.0600256268886722
0.659,0.0572736438345277,0.0591737145486729
0.66,0.0542725169655233,0.0563049752250707
0.661,0.0493545557885402,0.0515208194696051
0.662,0.0426937468930174,0.0449905238878295
0.663,0.0345258376115875,0.0369452421726484
0.664,0.0251399912117403,0.0276698233271068
0.665,0.0148685478846493,0.0174927266869303
0.666,0.00407525563088388,0.00677439081426462
0.667,-0.0068576128289344,-0.00410553184818257
0.668,-0.0175428010614109,-0.0147616224424564
0.669,-0.0276017874373488,-0.0248163489428961
0.67,-0.0366781960073729,-0.03391344150522
0.671,-0.0444504240498738,-0.0417305160286977
0.672,-0.0506430385295604,-0.0479904986257874
0.673,-0.0550365387802198,-0.0524714461270448
0.674,-0.0574751380399914,-0.0550144145314316
0.675,-0.0578722884563332,-0.0555290964331003
0.676,-0.0562137542605735,-0.0539970274676672
0.677,-0.0525581228198294,-0.0504722479255502
0.678,-0.0470347360086684,-0.0450793958272283
0.679,-0.0398391147949939,-0.0380092987517703
0.68,-0.0312260388363939,-0.0295122203318039
0.681,-0.0215005258613553,-0.0198890004351445
0.682,-0.0110070306177702,-0.00948040270054463
0.683,-0.000117245788168515,0.00134495336310141
0.684,0.0107830636706728,0.0122036483206427
0.685,0.0213077253892161,0.0227110443571634
0.686,0.0310838402797337,0.0324949113198564
0.687,0.039764994576527,0.0412086145245498
0.688,0.0470435340565917,0.0485433970750669
0.689,0.0526614667834605,0.0542393214781701
0.69,0.0564196071831391,0.0580944827936871
0.691,0.0581846374859042,0.0599721667586297
0.692,0.0578938365045561,0.0598056990987518
0.693,0.0555573074804104,0.057600814013767
0.694,0.0512576263981837,0.0534354576970498
0.695,0.0451469226308777,0.0474570336142906
0.696,0.0374414953407407,0.0398771868993307
0.697,0.028414156095267,0.0309643124181305
0.698,0.0183845685444228,0.0210340517140707
0.699,0.00770792791775033,0.0104381153211582
0.7,-0.00323761952911395,-0.000448173709775446
0.701,-0.0140643711221042,-0.0112391738872299
0.702,-0.0243888018285891,-0.0215525860598114
0.703,-0.0338451515871893,-0.0310229969713913
0.704,-0.0420983842645805,-0.039314825771639
0.705,-0.0488560591977192,-0.0461342147737023
0.706,-0.0538786944280544,-0.0512394431146534
0.707,-0.0569882550275295,-0.0544494942688438
0.708,-0.058074464654296,-0.055650473738032
0.709,-0.0570987174458975,-0.0547996493800163
0.71,-0.0540954511494352,-0.0519269710429708
0.711,-0.0491709322504394,-0.0471340154630756
0.712,-0.0424994969760557,-0.0405903935953271
0.713,-0.0343173799854629,-0.0325277474502304
0.714,-0.0249143499123041,-0.0232315489171674
0.715,-0.0146234478798976,-0.0130309909423332
0.716,-0.00380919209296748,-0.00228732903522347
0.717,0.00714533333808221,0.00861891399327078
0.718,0.0178520485730419,0.0193014268531041
0.719,0.0279316257194611,0.0293817946977432
0.72,0.0370269276570023,0.0385029053490744
0.721,0.0448156617347207,0.0463416018629583
0.722,0.0510217995388334,0.0526201331380981
0.723,0.0554253589728409,0.0571159968194036
0.724,0.0578702009846101,0.0596698256735597
0.725,0.0582695652117907,0.0601910379032835
0.726,0.0566091483689819,0.058661051063915
0.727,0.0529476155908467,0.0551339455464098
0.728,0.0474145269050254,0.0497345539375235
0.729,0.0402057520146216,0.0426540437604575
0.73,0.0315765357114186,0.0341431499067287
0.731,0.0218324593409994,0.0245032963460794
0.732,0.0113186181819469,0.0140759214951192
0.733,0.000407398707539135,0.00323038528670496
0.734,-0.0105147119469535,-0.00764911374537434
0.735,-0.0210608169498136,-0.0181771479500194
0.736,-0.0308573159141722,-0.0279807145079131
0.737,-0.0395571411375141,-0.0367124501353073
0.738,-0.0468520542503157,-0.0440629383604013
0.739,-0.0524835684207025,-0.0497716733065106
0.74,-0.0562521084041144,-0.0536362914834145
0.741,-0.0580240841374197,-0.0555197444221558
0.742,-0.0577366276392194,-0.0553551579171247
0.743,-0.0553998238256482,-0.0531482055795031
0.744,-0.0510963575111643,-0.0489769124556903
0.745,-0.0449785885292094,-0.0429888955041373
0.746,-0.0372631582199781,-0.0353961385289408
0.747,-0.0282233183160839,-0.026467486521516
0.748,-0.0181792535876476,-0.0165191251677486
0.749,-0.00748674193903184,-0.00590338267402361
0.75,0.00347544761184198,0.00500374947856044
0.751,0.0143189720284421,0.0158159348337708
0.752,0.0246596709448012,0.0261501775436672
0.753,0.0341311766612187,0.0356403904257854
0.754,0.0423978934634111,0.0439503648186021
0.755,0.0491668884428131,0.0507856827237273
0.756,0.0541982714127739,0.0559041491676951
0.757,0.0573136954837751,0.0591243751155511
0.758,0.0584026788130181,0.0603322067671379
0.759,0.0574265220378946,0.0594847733453477
0.76,0.0544196826751023,0.0566120098418811
0.761,0.0494885583159011,0.0518156006321584
0.762,0.0428077211002309,0.0452653812383759
0.763,0.0346137365763045,0.0371933255714761
0.764,0.02519678624767,0.0278853315286128
0.765,0.0148903903906993,0.0176710958315993
0.766,0.00405959470682525,0.00691243669976971
0.767,-0.00691196012038431,-0.00400952204165092
0.768,-0.0176356284168901,-0.0147078514586308
0.769,-0.0277315274805484,-0.0248035243742079
0.77,-0.036841995615193,-0.0339388430301187
0.771,-0.0446442637595982,-0.0417901118368161
0.772,-0.0508618914190274,-0.0480791062236365
0.773,-0.055274562305051,-0.0525829312277367
0.774,-0.0577258913847111,-0.0551419204856566
0.775,-0.0581289682089993,-0.0556652956954842
0.776,-0.0564694390031064,-0.0541343859424119
0.777,-0.0528060180631362,-0.0506032927162075
0.778,-0.0472684115368542,-0.0451969769339416
0.779,-0.0400527252069438,-0.0381068356097944
0.78,-0.0314145203311986,-0.0295839247504104
0.781,-0.0216597629004634,-0.0199300684481734
0.782,-0.0111339864409877,-0.00948716904125809
0.783,-0.000210053093998373,0.00137490304542841
0.784,0.0107250542930891,0.01227141082911
0.785,0.0212839407884541,0.0228163795772746
0.786,0.0310925231015975,0.0326362701029387
0.787,0.039803282475948,0.0413832121562452
0.788,0.0471075767473099,0.0487473290833124
0.789,0.0527465761942742,0.0544677170948456
0.79,0.0565204345990889,0.0583416901294851
0.791,0.0582953714219555,0.0602319627230752
0.792,0.058008413877881,0.0600715163294587
0.793,0.0556696303466957,0.0578659765941661
0.794,0.0513617768986394,0.0536934172528597
0.795,0.0452373683697755,0.0477015974882605
0.796,0.0375132780589716,0.0401027305030725
0.797,0.0284630573288521,0.0311659685309286
0.798,0.0184072469836446,0.0212078704138667
0.799,0.00770202372493661,0.0105811893567452
0.8,-0.00327341652390241,-0.000337622006485442
0.801,-0.0141302908151837,-0.0111617466419049
0.802,-0.0244840020295436,-0.0215077058672395
0.803,-0.0339677636972269,-0.0310089444063097
0.804,-0.0422455941333988,-0.0393288164761462
0.805,-0.0490242202674594,-0.046172512836098
0.806,-0.054063468450182,-0.0512975062273747
0.807,-0.057184774795528,-0.0545221451024102
0.808,-0.0582775130925149,-0.05573209112792
0.809,-0.0573029163912537,-0.0548843723206049
0.81,-0.0542954527089086,-0.0520089081348377
0.811,-0.0493616064957764,-0.0472074523755005
0.812,-0.0426761092043933,-0.040649991283996
0.813,-0.0344757511428644,-0.0325687243007473
0.814,-0.0250509953939008,-0.0232498406492563
0.815,-0.0147356897983019,-0.0130233829808138
0.816,-0.00389524135564352,-0.00225155709834682
0.817,0.00708632727261692,0.0086840981589734
0.818,0.0178199816397116,0.0193962263930183
0.819,0.0279254572415391,0.0295053757118843
0.82,0.0370447307008198,0.0386534412727262
0.821,0.0448547039907492,0.0465163520766829
0.822,0.0510786515030319,0.052815552546396
0.823,0.0554960245737851,0.0573278720967794
0.824,0.0579502667035731,0.0598934330025057
0.825,0.0583543614198441,0.0604213163490344
0.826,0.0566939171051171,0.0588927852667807
0.827,0.0530276792091581,0.0553619511772277
0.828,0.0474854512913121,0.0499538593602169
0.829,0.0402634988749796,0.0428600615744892
0.83,0.0316175985080749,0.0343318324900155
0.831,0.0218539785773274,0.024671270166737
0.832,0.0113184724290436,0.0142205957825876
0.833,0.000384268039459456,0.00335003161791856
0.834,-0.0105613114806207,-0.00755531331704975
0.835,-0.0211305288227775,-0.0181090854555762
0.836,-0.0309489682302148,-0.0279373733792393
0.837,-0.0396687999042657,-0.0366919541916957
0.838,-0.0469811028841989,-0.0440626302823936
0.839,-0.0526268098205171,-0.0497882194102487
0.84,-0.056405886189741,-0.0536658087310826
0.841,-0.0581844180596935,-0.0555579448820939
0.842,-0.0578993581729188,-0.0553975053438797
0.843,-0.055560761267754,-0.053190078435942
0.844,-0.0512514297094977,-0.0490137675557105
0.845,-0.0451239825204602,-0.0430164265175531
0.846,-0.0373954503386437,-0.0354104238545539
0.847,-0.0283395885831061,-0.0264651214879852
0.848,-0.0182771813263955,-0.016497334145956
0.849,-0.00756467822605479,-0.00586010745478113
0.85,0.00341843190095347,0.00506978780059574
0.851,0.0142830641928667,0.0159052022580661
0.852,0.0246443210211326,0.0262623226120497
0.853,0.0341351273756033,0.0357742684574837
0.854,0.0424192353083751,0.0441040896610921
0.855,0.049203136264628,0.0509567038001662
0.856,0.0542464602644502,0.056089350745303
0.857,0.0573704922031021,0.0593201939834249
0.858,0.0584645044622688,0.0605347639207395
0.859,0.0574896813605239,0.0596900148469626
0.86,0.0544804957864526,0.0568158517743618
0.861,0.0495434898118265,0.0520140729935298
0.862,0.0428535020818215,0.0454547657371832
0.863,0.0346474756592482,0.0373702825705
0.864,0.0252160655977184,0.0280470118350928
0.865,0.0148933434470448,0.0178152336272058
0.866,0.00404496378771213,0.00703742062021562
0.867,-0.00694478880913399,-0.00390460185620456
0.868,-0.0176866128787791,-0.014623181645232
0.869,-0.0277999810369844,-0.0247385723546947
0.87,-0.0369266207927654,-0.0338923862288915
0.871,-0.0447432070208356,-0.0417602907148582
0.872,-0.0509728167387477,-0.0480634989184071
0.873,-0.0553947402528439,-0.0525786468616712
0.874,-0.0578523012237214,-0.0551457075929233
0.875,-0.0582584083676103,-0.0556736617372284
0.876,-0.0565986423142259,-0.0541437235498689
0.877,-0.0529317678184337,-0.050610008128238
0.878,-0.0473876536079474,-0.0451976160845201
0.879,-0.0401626732673774,-0.0380982034697767
0.88,-0.0315127497511204,-0.0295631938289681
0.881,-0.0217442905828928,-0.0198948727998239
0.882,-0.0112033341244169,-0.00943568068691188
0.883,-0.000263291742422338,0.00144391771206394
0.884,0.0106882798985417,0.0123585563398431
0.885,0.0212634081416073,0.0229216192953302
0.886,0.031087448250348,0.0327589368318766
0.887,0.0398123559903979,0.0415220407482913
0.888,0.0471290176943852,0.0489005095808345
0.889,0.0527782013999517,0.0546329662386617
0.89,0.0565597416760841,0.0585163384539719
0.891,0.0583396312811405,0.060413053950937
0.892,0.0580547700011903,0.0602559153947935
0.893,0.0557152013080056,0.0580504823728269
0.894,0.05140375778652,0.0538748759708638
0.895,0.0452731283354652,0.047877012813904
0.896,0.0375404501259902,0.0402693665031348
0.897,0.0284796177523088,0.031321441977731
0.898,0.0184115811033158,0.0213502293552925
0.899,0.00769297669890908,0.0107089753889659
0.9,-0.00329650578631752,-0.000225329713938681
0.901,-0.0141675742623886,-0.0110653068495505
0.902,-0.0245351243496901,-0.0214269108735852
0.903,-0.0340318824149583,-0.0309430356216273
0.904,-0.0423214167725735,-0.0392765191239354
0.905,-0.0491100562558123,-0.0461320882842812
0.906,-0.0541572945643241,-0.0512668198536967
0.907,-0.0572843113889515,-0.0544987470832838
0.908,-0.0583803080696761,-0.0557133071239574
0.909,-0.0574064337511053,-0.0548674007284796
0.91,-0.0543971633708512,-0.0519909203929595
0.911,-0.0494590769554946,-0.0471856927548846
0.912,-0.0427670855508252,-0.0406218726658027
0.913,-0.0345582359499322,-0.03253191663396
0.914,-0.0251233139279043,-0.0232023490873287
0.915,-0.0147965442190379,-0.0129636131024747
0.916,-0.00394375074568597,-0.00217836510934355
0.917,0.00705060215292358,0.00877137178807751
0.918,0.0177970294031022,0.0194977407934099
0.919,0.0279148229680511,0.0296207912991482
0.92,0.0370455385091515,0.0387819389268079
0.921,0.0448656940785406,0.0466566688902961
0.922,0.0510982301472546,0.0529660326444296
0.923,0.0555223251934943,0.0574865305215848
0.924,0.0579812192567209,0.0600580302301117
0.925,0.0583877683488114,0.0605894406633229
0.926,0.0567275325852645,0.0590619399829881
0.927,0.0530592886208704,0.0555296435796087
0.928,0.0475129486768519,0.0501176882041771
0.929,0.0402849592049448,0.0430178000998306
0.93,0.0316313428571788,0.0344815040941478
0.931,0.0218586293851846,0.0248112141861483
0.932,0.0113129972031707,0.0143495212155846
0.933,0.000368010832182983,0.00346705707689813
0.934,-0.0105886128540877,-0.00745063462677828
0.935,-0.0211687393784375,-0.0180167563897978
0.936,-0.030997566516727,-0.0278569592421931
0.937,-0.039726902140395,-0.036622604403077
0.938,-0.0470474994165095,-0.044003114340074
0.939,-0.0527000125506804,-0.0497369756768624
0.94,-0.0564841849630525,-0.0536210041435325
0.941,-0.0582659443254137,-0.0555175433269722
0.942,-0.0579821528623398,-0.0553593421702181
0.943,-0.0556428450923405,-0.0531519383979345
0.944,-0.0513308731866322,-0.048973463397004
0.945,-0.0451989729774047,-0.0429718754267931
0.946,-0.0374643538866289,-0.0353597191370429
0.947,-0.0284010050382026,-0.0264065970050808
0.948,-0.0183299899484773,-0.0164296193636162
0.949,-0.00760807290208864,-0.00578217130405681
0.95,0.00338491885693768,0.00515860562904786
0.951,0.0142595506841513,0.0160051735018049
0.952,0.024630576195027,0.0263733265363241
0.953,0.0341305848391521,0.0358958018006557
0.954,0.0424230181776543,0.0442352898747959
0.955,0.0492140925304095,0.0510963845739264
0.956,0.054263207240192,0.0562360483884715
0.957,0.0573914685953338,0.0594722228766286
0.958,0.0584880280133291,0.0606902789564434
0.959,0.0575140097365988,0.0598470785635171
0.96,0.0545038886330014,0.0569725037564637
0.961,0.0495642699339769,0.0521683990677679
0.962,0.0428701135027556,0.0456049645345531
0.963,0.0346585363742428,0.037514727155673
0.964,0.0252204135796287,0.0281843043090722
0.965,0.0148900743333695,0.0179442508873802
0.966,0.00403345868026801,0.00715734979895659
0.967,-0.00696484583799662,-0.00379423936906571
0.968,-0.0177152281440376,-0.0145225182736713
0.969,-0.0278368556646201,-0.0246473947443515
0.97,-0.0369711658924961,-0.0338101477973925
0.971,-0.0447945686503526,-0.0416861357267063
0.972,-0.0510299097731174,-0.0479962970706336
0.973,-0.0554562902319111,-0.0525170370119467
0.974,-0.0579168918223609,-0.0550881489605545
0.975,-0.0583245333911479,-0.0556184906692481
0.976,-0.0566647600870317,-0.054089213776708
0.977,-0.0529963558307781,-0.0505544323411162
0.978,-0.0474492617045352,-0.0451393066518516
0.979,-0.0402199736698299,-0.0380356101719428
0.98,-0.0315645820430293,-0.0294949366264722
0.981,-0.0217896998671829,-0.0198197878532707
0.982,-0.0112416016204269,-0.00935285811030421
0.983,-0.000293956572000016,0.00153510557064331
0.984,0.0106654083628502,0.0124584369457186
0.985,0.0212482475517228,0.0230302127831066
0.986,0.0310796502482692,0.0328759597631756
0.987,0.0398113223155485,0.0416469204804431
0.988,0.0471339250279566,0.0490324085870542
0.989,0.0527880336229754,0.0547708153802194
0.99,0.056573328335329,0.0586588779049162
0.991,0.0583556911855448,0.0605588802260042
0.992,0.0580719577419332,0.0604035327392878
0.993,0.0557321555712776,0.0581983566453797
0.994,0.0514191494883655,0.0540214890896384
0.995,0.0452857067213256,0.0480209158451382
0.996,0.0375490856715394,0.0404092295466069
0.997,0.0284833399031,0.031456099143166
0.998,0.0184096102806459,0.021478717321064
0.999,0.00768474864508753,0.0108305642819136
1,-0.00331132351528434,-0.000111114090586582
1.001,-0.0141890736913826,-0.0109586700950048
1.002,-0.0245631578543335,-0.0213277866934072
1.003,-0.0340660712588493,-0.0308510921322555
1.004,-0.0423611678918511,-0.0391911743964062
1.005,-0.0491545864007099,-0.0460525344463816
1.006,-0.0542056606534558,-0.0511920547790238
1.007,-0.0573354460647903,-0.0544276124432844
1.008,-0.058433059005061,-0.0556445313733031
1.009,-0.0574596057245324,-0.0547996454416418
1.01,-0.0544495605062497,-0.0519228282751671
1.011,-0.0495095451253677,-0.0471159356162565
1.012,-0.0428145523386449,-0.0405491976736826
1.013,-0.0346017469502754,-0.0324551892435294
1.014,-0.0251620647458889,-0.0231205911905973
1.015,-0.0148299063973308,-0.0128760351250202
1.016,-0.00397129142165388,-0.00208439101532747
1.017,0.00702910810096739,0.00887208735778419
1.018,0.0177815944135378,0.0196053037374659
1.019,0.0279052494391565,0.0297350678131938
1.02,0.037041429114493,0.0389025636861707
1.021,0.0448664684404646,0.0467830612476733
1.022,0.0511031479703214,0.0530974201566547
1.023,0.0555305148086698,0.0576219788720762
1.024,0.057991710189434,0.0601964784025069
1.025,0.0583995266565173,0.0607297400539854
1.026,0.0567394983589091,0.0592028960208144
1.027,0.0530704136877363,0.0556700583543345
1.028,0.0475222329774012,0.0502564025907911
1.029,0.0402914855092499,0.0431537339064531
1.03,0.0316343075790411,0.0346136928516341
1.031,0.0218573691324331,0.024938841335804
1.032,0.0113070102100427,0.0144719446311859
1.033,0.000356971889113396,0.00358382907176953
1.034,-0.0106048434437762,-0.00733975441560361
1.035,-0.0211901136864518,-0.0179117955891916
1.036,-0.0310238535072877,-0.0277577348835882
1.037,-0.0397576985101937,-0.0365287324308805
1.038,-0.047082246384525,-0.0439140260463895
1.039,-0.0527380177866728,-0.0496519403841696
1.04,-0.056524648952957,-0.0535391572473342
1.041,-0.0583079901117076,-0.0554379186350494
1.042,-0.0580248580045549,-0.0552809073396769
1.043,-0.0556852748237371,-0.0530736321798627
1.044,-0.0513721135392246,-0.0488942333538504
1.045,-0.045238162424906,-0.0428907147904291
1.046,-0.0375007130294587,-0.0352757015250672
1.047,-0.028433862804591,-0.0263189078068688
1.048,-0.0183588054594748,-0.0163375827419395
1.049,-0.00763245271869626,-0.00568527192750396
1.05,0.00336520922752881,0.00526070680959653
1.051,0.0142445808045194,0.0161126299001355
1.052,0.0246202506792044,0.0264861032362745
1.053,0.0341246492963808,0.0360136795175583
1.054,0.0424210702639413,0.0443578753367853
1.055,0.0492155984381299,0.0512231268648196
1.056,0.0542675224553009,0.0563662605911481
1.057,0.057397862073048,0.0596051081792515
1.058,0.0584957092792598,0.0608249602392677
1.059,0.0575221574115254,0.0599826303760674
1.06,0.0545116798291532,0.0571079855267616
1.061,0.049570909201349,0.0523028883588906
1.062,0.0428748603073582,0.0457375891794066
1.063,0.0346607304267843,0.037644695157314
1.064,0.0252194967540982,0.0283109304886306
1.065,0.0148856087783169,0.0180669793907435
1.066,0.00402514034747748,0.00727577173183036
1.067,-0.00697717839783885,-0.00368037372631091
1.068,-0.0177315902653378,-0.0144132930215285
1.069,-0.0278571183194398,-0.0245427278324026
1.07,-0.0369950622781811,-0.0337097963377431
1.071,-0.0448217056648537,-0.0415897068807601
1.072,-0.0510597837349035,-0.0479032640454866
1.073,-0.0554883062722205,-0.0524267595299201
1.074,-0.0579503861591755,-0.0549998974175032
1.075,-0.0583587976922566,-0.0555314730791164
1.076,-0.0566990669594869,-0.0540026045150615
1.077,-0.0530299847490942,-0.0504674016515658
1.078,-0.0474815244606788,-0.0450510498675784
1.079,-0.040250237795031,-0.0379453756298162
1.08,-0.0315922923378373,-0.0294020513120873
1.081,-0.0218143968022461,-0.0197236799089683
1.082,-0.0112629361344057,-0.00925307546110286
1.083,-0.00031170065514217,0.00163888107102471
1.084,0.0106513555843848,0.0125663802804595
1.085,0.0212378578298935,0.0231423517023625
1.086,0.0310727694429443,0.0329921759463587
1.087,0.0398076775564981,0.0417669558136152
1.088,0.0471331358839403,0.049155876260336
1.089,0.0527896273593834,0.0548972153450789
1.09,0.0565767576866149,0.0587876160847221
1.091,0.0583603548155983,0.0606892907502039
1.092,0.0580772221286185,0.0605349023759729
1.093,0.0557373777720751,0.0583299505417948
1.094,0.0514236998261215,0.054152576897212
1.095,0.0452889907503048,0.0481507973055588
1.096,0.037550564570895,0.0405372586478633
1.097,0.0284825484714261,0.0315817060177012
1.098,0.0184061722637241,0.0216014271495886
1.099,0.0076783886703734,0.0109500125823546
1.1,-0.00332077184814765,4.8297265203591e-06
1.101,-0.0142016635757766,-0.0108463454327843
1.102,-0.0245788290122361,-0.0212190654225745
1.103,-0.0340846539572224,-0.0307458305168927
1.104,-0.0423823903441814,-0.0390891076510289
1.105,-0.0491780859125127,-0.0459532878107854
1.106,-0.0542309978626314,-0.0510951582955103
1.107,-0.0573621214104433,-0.0543325188631291
1.108,-0.0584605312329314,-0.0555506365177409
1.109,-0.0574873115042511,-0.0547063102662398
1.11,-0.0544769346781339,-0.0518294018375543
1.111,-0.0495360405291617,-0.0470217781271064
1.112,-0.0428396587171698,-0.0404537028198659
1.113,-0.0346250084829943,-0.0323578050097484
1.114,-0.025183095315089,-0.0230208384698444
1.115,-0.0148484019976644,-0.0127735234962312
1.116,-0.00398703965598365,-0.0019788311751871
1.117,0.00701622177932595,0.00898087489689845
1.118,0.0177715842811887,0.0197173839345758
1.119,0.0278980304207445,0.0298503904783513
1.12,0.0370368212068728,0.0390209669147771
1.121,0.0448642045444738,0.0469042787297342
1.122,0.0511028844456169,0.0532210920476966
1.123,0.0555318447081773,0.0577476657918834
1.124,0.0579941785300884,0.0603236780242642
1.125,0.0584026472517211,0.0608579056632369
1.126,0.0567427711314755,0.0593314563634805
1.127,0.0530733424594861,0.0557984380576657
1.128,0.0475243431417815,0.0503840424314452
1.129,0.0402923400975954,0.0432801102158319
1.13,0.0316335221135464,0.0347383353892702
1.131,0.0218546243866087,0.025061349025163
1.132,0.0113020624402364,0.0145919986361823
1.133,0.000349660338604987,0.00370120279332534
1.134,-0.0106145922623333,-0.00722518872928802
1.135,-0.0212022846191437,-0.0178000638015464
1.136,-0.0310383447015758,-0.0276487615525868
1.137,-0.0397743262092429,-0.0364223449426628
1.138,-0.0471007526073404,-0.0438099621026234
1.139,-0.0527580806507143,-0.0495498585312077
1.14,-0.0565458948218045,-0.0534386500329081
1.141,-0.0583300075807081,-0.0553385278919648
1.142,-0.0580472128965486,-0.0551821410285422
1.143,-0.0557075257524439,-0.0529749821763767
1.144,-0.051393827646785,-0.0487951935419489
1.145,-0.045258930409764,-0.0427907988211532
1.146,-0.0375201632676831,-0.0351744596220924
1.147,-0.0284516737898663,-0.026215942042145
1.148,-0.0183747163609789,-0.0162325602670503
1.149,-0.00764627172089506,-0.00557793572567061
1.15,0.00335359923181272,0.00537052999249148
1.151,0.014235219178337,0.0162250246830357
1.152,0.024613098871852,0.0266010639155624
1.153,0.034119593277977,0.0361311115776577
1.154,0.0424179256345223,0.0444776000590761
1.155,0.0492141180971711,0.0513448888277801
1.156,0.0542674060309164,0.0564897377560799
1.157,0.0573987673864314,0.0597299241695557
1.158,0.0584972649565495,0.0609506983498847
1.159,0.0575239762819874,0.0601088487956628
1.16,0.0545133729360826,0.0572342332201709
1.161,0.0495720993898971,0.0524287210421896
1.162,0.0428751952690903,0.0458625848249945
1.163,0.0346598947646306,0.0377684684911064
1.164,0.0252172225111639,0.0284331459847105
1.165,0.0148816841306678,0.0181873623288168
1.166,0.00401941623647855,0.00739411695722939
1.167,-0.00698478401507977,-0.00356419561436487
1.168,-0.0177410905371676,-0.01429933223334
1.169,-0.0278684580694781,-0.0244309547835305
1.17,-0.0370081208348507,-0.0336001038569932
1.171,-0.0448363022996175,-0.0414819151118827
1.172,-0.0510756848511838,-0.0477971278311074
1.173,-0.0555052342011259,-0.0523219779821038
1.174,-0.0579680299288335,-0.0548961253068333
1.175,-0.0583768243037134,-0.0554283336156438
1.176,-0.0567171333243013,-0.0538997030517956
1.177,-0.0530477500403524,-0.0503643398156101
1.178,-0.0474986620653225,-0.0449474396161962
1.179,-0.0402664466097745,-0.0378408527386804
1.18,-0.0316073068417744,-0.0292962878300962
1.181,-0.0218279960998798,-0.0196163951571043
1.182,-0.0112749507846178,-0.0091440452101237
1.183,-0.000322018001386816,0.00174981753996653
1.184,0.0106427880811306,0.0126793154494805
1.185,0.0212310319853461,0.0232573075568323
1.186,0.0310676173158914,0.0331091042246633
1.187,0.0398040748607414,0.0418857407213465
1.188,0.0471309069635424,0.0492763395176296
1.189,0.0527885523649587,0.0550191233557625
1.19,0.0565765809347498,0.0589106889444727
1.191,0.058360794013536,0.0608132127504244
1.192,0.0580779791301448,0.0606593336125482
1.193,0.0557381488677773,0.0584545392047645
1.194,0.0514241868306327,0.0542769717996554
1.195,0.0452889112526877,0.0482746602080174
1.196,0.0375496614766601,0.0406602759482799
1.197,0.0284805989516519,0.0317035994054131
1.198,0.0184029948695789,0.0217219628641529
1.199,0.00767384919530174,0.0110690089722437
1.2,-0.00332675643995086,0.000122162866903064
1.201,-0.0142091229489718,-0.0107307382322681
1.202,-0.024587739257356,-0.0211051843125337
1.203,-0.0340949392347103,-0.0306336140191588
1.204,-0.0423939262213746,-0.0389784357215787
1.205,-0.0491907046978284,-0.0458439869156369
1.206,-0.0542444949417753,-0.0509870082919217
1.207,-0.0573762629655528,-0.0542252614180309
1.208,-0.0584750631166738,-0.0554439847452221
1.209,-0.0575019683356315,-0.0545999592277238
1.21,-0.054491449324705,-0.0517230395231815
1.211,-0.0495501536877494,-0.0469150965254907
1.212,-0.0428531278059001,-0.0403464086860182
1.213,-0.0346376158875964,-0.0322496299572481
1.214,-0.0251946557450663,-0.0229115480425296
1.215,-0.0148587685173922,-0.0126629249155575
1.216,-0.00399610828387746,-0.00186677951036665
1.217,0.00700850906773961,0.00909447232977299
1.218,0.0177652382134674,0.0198325650731708
1.219,0.0278930146988094,0.0299671379746197
1.22,0.0370330544524562,0.0391392095457665
1.221,0.0448615638482389,0.0470238946806825
1.222,0.0511012104189228,0.0533419139247783
1.223,0.0555309475086945,0.0578694871632816
1.224,0.0579938449037296,0.0604462612374874
1.225,0.058402648522669,0.0609809906454247
1.226,0.0567428714322697,0.0594547700811869
1.227,0.05307330710983,0.055921704294152
1.228,0.0475239468122314,0.0505069915333405
1.229,0.0402913746794462,0.0434024884671703
1.23,0.0316318037133524,0.0348599136889915
1.231,0.0218519995358439,0.0251819305733564
1.232,0.0112984128870699,0.0147114253734696
1.233,0.000344906683689788,0.00381936038531759
1.234,-0.010620488236878,-0.00710836751637879
1.235,-0.0212093193220676,-0.017684597429289
1.236,-0.0310464734071101,-0.0275346197766065
1.237,-0.0397834653715807,-0.0363094505891555
1.238,-0.0471107832524508,-0.043698194467765
1.239,-0.0527688532042658,-0.0494390582603756
1.24,-0.056557234845313,-0.0533286252867197
1.241,-0.0583417220132969,-0.0552290615637442
1.242,-0.0580590973812137,-0.0550729987443105
1.243,-0.0557193719833946,-0.0528659207848976
1.244,-0.0514054306963458,-0.0486859697893987
1.245,-0.0452700959195109,-0.0426811779029524
1.246,-0.0375307140458891,-0.0350642233132298
1.247,-0.0284614559487863,-0.026104896126491
1.248,-0.0183836042072083,-0.0161205410148529
1.249,-0.00765417184662194,-0.00546481520552913
1.25,0.0033467451109117,0.00548483993681677
1.251,0.0142294327555093,0.0163405699112402
1.252,0.0246083649617488,0.0267178469922148
1.253,0.0341158609495979,0.0362490923093071
1.254,0.0424151104994795,0.0445966975257996
1.255,0.0492121058139671,0.0514649848160175
1.256,0.0542660566988397,0.0566106814517227
1.257,0.0573979208592343,0.0598515379280342
1.258,0.0584967468037344,0.0610727843248343
1.259,0.0575236040741891,0.0602311961807648
1.26,0.0545129628209579,0.0573566258408015
1.261,0.0495714725698286,0.0525509450250554
1.262,0.0428741841954333,0.0459844360751548
1.263,0.0346583488680099,0.0378897597164936
1.264,0.0252150131502147,0.0285537130279467
1.265,0.014878708914682,0.0183070695939582
1.266,0.00401560222725081,0.00751286175396674
1.267,-0.00698947838054917,-0.00344647994589794
1.268,-0.0177466741792925,-0.014182674509164
1.269,-0.027874907623425,-0.0243153455184227
1.27,-0.037015381978264,-0.0334854961594064
1.271,-0.0448442919178773,-0.0413682268800302
1.272,-0.0510842946524521,-0.0476842451540946
1.273,-0.0555143348236894,-0.0522097596090481
1.274,-0.0579774756506448,-0.0547844080113889
1.275,-0.0583864585027414,-0.0553169382544083
1.276,-0.0567267943080225,-0.0537884410936313
1.277,-0.053057276689645,-0.0502530201056153
1.278,-0.0475078994351899,-0.0448358751332656
1.279,-0.0402752513250437,-0.0377288671093281
1.28,-0.0316155520284777,-0.0291837213732418
1.281,-0.0218355755301259,-0.0195031102542789
1.282,-0.011281782346553,-0.00902993082225268
1.283,-0.0003280463108209,0.00186484235545653
1.284,0.0106375903204644,0.0127952991302321
1.285,0.0212266633024855,0.0233742648042633
1.286,0.0310640478920027,0.0332270159759117
1.287,0.0398012480812086,0.0420045553079048
1.288,0.0471287419889445,0.0493959749526673
1.289,0.0527869468903359,0.0551394706533281
1.29,0.056575415421359,0.0590316163389175
1.291,0.0583599362258597,0.060934570654681
1.292,0.0580772885580884,0.0607809601302965
1.293,0.0557374822670844,0.05857626599475
1.294,0.0514234029020089,0.0543986300809908
1.295,0.0452878757534009,0.0483960866934235
1.296,0.0375482519746072,0.0407813184978613
1.297,0.0284787087075667,0.0318241222063975
1.298,0.018400536488737,0.0218418509615247
1.299,0.00767075724943882,0.0111881720005511
1.3,-0.00333052325797019,0.000240537863769241
1.301,-0.0142135808062824,-0.0106131850163932
1.302,-0.0245928790438836,-0.0209884566573377
1.303,-0.0341007271157006,-0.0305176860414043
1.304,-0.042400305434492,-0.038863253219723
1.305,-0.0491975975731209,-0.0457294696897727
1.306,-0.0542518062363268,-0.0508730533433124
1.307,-0.0573838834842463,-0.0541117469030051
1.308,-0.0584828734100822,-0.0553307745335243
1.309,-0.0575098434578816,-0.0544869078963573
1.31,-0.0544992631566466,-0.0516099976039465
1.311,-0.0495577832705505,-0.0468019158181557
1.312,-0.042860457871974,-0.0402329474494944
1.313,-0.0346445426112782,-0.0321357577981589
1.314,-0.0252010902299451,-0.0227971503338322
1.315,-0.0148646398098747,-0.0125479065968249
1.316,-0.00400136556093792,-0.00175106814522137
1.317,0.00700389508876097,0.00921092433566478
1.318,0.0177612743883068,0.0199497791592371
1.319,0.0278896857272172,0.0300851090505877
1.32,0.037030323695883,0.03925790655443
1.321,0.0448593747741999,0.0471432620647948
1.322,0.0510994891371578,0.0534618739333558
1.323,0.0555296054271609,0.0579899429040599
1.324,0.0579927821311866,0.0605671003574091
1.325,0.0584017575660797,0.0611020895006967
1.326,0.0567420410476015,0.0595759982432618
1.327,0.0530724262921273,0.0560429292284257
1.328,0.0475229086345095,0.0506280832836698
1.329,0.0402900800784025,0.0435233241815403
1.33,0.0316301648055933,0.0349803818296426
1.331,0.0218499424632204,0.0253019346680521
1.332,0.0112958803262379,0.0148308871827967
1.333,0.000341859577023153,0.00393822238325132
1.334,-0.0106240695876262,-0.00699014042578473
1.335,-0.0212134349419071,-0.0175670170082732
1.336,-0.0310511038360134,-0.0274176743830276
1.337,-0.0397885726689458,-0.0361931059291182
1.338,-0.0471163126553165,-0.0435823951331072
1.339,-0.0527747351343792,-0.0493237299855598
1.34,-0.0565633877604396,-0.0532136778353516
1.341,-0.0583480555105237,-0.0551143921341238
1.342,-0.0580655154254259,-0.054958495766806
1.343,-0.0557257762669234,-0.0527514679720141
1.344,-0.0514117241104679,-0.0485714502925664
1.345,-0.0452761862489076,-0.0425664784284337
1.346,-0.0375365168962678,-0.0349492380531361
1.347,-0.0284668975525528,-0.0259895303694915
1.348,-0.0183886241277792,-0.0160047143143867
1.349,-0.00765872463534608,-0.00534846400065704
1.35,0.00334268839584331,0.00560176033202244
1.351,0.0142258837576683,0.016458084010462
1.352,0.0246053179780817,0.0268359585673016
1.353,0.034113293273738,0.036367784557737
1.354,0.0424129836471835,0.0447159339585661
1.355,0.0492103667997273,0.0515847108242444
1.356,0.0542646403490591,0.0567308264870769
1.357,0.0573967523534402,0.0599720182113867
1.358,0.0584957441225994,0.0611935059803047
1.359,0.057522681408378,0.0603520586788365
1.36,0.0545120332902935,0.0574775256250351
1.361,0.0495704513755796,0.0526717791923032
1.362,0.0428729916773151,0.0461051059791989
1.363,0.0346569130804587,0.0380101743696134
1.364,0.0252132725055363,0.0286737921838513
1.365,0.0148766139189584,0.0184267464084136
1.366,0.00401311712802571,0.00763208493579299
1.367,-0.00699237437400814,-0.00332774456160474
1.368,-0.0177499866788088,-0.0140644430124393
1.369,-0.0278786268682804,-0.0241976156246937
1.37,-0.0370194835194451,-0.0333682475596784
1.371,-0.044848737675489,-0.041251422219223
1.372,-0.0510890343877812,-0.0475678315940011
1.373,-0.0555193082487176,-0.0520936709124853
1.374,-0.0579826145550522,-0.0546685670667212
1.375,-0.0583916893615593,-0.0552012599453287
1.376,-0.0567320408550211,-0.0536728354083416
1.377,-0.0530624627139452,-0.0501373953726806
1.378,-0.0475129514947677,-0.0447201412686083
1.379,-0.0402801011895978,-0.0376129387601205
1.38,-0.0316201390726498,-0.029067520849743
1.381,-0.0218398487499413,-0.019386570149702
1.382,-0.011285701995584,-0.00891299623316232
1.383,-0.000331585133704243,0.00198221208040868
1.384,0.0106344462977478,0.0129131291677972
1.385,0.0212239145626509,0.0234925641955916
1.386,0.0310616814254332,0.0333457775420967
1.387,0.0397992381907752,0.0421237561366394
1.388,0.0471270513367007,0.0495155774305881
1.389,0.0527855279877552,0.0552594239998255
1.39,0.0565742124741412,0.0591518585802158
1.391,0.0583588871154783,0.0610550309624178
1.392,0.0580763272644132,0.0609015614371239
1.393,0.0557365410894641,0.0586969277910226
1.394,0.0514224150110881,0.0545192712916438
1.395,0.0452867774396457,0.0485166285328006
1.396,0.0375469848117531,0.040901687202508
1.397,0.0284772216131308,0.0319442515515897
1.398,0.0183987872998396,0.021961684476267
1.399,0.00766871419551856,0.0113076648076188
1.4,-0.00333288066342965,0.000359658085607447
1.401,-0.0142162612526096,-0.0104944553289787
1.402,-0.0245958791947824,-0.0208701210993705
1.403,-0.0341040319906947,-0.0303997339384399
1.404,-0.0424038890901117,-0.0387456602126487
1.405,-0.0492014242623603,-0.0456121987918667
1.406,-0.0542558316304235,-0.0507560564255436
1.407,-0.0573880563847988,-0.0539949665491515
1.408,-0.058487137885084,-0.0552141461945378
1.409,-0.057514140695478,-0.054370362263926
1.41,-0.0545035335526459,-0.0514934631166657
1.411,-0.0495619686255195,-0.0466853212103249
1.412,-0.0428645033559417,-0.040116224252371
1.413,-0.0346483986774149,-0.0320188427064828
1.414,-0.0252047143181601,-0.0226799873564424
1.415,-0.0148679976993883,-0.0124304489189524
1.416,-0.00400443238093178,-0.00163327964123084
1.417,0.00700113396791862,0.00932906798713859
1.418,0.0177588231426278,0.0200682897911414
1.419,0.0278875379633782,0.0302039857720482
1.42,0.0370284628519105,0.0393771359658215
1.421,0.0448577750698175,0.047262818909163
1.422,0.0510981162107979,0.0535817221549469
1.423,0.0555284179182078,0.0581100370708349
1.424,0.0579917333681075,0.0606873873922567
1.425,0.0584007969997488,0.0612225106560236
1.426,0.056741116160741,0.0596964912460378
1.427,0.0530714845888521,0.0561634305178353
1.428,0.0475218994617358,0.0507485302614044
1.429,0.0402889562238679,0.0436436573954859
1.43,0.0316288842288289,0.0351005470152147
1.431,0.0218484697766556,0.0254218845775311
1.432,0.0112941877406519,0.0149505831414842
1.433,0.000339927855075806,0.00405763552175341
1.434,-0.0106262505371509,-0.00687102830172486
1.435,-0.0212158659443073,-0.0174482129356688
1.436,-0.0310537764421956,-0.0272991741585584
1.437,-0.039791469673606,-0.0360748944221602
1.438,-0.0471194088680573,-0.0434644469781063
1.439,-0.0527779982778709,-0.0492060106238985
1.44,-0.0565667798442744,-0.053096144865012
1.441,-0.0583515340968943,-0.0549969969152415
1.442,-0.0580690352944066,-0.0548411852229775
1.443,-0.0557292910932614,-0.0526341865212187
1.444,-0.0514151879864294,-0.0484541418379716
1.445,-0.0452795553576879,-0.0424490883382664
1.446,-0.0375397510260552,-0.0348317150602159
1.447,-0.0284699614637065,-0.0258718283248627
1.448,-0.0183914886876715,-0.0158867937355646
1.449,-0.00766136786554982,-0.00523029336308716
1.45,0.00334028085025106,0.00572020360192716
1.451,0.0142237181574217,0.0165768128712432
1.452,0.0246033922386816,0.0269549760458741
1.453,0.0341115973642505,0.0364870837863653
1.454,0.0424114999238276,0.0448354985589469
1.455,0.0492090708387763,0.0517045156201413
1.456,0.0542635018717339,0.0568508385156783
1.457,0.0573957362021986,0.0600921979935002
1.458,0.0584948119478206,0.0613138090009922
1.459,0.057521792742476,0.060472437023404
1.46,0.0545111470095032,0.057597929710632
1.461,0.0495695273607007,0.0527921595329007
1.462,0.0428719920358894,0.0462254149214504
1.463,0.0346558035365334,0.038130367739034
1.464,0.0252120234995062,0.0287938307847882
1.465,0.0148752015498652,0.0185465973272371
1.466,0.00401152397501723,0.00775172260439095
1.467,-0.00699415880528722,-0.00320833757590208
1.468,-0.0177519656287304,-0.0139452755142677
1.469,-0.0278807963168553,-0.0240786876083718
1.47,-0.0370218325379575,-0.0332495503391142
1.471,-0.0448512487922788,-0.0411329388608971
1.472,-0.0510916843996901,-0.0474495376333953
1.473,-0.0555220690105118,-0.0519755353246557
1.474,-0.0579854541126873,-0.0545505534532127
1.475,-0.0583945732484206,-0.0550833278925767
1.476,-0.0567349331608128,-0.0535549419673373
1.477,-0.0530653274200502,-0.0500194966061441
1.478,-0.0475157536983859,-0.0446021938103299
1.479,-0.0402828085153687,-0.0374949013315055
1.48,-0.0316227225230026,-0.0289493556809027
1.481,-0.0218422838050091,-0.0192682442565541
1.482,-0.0112879695206829,-0.00879448250776886
1.483,-0.00033367168582054,0.00210093400185
1.484,0.010632547820137,0.0130320722865657
1.485,0.0212222048432407,0.0236117337997489
1.486,0.0310601549181649,0.0334651711319029
1.487,0.0397978832066444,0.0422433636246764
1.488,0.0471258506954035,0.049635381605555
1.489,0.0527844596835993,0.0553794012338687
1.49,0.0565732504224504,0.059271979751396
1.491,0.0583580021660407,0.0611752625567666
1.492,0.0580754883368851,0.0610218667889525
1.493,0.0557357162995927,0.0588172684158926
1.494,0.0514215726895547,0.0546396082638171
1.495,0.0452858873356015,0.0486369238581223
1.496,0.0375460190446671,0.0410219051385567
1.497,0.0284761557808661,0.0320643598294801
1.498,0.0183976011136436,0.0220816553826139
1.499,0.00766739216468733,0.0114274760906881
1.5,-0.00333434864388011,0.000479293656379623
1.501,-0.014217879784637,-0.0103750049224779
1.502,-0.0245976471470553,-0.0207508584378327
1.503,-0.0341059428126041,-0.0302806547418594
1.504,-0.0424059309569855,-0.0386267535917877
1.505,-0.0492035806088376,-0.0454934477282585
1.506,-0.0542580818958152,-0.0506374384598373
1.507,-0.0573903766827215,-0.0538764546505771
1.508,-0.0584895019867073,-0.055095709778307
1.509,-0.0575165207867194,-0.0542519683186665
1.51,-0.0545059015841196,-0.0513750774006751
1.511,-0.0495642970563385,-0.0465669094736112
1.512,-0.0428667660381909,-0.0399977534411668
1.513,-0.0346505721058116,-0.0319002821081725
1.514,-0.0252067780889155,-0.0225613096455425
1.515,-0.0148699352544471,-0.0123116310688398
1.516,-0.00400623164426869,-0.00151430367154507
1.517,0.0069994803351533,0.00944821445128493
1.518,0.0177573175082572,0.0201876131650466
1.519,0.0278861777009651,0.0303234863718532
1.52,0.0370272405695364,0.0394968080852688
1.521,0.0448566788605336,0.0473826511068327
1.522,0.0510971301977823,0.0537016977388102
1.523,0.0555275228810481,0.0582301347602212
1.524,0.0579909073872082,0.0608075821313936
1.525,0.0584000163346796,0.061342774548358
1.526,0.0567403560938632,0.0598167945747537
1.527,0.0530707203415502,0.0562837428154578
1.528,0.0475211068820811,0.0508688213901947
1.529,0.0402881128624045,0.0437638986005107
1.53,0.0316279701215763,0.0352207119134881
1.531,0.0218474677533359,0.0255419500494085
1.532,0.0112930844127276,0.0150705300944161
1.533,0.000338713822812962,0.00417744950142624
1.534,-0.0106275804968401,-0.00675135667210798
1.535,-0.0212173124600843,-0.0173286877008964
1.536,-0.0310553359995193,-0.027179793967956
1.537,-0.0397931344457493,-0.0359556526566194
1.538,-0.0471211672682947,-0.0433453320603585
1.539,-0.0527798354482929,-0.0490870064984593
1.54,-0.0565686779268527,-0.0529772316284605
1.541,-0.0583534732996441,-0.0548781515725048
1.542,-0.0580709943210502,-0.054722382541211
1.543,-0.0557312480511668,-0.0525153999498587
1.544,-0.0514171212647145,-0.0483353444616688
1.545,-0.0452814440910759,-0.0423302538287437
1.546,-0.0375415760936765,-0.0347128185936236
1.547,-0.028471706048722,-0.0257528474329024
1.548,-0.0183931387414491,-0.0157677090614454
1.549,-0.00766291269061027,-0.0051110892971408
1.55,0.00333884831494071,0.00583953842754916
1.551,0.0142224011355694,0.0166962852441177
1.552,0.0246021901079157,0.0270745880007114
1.553,0.0341105056923929,0.0366068326019187
1.554,0.0424105106375648,0.0449553769220665
1.555,0.0492081727151665,0.0518245119487719
1.556,0.0542626807427426,0.0569709374271367
1.557,0.057394975720575,0.0602123808994632
1.558,0.0584940941094589,0.0614340548064417
1.559,0.0575210983762818,0.0605927229034604
1.56,0.0545104567752265,0.0577182319368459
1.561,0.0495688222276561,0.0529124543192532
1.562,0.0428712540330558,0.04634567926005
1.563,0.0346550162953747,0.0382505801962999
1.564,0.0252111728040139,0.0289139722307222
1.565,0.0148742759121502,0.0186666515731382
1.566,0.00401051487927241,0.00787167692794046
1.567,-0.00699525655556363,-0.00308849203498964
1.568,-0.0177531539610944,-0.0138255435000436
1.569,-0.0278820735885165,-0.0239590696427721
1.57,-0.0370231937707459,-0.0331300427659557
1.571,-0.0448526860979957,-0.0410135340360208
1.572,-0.0510931869574563,-0.047330224252148
1.573,-0.0555236237842597,-0.0518562988732006
1.574,-0.0579870462552477,-0.0544313767660093
1.575,-0.0583961864223275,-0.0549641917948975
1.576,-0.0567365504003666,-0.0534358259790078
1.577,-0.0530669317967032,-0.0499003796808879
1.578,-0.0475173287363087,-0.0444830550842231
1.579,-0.0402843386594894,-0.0373757208541125
1.58,-0.0316241940698691,-0.0288301151036588
1.581,-0.0218436850184738,-0.019148927454832
1.582,-0.0112892910110621,-0.00867507611574197
1.583,-0.000334906983025559,0.00222044016107074
1.584,0.0106314023621913,0.0131516848891083
1.585,0.0212211497973291,0.0237314558366983
1.586,0.0310591879206299,0.0335850018571762
1.587,0.03979699897331,0.0423632986349627
1.588,0.047125041283233,0.0497554130475881
1.589,0.0527837148875882,0.0554995181298939
1.59,0.0565725579654453,0.0593921684296687
1.591,0.0583573485090973,0.0612955071704298
1.592,0.0580748589217305,0.0611421499037772
1.593,0.0557350959495508,0.0589375716452257
1.594,0.0514209464034278,0.0547599129277392
1.595,0.0452852407746428,0.0487572116433073
1.596,0.0375453390294229,0.041142158735639
1.597,0.0284754305552695,0.0321845635258642
1.598,0.0183968208770917,0.0222017955905469
1.599,0.00766654950453048,0.0115475417929838
1.6,-0.0033352587964581,0.000599276755338635
1.601,-0.014218859839498,-0.0102551093637988
1.602,-0.0245986967814872,-0.020631052068914
1.603,-0.0341070591656807,-0.0301609359153576
1.604,-0.0424071086078393,-0.0385071174701379
1.605,-0.049204811933984,-0.045373886500804
1.606,-0.0542593573637308,-0.0505179416612481
1.607,-0.0573916850614433,-0.0537570095678938
1.608,-0.0584908310203418,-0.0549763019310168
1.609,-0.0575178574890348,-0.0541325819938789
1.61,-0.0545072325782956,-0.0512556962237926
1.611,-0.0495656094155048,-0.0464475169939278
1.612,-0.0428680474099529,-0.0398783337116036
1.613,-0.0346518111364484,-0.0317808202388678
1.614,-0.0252079650524364,-0.0224417923122274
1.615,-0.0148710621723361,-0.0121920469587972
1.616,-0.00400729265273963,-0.00139464385239255
1.617,0.00699848888827489,0.00956795625181847
1.618,0.0177563969555431,0.0203074403768864
1.619,0.0278853270114962,0.0304433995028676
1.62,0.0370264564087106,0.0396168047453857
1.621,0.0448559557868559,0.0475027261336222
1.622,0.0510964608586762,0.0538218434186428
1.623,0.0555268983190676,0.0583503411358384
1.624,0.0579903172923327,0.0609278373838278
1.625,0.0583994495339744,0.0614630654386985
1.626,0.0567398010455949,0.0599371069293651
1.627,0.0530701652128302,0.0564040620369695
1.628,0.0475205402563376,0.0509891329759334
1.629,0.0402875241315375,0.0438841886500526
1.63,0.0316273496762365,0.0353409676076575
1.631,0.021846807425101,0.0256621600843105
1.632,0.0112923777052883,0.0151906850559089
1.633,0.000337956089665376,0.00429754216774501
1.634,-0.0106283918751348,-0.0066313311091627
1.635,-0.0212181780288045,-0.0172087315027913
1.636,-0.0310562541830727,-0.0270599068076708
1.637,-0.0397941017688879,-0.0358358316684389
1.638,-0.047122178422671,-0.0432255719781303
1.639,-0.0527808834437816,-0.0489672998761706
1.64,-0.0565697545385777,-0.0528575691341849
1.641,-0.0583545692200032,-0.0547585223443208
1.642,-0.058072099527893,-0.054602774591684
1.643,-0.0557323522970232,-0.0523958006041674
1.644,-0.0514182142894154,-0.048215740813495
1.645,-0.0452825159914434,-0.042210633197648
1.646,-0.0375426177854573,-0.0345931689678171
1.647,-0.0284727094437046,-0.0256331578820715
1.648,-0.0183940971491882,-0.0156479701055605
1.649,-0.00766382093282534,-0.00499129321893328
1.65,0.00333799376667586,0.00595939733659807
1.651,0.0142216019206326,0.0168162105119509
1.652,0.0246014461196837,0.0271945808819912
1.653,0.0341098149112494,0.0367268920665423
1.654,0.0424098694349782,0.0450754997241222
1.655,0.0492075759065211,0.0519446927723425
1.656,0.0542621216999774,0.0570911691027101
1.657,0.0573944468870499,0.0603326546823154
1.658,0.0584935869596922,0.0615543607063085
1.659,0.0575206038879908,0.0607130500531662
1.66,0.0545099658802417,0.0578385689863731
1.661,0.0495683258949676,0.0530327898410358
1.662,0.0428707436701575,0.0464660021510874
1.663,0.034654484132991,0.0383708800630096
1.664,0.0252106120003089,0.0290342397432599
1.665,0.0148736809526613,0.0187868787771828
1.666,0.00400988158188894,0.00799185750361144
1.667,-0.00699593083752091,-0.0029683625754098
1.668,-0.0177538700487437,-0.0137054676816397
1.669,-0.0278828310195027,-0.0238390479683798
1.67,-0.0370239903841832,-0.033010073728459
1.671,-0.0448535181695677,-0.0408936142010825
1.672,-0.0510940496034066,-0.0472103484074441
1.673,-0.0555245108233208,-0.051736460237946
1.674,-0.0579879506917292,-0.0543115672525339
1.675,-0.0583971006974454,-0.0548444023123217
1.676,-0.0567374665607937,-0.053316046767736
1.677,-0.053067841793696,-0.0497806006657192
1.678,-0.0475182247469138,-0.0443632662334022
1.679,-0.0402852133845051,-0.0372559125316173
1.68,-0.0316250408544106,-0.0287102784024488
1.681,-0.0218444982737575,-0.0190290544996274
1.682,-0.0112900662432285,-0.00855516032513637
1.683,-0.00033564095249895,0.00234040386177923
1.684,0.0106307114357673,0.0132716999111248
1.685,0.0212205023357064,0.0238515238316712
1.686,0.0310585828387782,0.0337051226843564
1.687,0.0397964339332026,0.0424834703918146
1.688,0.0471245126695719,0.0498756321618563
1.689,0.0527832179108745,0.0556197795089944
1.69,0.0565720870357714,0.0595124656613216
1.691,0.0583568972074764,0.0614158327667366
1.692,0.0580744202818179,0.0612624955795322
1.693,0.0557346628593265,0.0590579286201865
1.694,0.0514205118486148,0.0548802722418878
1.695,0.0452847979231921,0.0488775644738356
1.696,0.0375448815541085,0.0412624967044948
1.697,0.0284749528204591,0.0323048789871914
1.698,0.0183963182307844,0.0223220818882136
1.699,0.00766601831471858,0.0116677934795857
1.7,-0.00333582102171614,0.000719489765540121
1.701,-0.0142194543082996,-0.0101349375910057
1.702,-0.0245993235197068,-0.0205109225225795
1.703,-0.0341077168757364,-0.0300408480011543
1.704,-0.0424077948717971,-0.0383870690547352
1.705,-0.049205523235418,-0.0452538740096639
1.706,-0.0542600891864191,-0.0503979602256283
1.707,-0.0573924323170753,-0.0536370532151764
1.708,-0.0584915878880116,-0.0548563638110423
1.709,-0.0575186178037735,-0.0540126546328121
1.71,-0.0545079901855512,-0.0511357717961993
1.711,-0.0495663580167287,-0.0463275876032384
1.712,-0.0428687811390303,-0.0397583916689863
1.713,-0.0346525247106718,-0.0316608583307378
1.714,-0.025208653759229,-0.0223218040471585
1.715,-0.0148717221956433,-0.0120720267854598
1.716,-0.00400792112821625,-0.00127458734128241
1.717,0.00699789376343248,0.00968805226871514
1.718,0.0177558359037898,0.0204275777127843
1.719,0.0278847996373552,0.0305635785718345
1.72,0.0370259612239715,0.0397370245677983
1.721,0.0448554903008807,0.0476229843905112
1.722,0.0510960216893944,0.053942136552306
1.723,0.0555264812657114,0.0584706644925123
1.724,0.0579899175574362,0.0610481853927884
1.725,0.0583990619236618,0.0615834318209695
1.726,0.0567394199996449,0.0600574849282693
1.727,0.0530697851432073,0.0565244446621068
1.728,0.0475201558635159,0.0511095132518164
1.729,0.0402871303031784,0.0440045598605955
1.73,0.0316269417314842,0.0354613235279906
1.731,0.0218463815377365,0.0257824951919595
1.732,0.0112919307110618,0.0153109947142212
1.733,0.000337485713518203,0.00441782277552255
1.734,-0.0106288868923464,-0.00651108200658866
1.735,-0.021218698063262,-0.0170885151443825
1.736,-0.0310567986134074,-0.0269397231912217
1.737,-0.0397946690188408,-0.0357156795690942
1.738,-0.0471227660105443,-0.0431054490095886
1.739,-0.0527814882228814,-0.0488472025918011
1.74,-0.0565703726323756,-0.0527374931639229
1.741,-0.0583551962521077,-0.0546384625620109
1.742,-0.0580727308219319,-0.0544827253065461
1.743,-0.0557329829264024,-0.0522757557693071
1.744,-0.0514188394916753,-0.0480956942438852
1.745,-0.0452831311006719,-0.0420905787897856
1.746,-0.0375432183712354,-0.0344731009133133
1.747,-0.0284732917577586,-0.0255130708677571
1.748,-0.0183946579265118,-0.015527859493275
1.749,-0.00766435764523633,-0.00487115519897743
1.75,0.00333748277319754,0.0060795656233532
1.751,0.0142211175920436,0.0169364108871322
1.752,0.0246009883655285,0.027314814080513
1.753,0.0341093829439941,0.0368471577262978
1.754,0.0424094616364133,0.0451957964143683
1.755,0.0492071897430463,0.0520650180592152
1.756,0.054261754200059,0.0572115196490305
1.757,0.0573940944564186,0.0604530263776795
1.758,0.0584932455836621,0.0616747488224495
1.759,0.0575202693767564,0.0608334494187622
1.76,0.0545096339100269,0.0579589741748743
1.761,0.0495679922085049,0.0531531953647217
1.762,0.0428704041825587,0.0465864026544464
1.763,0.0346541351360387,0.0384912705086572
1.764,0.0252102502544215,0.0291546155839721
1.765,0.0148733037449131,0.0189072361082051
1.766,0.00400948692084118,0.00811219319017758
1.767,-0.00699634423918452,-0.002848050799469
1.768,-0.0177543027730953,-0.0135851811472395
1.769,-0.0278832828415117,-0.0237187870383534
1.77,-0.0370244602822094,-0.0328898377992214
1.771,-0.0448540044884169,-0.0407734017382249
1.772,-0.0510945500926534,-0.0470901570135099
1.773,-0.0555250226565305,-0.0516162867495379
1.774,-0.0579884705692144,-0.0541914078629148
1.775,-0.0583976250790791,-0.0547242527148312
1.776,-0.0567379917178577,-0.0531959023146792
1.777,-0.0530683638616158,-0.0496604565369198
1.778,-0.0475187400035872,-0.0442431176083582
1.779,-0.0402857183782981,-0.0371357547591585
1.78,-0.0316255325014413,-0.0285901071619684
1.781,-0.0218449738241947,-0.0189088659483481
1.782,-0.0112905235636311,-0.00843495122644018
1.783,-0.000336078467041716,0.00246063603318698
1.784,0.0106302946436333,0.0133919568905726
1.785,0.0212201064960618,0.0239718065147817
1.786,0.0310582076066527,0.0338254311075417
1.787,0.0397960781297486,0.0426038037432461
1.788,0.0471241746286631,0.0499959888220747
1.789,0.0527828954992315,0.0557401571193034
1.79,0.0565717775617848,0.0596328612171598
1.791,0.0583565975884817,0.0615362427323806
1.792,0.0580741273456078,0.0613829160197898
1.793,0.055734373344772,0.0591783553442052
1.794,0.051420222321465,0.0550007009538528
1.795,0.0452845051260381,0.04899799092516
1.796,0.037544582497425,0.0413829168421334
1.797,0.028474644873632,0.0324252890929245
1.798,0.0183959991350665,0.0224424787041393
1.799,0.00766568625939491,0.0117881743156138
1.8,-0.00333616723098312,0.000839852585373441
1.801,-0.0142198153024824,-0.0100145941081117
1.802,-0.0245996993763884,-0.0203905989460983
1.803,-0.0341081070207761,-0.029920544140486
1.804,-0.0424081982066449,-0.0382667839772348
1.805,-0.0492059381380413,-0.0451336060844759
1.806,-0.0542605135894905,-0.0502777071914106
1.807,-0.057392863801511,-0.0535168122689885
1.808,-0.0584920237531585,-0.0547361317149677
1.809,-0.0575190552113627,-0.0538924278343073
1.81,-0.0545084260933591,-0.0510155465577418
1.811,-0.0495667895182462,-0.0462073601365828
1.812,-0.0428692055132494,-0.0396381582692445
1.813,-0.034652939366159,-0.0315406155055731
1.814,-0.0252090564402314,-0.022201548636628
1.815,-0.0148721111207472,-0.0119517560684315
1.816,-0.00400829488728726,-0.00115429912488471
1.817,0.00699753612554731,0.00980835957950976
1.818,0.0177554947037198,0.0205479050675989
1.819,0.0278844747457688,0.0306839262506958
1.82,0.0370256519822702,0.0398573921808221
1.821,0.044855195534406,0.0477433709011293
1.822,0.0510957398787574,0.054062540322874
1.823,0.0555262104656961,0.0585910833503726
1.824,0.0579896554676651,0.0611686167141704
1.825,0.0583988060585222,0.0617038726295167
1.826,0.0567391678374187,0.0601779320045194
1.827,0.053069534086423,0.0566448946599177
1.828,0.0475199033020041,0.0512299628175466
1.829,0.0402868738153937,0.044125005750814
1.83,0.0316266791758164,0.0355817627216
1.831,0.0218461109846456,0.0259029249928734
1.832,0.0112916506427448,0.0154314128411258
1.833,0.000337195083516878,0.00453822743575912
1.834,-0.0106291887997335,-0.00639069206138255
1.835,-0.0212190114414684,-0.0169681405825639
1.836,-0.0310571231883151,-0.0268193640863352
1.837,-0.0397950041276305,-0.0355953354061784
1.838,-0.0471231105318904,-0.0429851187120623
1.839,-0.0527818406136465,-0.0487268845676866
1.84,-0.0565707311373759,-0.0526171853695022
1.841,-0.0583555588044466,-0.0545181625804244
1.842,-0.058073095223257,-0.0543624304383555
1.843,-0.0557333469562185,-0.0521554631316659
1.844,-0.0514192007836339,-0.047975400874706
1.845,-0.0452834874439145,-0.041970281753174
1.846,-0.0375435677576756,-0.0343527974025442
1.847,-0.0284736323421398,-0.0253927583022124
1.848,-0.018394988131041,-0.015407535606023
1.849,-0.00766467624467385,-0.00475081811205212
1.85,0.00333717661288713,0.00619991733843932
1.851,0.0142208242661495,0.017056778165551
1.852,0.0246007079202781,0.0274351973382523
1.853,0.0341091150977874,0.0369675568529103
1.854,0.0424092055359655,0.0453162107843249
1.855,0.0492069442331741,0.0521854465611909
1.856,0.0542615180207292,0.0573319607318321
1.857,0.0573938658806353,0.0605734781109594
1.858,0.0584930226680573,0.0617952089698575
1.859,0.0575200501900037,0.0609539155207827
1.86,0.0545094163820614,0.0580794436382967
1.861,0.0495677743249395,0.053273665555506
1.862,0.0428701840508737,0.0467068709906718
1.863,0.0346539109350084,0.0386117345502845
1.864,0.0252100204615435,0.0292750731163143
1.865,0.0148730670562,0.0190276852162643
1.866,0.00400924233345391,0.00823263232136997
1.867,-0.00699659730594873,-0.00272762278623574
1.868,-0.0177545646665402,-0.013464764947659
1.869,-0.0278835534796284,-0.0235983828849548
1.87,-0.037024739239942,-0.0327694454601349
1.871,-0.0448542910043,-0.0406530205322798
1.872,-0.0510948430954503,-0.0469697858408969
1.873,-0.0555253208161164,-0.0514959241367331
1.874,-0.0579887723962409,-0.0540710520200774
1.875,-0.0583979289111266,-0.0546039016034773
1.876,-0.0567382957199109,-0.0530755537231035
1.877,-0.0530686663045078,-0.0495401081606045
1.878,-0.0475190391755089,-0.0441227671324694
1.879,-0.0402860125859575,-0.0370153999402029
1.88,-0.0316258202204307,-0.0284697459057533
1.881,-0.0218452537633174,-0.0187884963815572
1.882,-0.0112907946726803,-0.0083145717594047
1.883,-0.000336339998287368,0.00258102665459947
1.884,0.0106300431317838,0.0135123595456142
1.885,0.021219865151952,0.0240922216822241
1.886,0.0310579762673807,0.0339458588545189
1.887,0.039795856303188,0.0427242437287239
1.888,0.0471239615300655,0.0501164403146139
1.889,0.0527826901151841,0.0558606190282801
1.89,0.0565715786218785,0.0597533321361489
1.891,0.0583564037491623,0.0616567209930026
1.892,0.0580739370915315,0.0615033997539784
1.893,0.0557341850286597,0.0592988425525867
1.894,0.0514200344101079,0.055121189577741
1.895,0.0452843161276267,0.0491184789195859
1.896,0.0375443909072091,0.0415034022473303
1.897,0.0284744493803054,0.0325457701017803
1.898,0.0183957987274499,0.0225629537233013
1.899,0.00766548002890602,0.0119086420181934
1.9,-0.00333637983669439,0.000960311953523009
1.901,-0.0142200346286606,-0.00989414375210207
1.902,-0.0245999254906369,-0.0202701579211089
1.903,-0.0341083396305061,-0.0298001124007527
1.904,-0.0424084368881323,-0.0381463611194281
1.905,-0.0492061820791172,-0.0450131913672407
1.906,-0.0542607619155024,-0.0501572995664981
1.907,-0.0573931153470445,-0.0533964104227142
1.908,-0.0584922771974126,-0.0546157341183891
1.909,-0.0575193092526169,-0.0537720328002332
1.91,-0.0545086792950494,-0.050895152302469
1.911,-0.0495670406444431,-0.0460869648441204
1.912,-0.042869453055831,-0.0395177601557363
1.913,-0.0346531822000517,-0.0314202128816541
1.914,-0.0252092935018072,-0.022081139965551
1.915,-0.0148723414147331,-0.011831340017984
1.916,-0.00400851796099257,-0.00103387461136308
1.917,0.00699732101867669,0.0099287933566987
1.918,0.017755287369382,0.0206683486017859
1.919,0.0278842755432936,0.0308043797149465
1.92,0.0370254603916504,0.039977855426379
1.921,0.0448550109144838,0.0478638434671849
1.922,0.0510955620843784,0.0541830214571651
1.923,0.0555260373773018,0.0587115720397154
1.924,0.0579894876930779,0.0612891117237184
1.925,0.0583986410502055,0.0618243725492343
1.926,0.056739004927998,0.0602984353011347
1.927,0.0530693725726916,0.0567653997324479
1.928,0.0475197400328874,0.0513504680543948
1.929,0.0402867110491954,0.0442455095864073
1.93,0.0316265115428322,0.0357022636905858
1.931,0.0218459417101934,0.0260234217800056
1.932,0.0112914765589093,0.015551904325153
1.933,0.000337014871268698,0.004658712725857
1.934,-0.0106293703990262,-0.0062702135978084
1.935,-0.0212192041077837,-0.0168476693015516
1.936,-0.0310573140570776,-0.0266989000590218
1.937,-0.0397952057725896,-0.0354748784205845
1.938,-0.0471233137970072,-0.0428646682847994
1.939,-0.0527820443744732,-0.0486064399650297
1.94,-0.0565709479021493,-0.0524967456369486
1.941,-0.0583557604076323,-0.0543977265795799
1.942,-0.0580733183407566,-0.0542419968897381
1.943,-0.0557335508265236,-0.052035030661848
1.944,-0.0514194130607999,-0.0478549680660648
1.945,-0.0452837039289584,-0.0418498471944699
1.946,-0.0375437529574035,-0.0342323597385396
1.947,-0.028473861858325,-0.0252723162805898
1.948,-0.0183951509308098,-0.015287088120019
1.949,-0.00766489251580473,-0.00463036423733743
1.95,0.00333700125552733,0.00632037831381199
1.951,0.0142206670192675,0.0171772467191025
1.952,0.0246004822953485,0.0275556736995992
1.953,0.0341090345245418,0.0370880409991686
1.954,0.0424089476342677,0.0454367024444965
1.955,0.0492068746490321,0.052305945229154
1.956,0.0542613334637263,0.0574524656874473
1.957,0.0573936725881906,0.0606939884483633
1.958,0.0584930298021916,0.0619157236318518
1.959,0.0575196650446699,0.061074433338112
1.96,0.0545095724591441,0.0581999633721697
1.961,0.0495673679645023,0.0533941859420949
1.962,0.0428701770641613,0.0468273907856969
1.963,0.0346538729910487,0.038732252572347
1.964,0.0252094678159746,0.0293955882874231
1.965,0.014873622844229,0.0191481965979482
1.966,0.00400820860729972,0.0083531391457137
1.967,-0.00699591683277353,-0.00260712109245629
1.968,-0.017755201789572,-0.0133442687455778
1.969,-0.0278839143808141,-0.0234778923142115
1.97,-0.0370238063577016,-0.0326489604374342
1.971,-0.0448564715973828,-0.0405325407572971
1.972,-0.0510923940144516,-0.0468493108107202
1.973,-0.055528087855174,-0.0513754531658578
1.974,-0.0579872953865155,-0.0539505842679218
1.975,-0.0583978452148816,-0.054483436105968
1.976,-0.0567413885058847,-0.0529550894281777
1.977,-0.0530631305181767,-0.049419643967604
1.978,-0.0475269652552747,-0.0440023019298583
1.979,-0.0402781878559027,-0.0368949326470982
1.98,-0.0316315734145504,-0.028349275507481
1.981,-0.021845239519143,-0.0186680219656172
1.982,-0.0112833052846366,-0.00819409254670518
1.983,-0.000352731060967552,0.00270151128707266
1.984,0.0106527537261035,0.0136328500398845
1.985,0.0211953913748643,0.0242127182929558
1.986,0.0310757548027771,0.0340663616364031
1.987,0.0397930010647674,0.0428447525408495
1.988,0.0471043317143151,0.0502369548294272
1.989,0.0528263919168377,0.0559811387379412
1.99,0.0565086860526355,0.0598738563865565
1.991,0.0584274889369596,0.0617772489973823
1.992,0.0580098332259761,0.0616239306444891
1.993,0.0557719580094978,0.0594193754019725
1.994,0.051449837813161,0.0552417234870492
1.995,0.0451345075483981,0.0492390130877282
1.996,0.0377259370134688,0.0416239357662418
1.997,0.0280616905889479,0.0326663012367636
1.998,0.018654229135227,0.0226834778778395
1.999,0.00741154646319712,0.0120291486768927
