0.00018165664003758,0.000184576024668707,1.402609248405e-05,1.37706147916151e-05,1.3006217823673e-05,1.33609689684359e-05,2.8470577570596e-07,2.88864793962559e-07
1.69997653894883e-05,1.89136294266657e-05,5.42259996714004e-06,5.10169089103147e-06,7.0170377747453e-07,6.61030809083972e-07,6.65958128013288e-08,6.77619007751125e-08
1.14279428009722e-05,1.37091390835371e-05,3.46413650910449e-06,3.27728889181105e-06,4.77802445185842e-07,4.46102710003573e-07,4.51610185695648e-08,4.5767900516522e-08
6.12259100576648e-06,8.14227997389424e-06,1.69187828200442e-06,1.50358583133345e-06,2.28566541821945e-07,2.23085589463316e-07,NaN,NaN
4.9155446431393e-06,6.67785301854907e-06,1.00258015461222e-06,8.1271652358048e-07,1.65398007311781e-07,1.62816264958026e-07,NaN,NaN
4.61012385933317e-06,6.31865873456114e-06,9.68892872883706e-07,7.71406879752386e-07,1.44141746613992e-07,1.4146730444782e-07,NaN,NaN
2.98099719163196e-06,4.17735197984959e-06,9.0545724375739e-07,7.23186794356221e-07,1.1137697844188e-07,1.05622620001004e-07,NaN,NaN
2.74654072514224e-06,3.92879474821135e-06,6.85904388187409e-07,5.72058483052699e-07,9.03000105858186e-08,8.29268710009666e-08,NaN,NaN
2.65114267225909e-06,3.79336218595203e-06,5.75284562093005e-07,4.82255762000059e-07,8.03931997852626e-08,7.33582733151044e-08,NaN,NaN
1.54045544597303e-06,2.14521313202036e-06,5.08370497664793e-07,4.17959659477328e-07,5.62684737244236e-08,5.03755782191702e-08,NaN,NaN
1.36880784636512e-06,1.9545478722773e-06,4.52636590498767e-07,3.80941211182109e-07,5.4136381758777e-08,4.87882418115004e-08,NaN,NaN
1.00702764283139e-06,1.48098696707086e-06,3.81113569505596e-07,3.19451209269936e-07,5.11387606203845e-08,4.60289986521585e-08,NaN,NaN
6.32408705670397e-07,1.02353929776476e-06,2.86198068884626e-07,2.44503623410082e-07,4.70816366857681e-08,4.31514568433834e-08,NaN,NaN
6.03290840124458e-07,1.00770513692033e-06,2.60222673919501e-07,2.21170401546038e-07,4.37827141095767e-08,3.95288331490033e-08,NaN,NaN
5.17961618117561e-07,9.10341872382607e-07,2.35980189893412e-07,2.0849499208701e-07,4.00611790149881e-08,3.6440158118766e-08,NaN,NaN
5.00147627506525e-07,8.72732735525971e-07,1.57388211495607e-07,1.48290678069338e-07,3.4478216752194e-08,3.03741699298394e-08,NaN,NaN
4.89864751756359e-07,8.58606939065378e-07,1.41077003356647e-07,1.33165113089362e-07,3.24162461115079e-08,2.87976675916512e-08,NaN,NaN
4.53361929496882e-07,7.8359896519433e-07,1.1317533956196e-07,1.09921394508323e-07,NaN,NaN,NaN,NaN
4.37355467222962e-07,7.32504273692675e-07,8.03717689405758e-08,8.10213494974494e-08,NaN,NaN,NaN,NaN
3.54192205166353e-07,5.22609445032568e-07,7.48678520444519e-08,7.53789225736721e-08,NaN,NaN,NaN,NaN
3.12777949938489e-07,4.3761568590539e-07,5.26587647999975e-08,5.42464908276317e-08,NaN,NaN,NaN,NaN
2.98984638577804e-07,4.04156241824982e-07,NaN,NaN,NaN,NaN,NaN,NaN
1.59862632119049e-07,1.79516338604451e-07,NaN,NaN,NaN,NaN,NaN,NaN
1.47638153106915e-07,1.6511456146484e-07,NaN,NaN,NaN,NaN,NaN,NaN
1.4250397215468e-07,1.59683582964347e-07,NaN,NaN,NaN,NaN,NaN,NaN
1.33386319851941e-07,1.48725423326175e-07,NaN,NaN,NaN,NaN,NaN,NaN
1.28365778211695e-07,1.42554908247624e-07,NaN,NaN,NaN,NaN,NaN,NaN
1.24368078791683e-07,1.37786363166465e-07,NaN,NaN,NaN,NaN,NaN,NaN
1.23066821043811e-07,1.36257029296843e-07,NaN,NaN,NaN,NaN,NaN,NaN
1.20651151701132e-07,1.32779671004957e-07,NaN,NaN,NaN,NaN,NaN,NaN
1.19320102312492e-07,1.30878569507928e-07,NaN,NaN,NaN,NaN,NaN,NaN
1.16958944806958e-07,1.28255805454294e-07,NaN,NaN,NaN,NaN,NaN,NaN
1.08801683139514e-07,1.19070839585514e-07,NaN,NaN,NaN,NaN,NaN,NaN
1.02949274696277e-07,1.12456779345329e-07,NaN,NaN,NaN,NaN,NaN,NaN
9.41442317259231e-08,1.043294794046e-07,NaN,NaN,NaN,NaN,NaN,NaN
8.78460262805432e-08,1.00362675182053e-07,NaN,NaN,NaN,NaN,NaN,NaN
7.63667064022959e-08,9.10543746913408e-08,NaN,NaN,NaN,NaN,NaN,NaN
7.44262900324773e-08,8.89367467575211e-08,NaN,NaN,NaN,NaN,NaN,NaN
7.31131431244402e-08,8.85804005758092e-08,NaN,NaN,NaN,NaN,NaN,NaN
6.98892027014845e-08,8.71820333632197e-08,NaN,NaN,NaN,NaN,NaN,NaN
6.70048401336652e-08,8.41192714087216e-08,NaN,NaN,NaN,NaN,NaN,NaN
6.47034161904577e-08,8.20093615964745e-08,NaN,NaN,NaN,NaN,NaN,NaN
6.39070798028775e-08,8.1902702060843e-08,NaN,NaN,NaN,NaN,NaN,NaN
6.03980379926231e-08,7.70875990734457e-08,NaN,NaN,NaN,NaN,NaN,NaN
5.72433447052052e-08,7.1615263947605e-08,NaN,NaN,NaN,NaN,NaN,NaN
5.34200254369871e-08,6.77144980270018e-08,NaN,NaN,NaN,NaN,NaN,NaN
4.88172604166514e-08,6.22946089156111e-08,NaN,NaN,NaN,NaN,NaN,NaN
4.63939365258047e-08,5.80776917988754e-08,NaN,NaN,NaN,NaN,NaN,NaN
4.4466769759757e-08,5.54123201146179e-08,NaN,NaN,NaN,NaN,NaN,NaN
4.36838382523303e-08,5.48782486969899e-08,NaN,NaN,NaN,NaN,NaN,NaN
4.24370996138825e-08,5.27749189222005e-08,NaN,NaN,NaN,NaN,NaN,NaN
4.21885998780934e-08,5.21731279123267e-08,NaN,NaN,NaN,NaN,NaN,NaN
4.19376076474341e-08,5.20835024883095e-08,NaN,NaN,NaN,NaN,NaN,NaN
4.11786262463857e-08,5.13996389722196e-08,NaN,NaN,NaN,NaN,NaN,NaN
4.04381504607611e-08,5.00504217109472e-08,NaN,NaN,NaN,NaN,NaN,NaN
3.96378721351742e-08,4.91562720594525e-08,NaN,NaN,NaN,NaN,NaN,NaN
3.90878777417931e-08,4.9043302813624e-08,NaN,NaN,NaN,NaN,NaN,NaN
3.692000724116e-08,4.69685237025897e-08,NaN,NaN,NaN,NaN,NaN,NaN
3.57378227280111e-08,4.55786570141673e-08,NaN,NaN,NaN,NaN,NaN,NaN
3.43723351478718e-08,4.49406562818338e-08,NaN,NaN,NaN,NaN,NaN,NaN
3.27828185427974e-08,4.40112122983663e-08,NaN,NaN,NaN,NaN,NaN,NaN
3.20545220002949e-08,4.31314673404545e-08,NaN,NaN,NaN,NaN,NaN,NaN
3.11979324197987e-08,4.23528624302992e-08,NaN,NaN,NaN,NaN,NaN,NaN
3.06274684783304e-08,4.21745751266115e-08,NaN,NaN,NaN,NaN,NaN,NaN
2.98495474843453e-08,4.1346709788297e-08,NaN,NaN,NaN,NaN,NaN,NaN
